student_id,school_type,school_location,gender,parent_education,internet_access,extracurricular_activities,tutoring_sessions,study_hours_per_week,attendance_rate_pct,previous_gpa,sleep_hours_per_night,physical_activity_hours,final_exam_score,pass_fail,letter_grade
STU-2026-10001,Public,Urban,Male,Bachelors,Yes,No,Yes,14.9,67.9,1.95,7.4,3.6,49.9,Fail,F
STU-2026-10002,Public,Urban,Male,Some College,Yes,Yes,No,18.8,92.1,2.59,5.8,11.0,60.3,Pass,D
STU-2026-10003,Charter,Suburban,Male,High School,Yes,Yes,No,31.2,74.0,2.55,7.0,6.5,57.1,Fail,F
STU-2026-10004,Public,Suburban,Male,Some College,Yes,Yes,Yes,29.4,80.6,2.91,7.3,2.7,78.6,Pass,C
STU-2026-10005,Public,Rural,Female,Masters,Yes,No,No,13.9,84.7,3.56,7.3,10.9,71.5,Pass,C
STU-2026-10006,Charter,Rural,Female,Bachelors,Yes,No,Yes,20.6,91.9,2.42,7.1,12.8,70.8,Pass,C
STU-2026-10007,Public,Suburban,Female,Bachelors,Yes,Yes,Yes,29.9,81.0,1.94,8.9,10.9,66.4,Pass,D
STU-2026-10008,Charter,Suburban,Male,Bachelors,Yes,No,Yes,23.8,81.9,2.48,4.7,3.7,66.3,Pass,D
STU-2026-10009,Public,Suburban,Male,Some College,Yes,No,No,23.3,75.7,1.85,9.2,1.4,48.5,Fail,F
STU-2026-10010,Private,Urban,Male,Bachelors,No,No,No,10.5,64.2,3.65,9.3,3.0,68.6,Pass,D
STU-2026-10011,Public,Rural,Male,Masters,No,No,No,7.0,89.9,3.84,6.6,14.4,64.6,Pass,D
STU-2026-10012,Public,Suburban,Male,Doctorate,Yes,Yes,No,26.8,82.3,2.03,9.1,9.8,64.1,Pass,D
STU-2026-10013,Public,Rural,Female,High School,No,Yes,No,32.0,87.3,2.91,5.5,1.3,73.6,Pass,C
STU-2026-10014,Private,Urban,Female,Bachelors,No,Yes,Yes,12.5,62.8,2.7,8.6,14.4,60.5,Pass,D
STU-2026-10015,Public,Rural,Female,Some College,No,No,No,14.3,75.0,2.18,4.5,5.8,52.4,Fail,F
STU-2026-10016,Public,Urban,Male,Masters,Yes,Yes,No,30.1,98.9,3.21,5.4,5.7,81.2,Pass,B
STU-2026-10017,Public,Urban,Female,Bachelors,Yes,No,No,11.2,99.7,2.18,6.2,7.7,59.6,Fail,F
STU-2026-10018,Public,Urban,Male,Some College,Yes,Yes,Yes,19.6,85.4,3.97,7.0,11.7,79.2,Pass,C
STU-2026-10019,Private,Suburban,Male,Doctorate,Yes,No,No,7.0,87.7,3.88,9.4,0.9,71.3,Pass,C
STU-2026-10020,Charter,Urban,Female,Bachelors,Yes,No,No,4.3,85.7,3.15,9.0,7.8,57.2,Fail,F
STU-2026-10021,Public,Urban,Female,Bachelors,Yes,Yes,No,3.5,78.7,3.46,8.6,14.2,53.3,Fail,F
STU-2026-10022,Public,Suburban,Male,Some College,Yes,No,No,31.6,92.3,2.49,5.6,5.8,70.7,Pass,C
STU-2026-10023,Public,Suburban,Female,Some College,Yes,No,Yes,22.7,73.3,3.21,8.0,9.0,74.0,Pass,C
STU-2026-10024,Private,Urban,Male,High School,Yes,Yes,No,7.0,98.3,3.56,6.7,10.6,68.4,Pass,D
STU-2026-10025,Public,Suburban,Male,Masters,Yes,Yes,No,8.2,78.3,2.61,5.0,7.7,58.9,Fail,F
STU-2026-10026,Charter,Rural,Male,Bachelors,Yes,Yes,No,5.7,99.6,3.59,5.3,0.8,65.7,Pass,D
STU-2026-10027,Public,Urban,Female,Bachelors,No,Yes,Yes,33.1,86.0,2.76,6.9,12.3,72.0,Pass,C
STU-2026-10028,Public,Suburban,Female,Some College,Yes,Yes,No,25.8,67.9,3.78,9.3,10.7,75.9,Pass,C
STU-2026-10029,Public,Rural,Female,Doctorate,Yes,No,Yes,30.7,96.8,3.38,7.9,2.6,98.7,Pass,A
STU-2026-10030,Private,Suburban,Female,High School,Yes,Yes,No,19.5,73.5,2.25,8.1,2.4,49.5,Fail,F
STU-2026-10031,Private,Suburban,Male,High School,Yes,No,No,7.1,64.5,2.58,5.2,11.1,49.9,Fail,F
STU-2026-10032,Private,Suburban,Female,Some College,Yes,Yes,Yes,18.7,99.3,3.04,4.9,9.8,79.7,Pass,C
STU-2026-10033,Public,Suburban,Female,Some College,Yes,No,Yes,12.4,83.4,3.2,5.2,12.2,67.2,Pass,D
STU-2026-10034,Public,Rural,Female,Some College,Yes,No,No,6.9,67.8,3.69,6.3,6.0,63.1,Pass,D
STU-2026-10035,Public,Urban,Male,Bachelors,Yes,No,No,33.3,79.3,2.5,5.5,9.9,62.9,Pass,D
STU-2026-10036,Public,Urban,Male,Bachelors,Yes,Yes,No,29.7,76.1,2.6,7.4,4.4,61.1,Pass,D
STU-2026-10037,Public,Suburban,Female,Doctorate,Yes,No,No,24.2,67.0,2.59,9.3,14.3,64.6,Pass,D
STU-2026-10038,Public,Suburban,Female,High School,Yes,No,No,17.1,61.0,1.89,6.5,9.5,46.6,Fail,F
STU-2026-10039,Public,Urban,Male,Bachelors,Yes,Yes,No,5.1,88.7,2.76,5.7,3.9,59.5,Fail,F
STU-2026-10040,Public,Rural,Female,Some College,No,No,Yes,14.8,86.1,3.84,5.4,1.7,71.9,Pass,C
STU-2026-10041,Charter,Suburban,Female,Bachelors,Yes,No,Yes,12.0,62.7,3.21,4.9,5.6,64.6,Pass,D
STU-2026-10042,Public,Suburban,Male,High School,Yes,No,Yes,22.4,75.8,1.77,5.5,6.2,58.5,Fail,F
STU-2026-10043,Public,Urban,Female,Bachelors,Yes,Yes,No,12.0,90.6,1.91,6.7,8.0,55.7,Fail,F
STU-2026-10044,Public,Suburban,Female,Bachelors,Yes,No,No,17.4,90.8,1.78,6.5,10.8,53.0,Fail,F
STU-2026-10045,Public,Urban,Male,Some College,Yes,No,Yes,16.4,64.2,2.64,7.0,7.9,55.1,Fail,F
STU-2026-10046,Public,Urban,Male,Some College,Yes,No,Yes,22.2,97.0,2.64,8.8,0.2,68.5,Pass,D
STU-2026-10047,Private,Urban,Female,Some College,Yes,Yes,No,32.8,92.3,2.16,6.1,11.2,66.5,Pass,D
STU-2026-10048,Private,Suburban,Male,High School,No,Yes,Yes,13.4,74.3,2.72,7.0,4.9,58.9,Fail,F
STU-2026-10049,Private,Suburban,Male,Bachelors,Yes,Yes,No,23.2,70.1,1.53,6.6,8.1,55.4,Fail,F
STU-2026-10050,Public,Rural,Female,Some College,Yes,Yes,No,19.9,89.6,2.66,5.8,5.6,55.0,Fail,F
STU-2026-10051,Public,Urban,Male,Doctorate,Yes,No,Yes,9.7,97.6,1.76,7.8,5.0,59.3,Fail,F
STU-2026-10052,Charter,Urban,Male,Some College,Yes,Yes,No,5.9,93.8,2.15,4.6,8.4,50.9,Fail,F
STU-2026-10053,Public,Urban,Female,Masters,Yes,No,No,14.8,72.3,1.76,7.8,1.4,49.6,Fail,F
STU-2026-10054,Public,Urban,Female,High School,Yes,Yes,No,9.3,75.0,1.66,5.0,10.2,44.2,Fail,F
STU-2026-10055,Public,Suburban,Female,Bachelors,Yes,No,No,28.1,66.8,3.15,9.3,7.9,72.1,Pass,C
STU-2026-10056,Private,Urban,Male,Bachelors,Yes,Yes,No,17.1,82.4,3.19,9.3,12.9,59.7,Fail,F
STU-2026-10057,Charter,Urban,Male,Some College,Yes,Yes,Yes,3.9,64.5,3.25,7.3,11.2,55.9,Fail,F
STU-2026-10058,Public,Urban,Male,Some College,Yes,Yes,No,10.9,97.5,2.96,9.0,1.5,70.3,Pass,C
STU-2026-10059,Public,Urban,Male,Bachelors,Yes,No,No,34.2,70.1,3.68,8.3,13.7,80.0,Pass,B
STU-2026-10060,Private,Urban,Female,Some College,Yes,No,Yes,12.0,70.2,2.55,9.1,4.5,60.5,Pass,D
STU-2026-10061,Private,Rural,Female,High School,Yes,No,Yes,25.7,83.5,1.64,4.9,0.7,54.0,Fail,F
STU-2026-10062,Public,Suburban,Male,Some College,Yes,Yes,No,23.2,87.6,3.1,6.8,4.7,64.2,Pass,D
STU-2026-10063,Public,Urban,Male,Some College,Yes,No,Yes,23.3,89.5,3.95,7.0,3.9,80.9,Pass,B
STU-2026-10064,Public,Urban,Male,High School,Yes,No,Yes,33.7,84.5,1.97,5.2,10.4,65.5,Pass,D
STU-2026-10065,Charter,Urban,Male,Some College,Yes,No,No,3.6,88.3,1.83,7.3,3.4,46.4,Fail,F
STU-2026-10066,Private,Suburban,Female,Masters,Yes,Yes,No,9.5,81.3,1.84,7.1,4.5,52.8,Fail,F
STU-2026-10067,Public,Suburban,Female,High School,Yes,Yes,No,21.6,90.8,3.64,8.0,9.3,60.9,Pass,D
STU-2026-10068,Charter,Suburban,Female,Bachelors,Yes,Yes,No,33.3,90.0,3.19,8.2,6.3,86.0,Pass,B
STU-2026-10069,Public,Urban,Male,High School,No,Yes,Yes,3.1,97.5,3.26,7.1,14.5,61.4,Pass,D
STU-2026-10070,Public,Urban,Male,High School,Yes,Yes,No,29.2,79.7,3.89,6.1,12.8,76.9,Pass,C
STU-2026-10071,Public,Suburban,Male,Some College,Yes,Yes,Yes,21.8,62.4,2.94,6.8,7.5,67.1,Pass,D
STU-2026-10072,Public,Urban,Female,High School,Yes,Yes,No,5.3,63.3,1.53,7.4,11.2,36.9,Fail,F
STU-2026-10073,Public,Suburban,Female,High School,Yes,No,No,10.1,97.8,3.34,5.6,1.0,61.6,Pass,D
STU-2026-10074,Public,Urban,Female,High School,Yes,Yes,No,9.2,63.2,2.56,7.2,9.4,49.2,Fail,F
STU-2026-10075,Public,Urban,Male,Some College,Yes,No,No,8.2,89.6,3.4,8.1,0.5,58.8,Fail,F
STU-2026-10076,Private,Urban,Male,High School,Yes,No,Yes,11.1,60.0,3.47,7.9,10.1,61.2,Pass,D
STU-2026-10077,Public,Suburban,Male,Masters,Yes,No,Yes,34.8,75.2,2.37,7.3,1.2,72.2,Pass,C
STU-2026-10078,Public,Urban,Female,Some College,Yes,Yes,No,27.5,62.7,3.15,8.0,2.5,61.0,Pass,D
STU-2026-10079,Private,Rural,Female,Bachelors,Yes,Yes,Yes,25.6,98.5,3.63,9.0,2.8,80.8,Pass,B
STU-2026-10080,Private,Urban,Female,High School,Yes,No,No,10.7,77.3,1.85,5.4,14.1,37.2,Fail,F
STU-2026-10081,Public,Suburban,Male,Masters,Yes,Yes,Yes,34.5,98.0,2.27,6.4,8.2,77.2,Pass,C
STU-2026-10082,Private,Suburban,Male,High School,Yes,Yes,Yes,28.3,83.3,3.95,6.5,7.0,85.0,Pass,B
STU-2026-10083,Private,Suburban,Female,Bachelors,Yes,Yes,No,9.2,68.4,1.96,8.1,6.7,46.1,Fail,F
STU-2026-10084,Charter,Urban,Male,Bachelors,Yes,Yes,No,19.1,78.8,1.99,8.0,0.0,54.6,Fail,F
STU-2026-10085,Public,Suburban,Male,Masters,Yes,No,No,9.3,65.0,3.68,8.3,0.3,61.0,Pass,D
STU-2026-10086,Public,Urban,Female,Masters,Yes,No,No,22.1,75.6,3.09,9.4,6.9,62.8,Pass,D
STU-2026-10087,Public,Urban,Female,Bachelors,No,Yes,No,18.6,68.3,1.84,9.3,6.2,50.8,Fail,F
STU-2026-10088,Private,Suburban,Female,Bachelors,No,Yes,No,30.9,71.5,2.14,6.2,13.3,54.7,Fail,F
STU-2026-10089,Private,Rural,Male,Masters,Yes,Yes,No,3.3,85.6,2.82,7.6,12.5,61.7,Pass,D
STU-2026-10090,Public,Urban,Female,Some College,Yes,No,Yes,5.9,71.8,1.95,4.6,4.3,49.8,Fail,F
STU-2026-10091,Public,Urban,Female,Bachelors,Yes,Yes,No,20.1,60.3,2.89,8.6,3.6,57.3,Fail,F
STU-2026-10092,Charter,Urban,Female,Some College,Yes,Yes,No,25.8,75.6,3.07,5.8,10.7,65.5,Pass,D
STU-2026-10093,Private,Urban,Female,Some College,Yes,Yes,Yes,7.1,63.2,2.53,8.4,10.7,55.2,Fail,F
STU-2026-10094,Public,Urban,Female,Some College,Yes,No,No,15.4,78.7,1.53,8.9,10.0,36.1,Fail,F
STU-2026-10095,Private,Suburban,Female,Bachelors,Yes,No,No,6.8,97.4,1.86,9.4,13.5,51.1,Fail,F
STU-2026-10096,Charter,Urban,Male,Some College,Yes,No,No,13.8,67.1,1.62,5.8,5.5,37.2,Fail,F
STU-2026-10097,Charter,Rural,Female,Bachelors,Yes,No,No,8.8,65.1,2.02,7.7,0.8,47.0,Fail,F
STU-2026-10098,Private,Urban,Male,Some College,Yes,No,Yes,13.1,66.8,3.27,9.0,4.3,60.2,Pass,D
STU-2026-10099,Private,Suburban,Male,Some College,Yes,Yes,No,14.5,89.0,2.09,7.1,13.9,53.3,Fail,F
STU-2026-10100,Public,Rural,Female,Bachelors,Yes,Yes,No,12.0,77.0,2.47,4.8,7.2,58.1,Fail,F
STU-2026-10101,Charter,Urban,Male,Some College,Yes,Yes,No,3.7,93.9,1.66,4.5,6.5,48.0,Fail,F
STU-2026-10102,Public,Urban,Male,Bachelors,Yes,No,Yes,11.0,68.9,3.96,7.3,1.8,71.7,Pass,C
STU-2026-10103,Charter,Urban,Female,Masters,Yes,No,Yes,23.0,65.4,2.25,9.3,5.4,65.8,Pass,D
STU-2026-10104,Public,Suburban,Female,Bachelors,Yes,Yes,Yes,14.6,64.3,2.35,5.7,12.2,60.6,Pass,D
STU-2026-10105,Public,Suburban,Male,High School,Yes,Yes,Yes,33.2,93.7,2.9,9.1,7.4,75.4,Pass,C
STU-2026-10106,Private,Suburban,Female,High School,No,No,Yes,14.9,60.1,3.96,5.7,11.8,62.8,Pass,D
STU-2026-10107,Private,Urban,Male,Some College,No,No,No,29.0,78.4,3.13,4.8,0.4,68.4,Pass,D
STU-2026-10108,Private,Rural,Male,High School,No,Yes,No,21.5,80.3,2.31,8.1,1.2,58.6,Fail,F
STU-2026-10109,Public,Urban,Female,Some College,Yes,No,Yes,25.5,74.8,2.34,6.0,10.0,61.0,Pass,D
STU-2026-10110,Public,Urban,Female,High School,No,No,No,5.8,77.3,2.69,4.5,11.2,44.1,Fail,F
STU-2026-10111,Charter,Suburban,Female,Bachelors,Yes,Yes,No,19.6,75.2,3.39,7.7,10.2,65.2,Pass,D
STU-2026-10112,Private,Urban,Male,Masters,Yes,No,No,27.4,63.3,3.62,5.8,2.6,67.3,Pass,D
STU-2026-10113,Public,Rural,Female,Bachelors,Yes,No,Yes,4.8,68.9,2.41,7.4,12.2,56.1,Fail,F
STU-2026-10114,Private,Urban,Male,High School,No,Yes,Yes,25.0,94.7,3.02,6.8,10.5,67.7,Pass,D
STU-2026-10115,Charter,Urban,Male,Some College,Yes,Yes,No,21.1,65.7,1.53,5.1,7.8,48.7,Fail,F
STU-2026-10116,Public,Suburban,Female,Bachelors,Yes,No,No,32.0,89.8,3.97,8.0,10.7,84.0,Pass,B
STU-2026-10117,Public,Suburban,Male,High School,Yes,Yes,No,7.4,93.4,2.88,9.4,6.8,54.9,Fail,F
STU-2026-10118,Public,Suburban,Female,Bachelors,No,No,Yes,29.9,85.1,1.63,8.4,8.8,61.5,Pass,D
STU-2026-10119,Charter,Urban,Male,Bachelors,Yes,Yes,Yes,4.3,75.0,2.22,8.6,8.6,49.3,Fail,F
STU-2026-10120,Private,Urban,Male,Bachelors,Yes,No,No,21.9,78.7,2.45,5.9,2.1,63.9,Pass,D
STU-2026-10121,Private,Suburban,Male,Some College,Yes,Yes,Yes,31.4,86.7,1.62,6.3,13.7,65.5,Pass,D
STU-2026-10122,Public,Urban,Female,High School,Yes,Yes,Yes,3.4,61.4,2.2,9.3,8.7,44.0,Fail,F
STU-2026-10123,Public,Suburban,Male,Bachelors,Yes,Yes,No,5.1,73.7,3.22,6.2,2.3,57.1,Fail,F
STU-2026-10124,Charter,Urban,Female,Some College,Yes,Yes,No,27.8,84.5,2.97,8.9,14.5,60.4,Pass,D
STU-2026-10125,Private,Urban,Female,Masters,Yes,Yes,Yes,2.9,72.2,3.47,9.1,0.1,66.0,Pass,D
STU-2026-10126,Private,Rural,Female,Some College,Yes,Yes,No,6.5,63.8,2.25,5.8,14.4,43.0,Fail,F
STU-2026-10127,Public,Suburban,Male,Bachelors,Yes,Yes,No,28.6,69.9,1.67,6.5,5.5,57.1,Fail,F
STU-2026-10128,Public,Suburban,Male,Some College,Yes,Yes,No,5.0,90.2,2.8,5.7,4.3,54.2,Fail,F
STU-2026-10129,Public,Suburban,Male,Some College,Yes,No,Yes,11.6,93.7,1.58,9.2,2.7,47.4,Fail,F
STU-2026-10130,Charter,Rural,Female,Bachelors,Yes,No,Yes,19.8,62.6,2.11,8.4,2.4,61.7,Pass,D
STU-2026-10131,Public,Suburban,Female,Doctorate,No,Yes,No,20.4,91.9,3.2,6.2,2.5,67.4,Pass,D
STU-2026-10132,Public,Urban,Female,Some College,Yes,Yes,No,12.4,76.3,3.69,7.2,7.6,65.2,Pass,D
STU-2026-10133,Private,Urban,Female,Doctorate,Yes,No,No,17.2,67.7,2.75,4.8,10.9,64.1,Pass,D
STU-2026-10134,Private,Suburban,Male,Some College,Yes,No,No,18.2,69.2,3.96,6.8,0.7,67.8,Pass,D
STU-2026-10135,Public,Suburban,Male,Some College,Yes,No,No,14.2,79.5,2.71,8.2,7.7,62.6,Pass,D
STU-2026-10136,Public,Rural,Female,Doctorate,Yes,No,No,10.0,87.1,1.77,4.8,5.3,51.6,Fail,F
STU-2026-10137,Private,Urban,Male,Bachelors,Yes,Yes,No,20.2,83.0,1.79,5.7,12.8,54.6,Fail,F
STU-2026-10138,Public,Urban,Male,Bachelors,Yes,Yes,No,7.7,79.8,1.52,6.2,10.6,39.8,Fail,F
STU-2026-10139,Public,Urban,Female,Masters,Yes,No,Yes,9.7,63.3,3.74,6.0,0.8,78.3,Pass,C
STU-2026-10140,Public,Suburban,Female,Doctorate,Yes,Yes,No,34.0,93.3,1.92,7.9,6.5,67.6,Pass,D
STU-2026-10141,Private,Urban,Female,Bachelors,Yes,No,No,34.6,61.6,3.88,6.3,15.0,71.1,Pass,C
STU-2026-10142,Public,Suburban,Male,Some College,Yes,No,No,23.2,70.4,2.3,9.1,9.4,57.0,Fail,F
STU-2026-10143,Public,Urban,Male,Doctorate,Yes,Yes,Yes,6.8,89.6,2.17,6.3,11.0,68.9,Pass,D
STU-2026-10144,Public,Urban,Female,Doctorate,Yes,Yes,No,32.1,83.7,3.64,5.9,3.9,81.6,Pass,B
STU-2026-10145,Private,Rural,Male,Doctorate,Yes,No,No,8.1,82.1,2.59,4.6,14.8,60.3,Pass,D
STU-2026-10146,Public,Suburban,Male,Bachelors,Yes,No,No,10.9,99.6,3.36,8.7,1.9,65.2,Pass,D
STU-2026-10147,Public,Suburban,Female,Some College,Yes,Yes,No,33.3,90.1,2.66,5.7,10.5,72.7,Pass,C
STU-2026-10148,Private,Urban,Male,Some College,Yes,No,No,18.0,99.3,3.21,6.6,11.4,72.4,Pass,C
STU-2026-10149,Private,Urban,Male,High School,Yes,Yes,No,25.1,89.8,2.69,5.5,1.5,63.2,Pass,D
STU-2026-10150,Private,Rural,Male,High School,Yes,Yes,Yes,2.5,97.8,2.9,8.2,10.5,66.2,Pass,D
STU-2026-10151,Private,Urban,Male,Masters,Yes,Yes,No,7.2,82.8,1.58,6.8,9.1,43.7,Fail,F
STU-2026-10152,Public,Rural,Male,Some College,Yes,No,Yes,6.5,86.8,2.31,5.1,2.8,53.7,Fail,F
STU-2026-10153,Charter,Rural,Female,Masters,Yes,No,No,25.3,61.7,2.18,8.6,8.0,58.7,Fail,F
STU-2026-10154,Public,Urban,Male,Bachelors,Yes,Yes,Yes,5.9,74.6,3.11,9.2,0.9,63.9,Pass,D
STU-2026-10155,Private,Suburban,Female,High School,Yes,No,Yes,10.3,73.4,3.1,9.0,5.3,58.8,Fail,F
STU-2026-10156,Private,Suburban,Male,High School,Yes,Yes,No,2.4,80.2,2.59,8.9,4.2,53.9,Fail,F
STU-2026-10157,Private,Suburban,Female,Some College,Yes,Yes,Yes,20.9,83.5,3.59,4.8,2.1,74.7,Pass,C
STU-2026-10158,Public,Rural,Male,High School,Yes,No,Yes,10.6,79.2,3.48,9.3,7.5,65.2,Pass,D
STU-2026-10159,Charter,Suburban,Female,High School,Yes,Yes,No,14.6,74.1,3.69,6.9,4.1,59.0,Fail,F
STU-2026-10160,Public,Urban,Male,Some College,Yes,No,No,22.8,94.9,3.12,4.8,10.1,66.3,Pass,D
STU-2026-10161,Public,Suburban,Female,Masters,Yes,No,No,20.7,89.5,3.19,8.1,5.5,63.8,Pass,D
STU-2026-10162,Public,Suburban,Male,Some College,Yes,No,No,16.3,84.8,2.87,7.6,6.5,58.0,Fail,F
STU-2026-10163,Public,Urban,Female,High School,Yes,No,No,14.0,67.1,2.56,5.4,0.7,47.6,Fail,F
STU-2026-10164,Charter,Suburban,Male,Bachelors,No,No,No,22.9,81.9,1.87,7.2,5.8,57.5,Fail,F
STU-2026-10165,Private,Suburban,Female,Bachelors,No,Yes,No,12.0,81.2,2.0,7.0,14.3,52.9,Fail,F
STU-2026-10166,Public,Suburban,Female,Masters,Yes,No,No,29.2,60.5,3.43,7.8,13.5,74.6,Pass,C
STU-2026-10167,Private,Suburban,Female,Some College,Yes,No,No,4.5,73.6,3.34,7.2,14.9,54.0,Fail,F
STU-2026-10168,Public,Rural,Male,Masters,No,No,No,3.0,77.5,2.93,7.2,7.6,50.6,Fail,F
STU-2026-10169,Private,Urban,Male,Bachelors,Yes,Yes,No,16.9,77.3,2.62,8.0,9.2,58.0,Fail,F
STU-2026-10170,Public,Suburban,Male,High School,Yes,No,No,11.1,79.9,2.39,6.9,11.2,45.9,Fail,F
STU-2026-10171,Public,Rural,Female,High School,Yes,No,Yes,17.5,89.7,1.54,5.6,9.8,58.0,Fail,F
STU-2026-10172,Private,Rural,Female,Masters,Yes,Yes,No,17.1,86.2,3.49,4.6,8.7,65.7,Pass,D
STU-2026-10173,Charter,Urban,Female,Bachelors,Yes,No,No,2.8,63.1,3.28,7.3,5.5,59.3,Fail,F
STU-2026-10174,Public,Urban,Female,Bachelors,Yes,Yes,No,33.7,69.8,3.91,9.5,3.3,78.0,Pass,C
STU-2026-10175,Public,Suburban,Male,Doctorate,Yes,No,No,7.4,69.1,2.0,8.4,12.2,48.5,Fail,F
STU-2026-10176,Private,Suburban,Female,High School,Yes,No,No,31.8,97.6,1.53,5.0,11.4,61.0,Pass,D
STU-2026-10177,Private,Suburban,Female,Masters,Yes,Yes,Yes,25.9,80.8,2.37,5.3,7.0,64.8,Pass,D
STU-2026-10178,Private,Suburban,Male,Some College,Yes,No,No,14.2,62.8,2.49,5.7,5.1,47.9,Fail,F
STU-2026-10179,Charter,Urban,Male,Bachelors,No,No,Yes,21.8,60.1,3.89,4.6,7.2,63.9,Pass,D
STU-2026-10180,Public,Rural,Male,Some College,Yes,Yes,No,32.0,80.1,2.64,8.9,1.1,68.8,Pass,D
STU-2026-10181,Public,Suburban,Female,High School,Yes,No,No,2.7,76.5,2.99,4.6,10.5,45.8,Fail,F
STU-2026-10182,Public,Urban,Female,High School,Yes,Yes,No,20.5,65.2,2.26,6.8,11.8,50.9,Fail,F
STU-2026-10183,Public,Suburban,Female,High School,Yes,Yes,Yes,32.6,81.0,3.28,5.2,1.6,76.6,Pass,C
STU-2026-10184,Private,Urban,Female,Bachelors,Yes,No,No,21.4,99.6,1.88,8.6,2.6,55.5,Fail,F
STU-2026-10185,Charter,Suburban,Female,Some College,Yes,Yes,No,19.5,74.8,2.88,6.8,13.1,59.3,Fail,F
STU-2026-10186,Public,Urban,Female,Masters,Yes,Yes,No,23.1,88.4,3.16,4.8,4.0,65.8,Pass,D
STU-2026-10187,Public,Rural,Male,Masters,Yes,No,No,30.1,70.1,1.91,7.5,2.6,67.2,Pass,D
STU-2026-10188,Public,Urban,Female,Bachelors,Yes,No,No,3.9,83.7,2.16,6.0,7.5,45.3,Fail,F
STU-2026-10189,Charter,Suburban,Female,High School,Yes,Yes,Yes,32.6,73.4,1.96,7.2,14.5,66.0,Pass,D
STU-2026-10190,Private,Suburban,Male,Bachelors,Yes,Yes,Yes,33.5,92.2,2.88,5.1,13.4,76.1,Pass,C
STU-2026-10191,Private,Suburban,Male,Masters,Yes,Yes,No,28.6,77.3,2.58,7.0,11.7,61.7,Pass,D
STU-2026-10192,Public,Suburban,Male,High School,Yes,Yes,No,10.6,84.1,3.63,6.2,13.0,66.2,Pass,D
STU-2026-10193,Public,Rural,Male,Masters,Yes,No,No,19.3,73.6,3.16,5.4,12.3,64.4,Pass,D
STU-2026-10194,Public,Suburban,Female,Some College,Yes,Yes,No,8.5,98.1,3.58,9.4,4.1,63.3,Pass,D
STU-2026-10195,Charter,Rural,Male,Bachelors,Yes,Yes,No,7.6,92.0,2.39,7.0,6.5,56.7,Fail,F
STU-2026-10196,Public,Suburban,Female,High School,Yes,Yes,Yes,11.3,78.2,2.01,6.6,0.9,55.0,Fail,F
STU-2026-10197,Public,Urban,Male,Some College,Yes,Yes,Yes,33.6,60.8,3.82,5.1,3.6,70.7,Pass,C
STU-2026-10198,Public,Rural,Male,Some College,Yes,No,No,18.0,69.6,2.38,4.8,5.7,56.6,Fail,F
STU-2026-10199,Public,Suburban,Male,Some College,Yes,Yes,No,24.8,67.6,3.76,9.3,6.6,71.2,Pass,C
STU-2026-10200,Public,Suburban,Female,Some College,Yes,Yes,Yes,21.1,80.0,2.61,4.6,5.5,63.6,Pass,D
STU-2026-10201,Public,Urban,Female,Some College,No,Yes,No,26.2,93.2,3.42,4.7,14.9,72.3,Pass,C
STU-2026-10202,Private,Rural,Female,Some College,Yes,Yes,No,20.6,62.1,2.23,7.0,12.7,50.8,Fail,F
STU-2026-10203,Public,Urban,Male,Some College,Yes,No,No,20.7,75.1,1.54,6.8,6.5,47.0,Fail,F
STU-2026-10204,Public,Urban,Female,Bachelors,Yes,No,Yes,7.2,79.9,2.94,9.4,3.1,64.7,Pass,D
STU-2026-10205,Public,Urban,Female,High School,Yes,Yes,No,18.6,75.2,1.64,5.7,14.7,48.5,Fail,F
STU-2026-10206,Charter,Suburban,Female,Some College,Yes,Yes,Yes,24.0,91.3,1.84,5.7,12.2,62.7,Pass,D
STU-2026-10207,Private,Suburban,Female,Bachelors,Yes,No,No,2.2,91.8,1.93,8.4,5.1,47.5,Fail,F
STU-2026-10208,Public,Urban,Female,High School,Yes,No,No,17.3,81.1,2.52,5.3,10.0,54.1,Fail,F
STU-2026-10209,Private,Suburban,Female,Bachelors,Yes,No,No,15.5,70.8,2.29,6.5,2.3,58.2,Fail,F
STU-2026-10210,Private,Urban,Male,Bachelors,Yes,No,No,32.4,95.4,3.48,8.0,10.9,77.2,Pass,C
STU-2026-10211,Private,Urban,Female,Bachelors,Yes,No,Yes,33.7,79.4,3.64,8.8,13.0,92.4,Pass,A
STU-2026-10212,Public,Suburban,Male,Some College,Yes,Yes,No,33.9,63.7,1.68,6.3,10.9,54.4,Fail,F
STU-2026-10213,Public,Urban,Male,Masters,No,Yes,No,4.5,98.8,2.61,7.5,4.2,58.1,Fail,F
STU-2026-10214,Public,Urban,Male,Masters,No,Yes,No,32.7,63.0,2.39,6.5,14.4,63.8,Pass,D
STU-2026-10215,Public,Suburban,Female,Some College,No,Yes,Yes,23.6,74.6,3.37,5.9,11.5,72.0,Pass,C
STU-2026-10216,Public,Rural,Male,Some College,Yes,Yes,No,33.7,79.0,3.77,5.5,11.8,78.9,Pass,C
STU-2026-10217,Public,Rural,Male,High School,Yes,Yes,Yes,19.4,64.9,2.13,7.1,9.5,49.4,Fail,F
STU-2026-10218,Public,Suburban,Female,Bachelors,Yes,No,No,3.1,67.5,1.64,5.1,2.7,39.1,Fail,F
STU-2026-10219,Public,Suburban,Female,High School,Yes,Yes,No,29.3,95.1,1.76,7.5,10.8,52.6,Fail,F
STU-2026-10220,Public,Urban,Female,Bachelors,Yes,No,No,25.4,75.8,1.57,8.7,8.2,55.5,Fail,F
STU-2026-10221,Public,Urban,Male,Bachelors,Yes,Yes,Yes,4.9,81.7,3.04,4.7,2.0,58.9,Fail,F
STU-2026-10222,Private,Suburban,Female,Masters,Yes,Yes,No,25.2,77.4,2.94,5.8,4.5,75.3,Pass,C
STU-2026-10223,Private,Suburban,Female,Bachelors,Yes,No,No,6.5,63.6,3.54,5.6,14.7,57.9,Fail,F
STU-2026-10224,Private,Suburban,Male,High School,No,Yes,No,8.0,60.9,1.78,6.5,10.1,35.0,Fail,F
STU-2026-10225,Public,Suburban,Male,Bachelors,Yes,No,No,31.1,91.5,2.29,8.7,10.9,65.2,Pass,D
STU-2026-10226,Public,Suburban,Female,High School,Yes,Yes,Yes,22.6,63.7,1.62,8.3,7.4,51.2,Fail,F
STU-2026-10227,Public,Urban,Male,Bachelors,No,No,Yes,33.9,63.5,2.19,6.2,9.6,67.4,Pass,D
STU-2026-10228,Private,Rural,Male,Some College,Yes,No,No,17.4,72.3,3.24,7.0,6.2,59.1,Fail,F
STU-2026-10229,Public,Suburban,Female,Bachelors,Yes,No,No,8.5,87.4,2.0,7.6,14.3,47.2,Fail,F
STU-2026-10230,Public,Urban,Female,Some College,Yes,Yes,Yes,27.3,75.3,2.34,7.7,14.2,65.5,Pass,D
STU-2026-10231,Private,Suburban,Male,Some College,Yes,Yes,No,20.2,93.5,3.5,7.0,13.6,74.0,Pass,C
STU-2026-10232,Public,Suburban,Female,Bachelors,Yes,No,No,31.0,96.2,2.72,6.7,10.0,78.2,Pass,C
STU-2026-10233,Public,Suburban,Female,High School,Yes,Yes,No,2.8,63.9,1.62,6.3,1.4,35.0,Fail,F
STU-2026-10234,Private,Rural,Male,Bachelors,Yes,Yes,No,28.2,89.3,3.27,6.7,0.7,67.9,Pass,D
STU-2026-10235,Public,Suburban,Female,Some College,Yes,Yes,Yes,17.0,88.5,2.04,6.3,12.7,52.3,Fail,F
STU-2026-10236,Public,Urban,Male,Masters,No,Yes,No,4.0,60.9,2.95,6.1,2.1,48.3,Fail,F
STU-2026-10237,Public,Suburban,Female,Bachelors,Yes,No,Yes,2.9,65.0,1.88,5.4,2.0,48.0,Fail,F
STU-2026-10238,Public,Urban,Male,Bachelors,No,Yes,Yes,34.4,65.1,2.64,4.9,13.9,66.6,Pass,D
STU-2026-10239,Public,Urban,Male,Masters,Yes,Yes,No,12.4,99.0,1.99,6.4,1.3,61.3,Pass,D
STU-2026-10240,Private,Suburban,Female,Some College,No,Yes,No,13.7,61.8,3.24,8.4,3.6,52.5,Fail,F
STU-2026-10241,Private,Suburban,Male,Some College,Yes,Yes,Yes,10.4,71.8,2.41,8.6,6.4,51.7,Fail,F
STU-2026-10242,Public,Rural,Female,Bachelors,Yes,Yes,No,24.4,94.2,3.37,4.8,13.5,71.5,Pass,C
STU-2026-10243,Private,Rural,Female,Some College,Yes,Yes,No,24.6,87.5,3.33,8.0,1.3,69.5,Pass,D
STU-2026-10244,Public,Urban,Male,High School,Yes,No,No,29.1,74.3,3.1,4.9,10.3,63.8,Pass,D
STU-2026-10245,Public,Rural,Male,Doctorate,No,No,No,3.4,69.7,2.36,5.5,13.2,42.7,Fail,F
STU-2026-10246,Public,Rural,Female,Bachelors,No,No,No,25.0,74.4,2.5,5.7,4.9,53.0,Fail,F
STU-2026-10247,Public,Urban,Female,Bachelors,Yes,No,Yes,2.5,95.4,2.22,6.2,5.4,57.4,Fail,F
STU-2026-10248,Private,Rural,Male,High School,Yes,No,No,12.5,80.5,3.64,4.6,2.6,63.5,Pass,D
STU-2026-10249,Public,Urban,Male,Some College,Yes,Yes,Yes,5.3,95.7,1.86,5.1,13.0,46.3,Fail,F
STU-2026-10250,Charter,Urban,Female,Bachelors,Yes,No,Yes,26.2,91.1,2.36,8.1,10.7,68.7,Pass,D
STU-2026-10251,Public,Urban,Female,Some College,Yes,Yes,No,15.1,69.9,2.54,6.5,5.8,47.7,Fail,F
STU-2026-10252,Public,Suburban,Female,High School,Yes,No,No,23.9,90.2,2.59,5.7,10.8,62.1,Pass,D
STU-2026-10253,Private,Suburban,Male,Masters,Yes,Yes,Yes,25.2,72.1,2.81,5.8,3.4,72.7,Pass,C
STU-2026-10254,Private,Urban,Female,High School,Yes,Yes,No,8.0,93.8,2.56,7.0,14.1,60.6,Pass,D
STU-2026-10255,Private,Urban,Male,Bachelors,No,Yes,No,7.3,76.3,3.6,6.3,7.4,65.0,Pass,D
STU-2026-10256,Public,Urban,Male,Some College,No,Yes,No,16.7,95.8,3.28,5.6,8.1,65.9,Pass,D
STU-2026-10257,Public,Urban,Female,High School,Yes,Yes,No,9.9,92.7,2.4,4.6,9.0,56.8,Fail,F
STU-2026-10258,Private,Urban,Female,Some College,Yes,No,No,7.5,69.1,1.51,6.8,3.6,37.2,Fail,F
STU-2026-10259,Public,Rural,Female,Some College,Yes,No,Yes,11.9,85.1,2.13,9.3,9.1,55.7,Fail,F
STU-2026-10260,Private,Suburban,Female,Some College,Yes,No,Yes,22.1,74.9,3.97,4.7,10.3,73.5,Pass,C
STU-2026-10261,Public,Rural,Female,High School,Yes,No,No,2.7,84.7,2.61,7.7,4.4,53.5,Fail,F
STU-2026-10262,Charter,Suburban,Female,Some College,Yes,No,Yes,19.1,97.0,3.48,5.9,4.7,72.7,Pass,C
STU-2026-10263,Public,Urban,Female,High School,Yes,Yes,No,16.2,62.7,2.64,6.3,1.6,52.6,Fail,F
STU-2026-10264,Private,Suburban,Female,Masters,Yes,No,Yes,3.4,80.0,2.06,8.5,10.4,51.9,Fail,F
STU-2026-10265,Public,Urban,Female,High School,Yes,No,No,17.5,62.3,3.75,7.8,13.7,66.9,Pass,D
STU-2026-10266,Public,Urban,Male,Some College,Yes,Yes,No,20.4,76.7,3.89,4.7,9.7,63.8,Pass,D
STU-2026-10267,Public,Suburban,Female,Bachelors,Yes,Yes,Yes,15.9,96.5,1.77,9.3,11.3,62.0,Pass,D
STU-2026-10268,Public,Urban,Male,Some College,Yes,Yes,No,11.9,71.6,1.94,5.7,9.7,44.1,Fail,F
STU-2026-10269,Public,Suburban,Male,Bachelors,Yes,Yes,No,16.3,76.4,3.2,7.7,5.7,64.9,Pass,D
STU-2026-10270,Public,Urban,Male,High School,Yes,No,No,13.3,68.2,3.69,4.7,1.4,60.6,Pass,D
STU-2026-10271,Private,Rural,Female,Doctorate,Yes,Yes,Yes,32.9,95.9,1.75,5.2,7.6,70.4,Pass,C
STU-2026-10272,Private,Rural,Female,Masters,Yes,No,No,3.7,83.6,1.63,8.0,9.3,42.4,Fail,F
STU-2026-10273,Public,Rural,Male,Masters,Yes,No,No,26.6,99.4,1.55,6.5,12.3,61.4,Pass,D
STU-2026-10274,Public,Urban,Male,Some College,Yes,No,Yes,3.8,72.0,2.26,8.7,7.2,50.5,Fail,F
STU-2026-10275,Public,Urban,Male,High School,Yes,Yes,Yes,25.4,69.1,1.73,6.4,10.0,58.6,Fail,F
STU-2026-10276,Public,Urban,Female,Some College,Yes,Yes,No,7.3,93.6,1.61,5.7,9.2,49.0,Fail,F
STU-2026-10277,Public,Urban,Male,High School,Yes,Yes,Yes,14.5,67.9,2.83,7.3,2.1,54.6,Fail,F
STU-2026-10278,Charter,Urban,Female,Bachelors,Yes,No,Yes,18.8,63.6,2.99,6.1,3.0,60.0,Pass,D
STU-2026-10279,Public,Urban,Male,High School,Yes,No,Yes,20.3,88.0,2.42,7.7,3.8,55.3,Fail,F
STU-2026-10280,Charter,Urban,Female,Masters,Yes,Yes,No,12.2,68.9,3.84,8.6,12.3,65.2,Pass,D
STU-2026-10281,Public,Urban,Male,Masters,Yes,Yes,No,23.7,96.0,2.71,6.6,0.7,69.1,Pass,D
STU-2026-10282,Public,Suburban,Female,Bachelors,Yes,Yes,No,26.9,88.1,3.9,6.7,0.8,79.5,Pass,C
STU-2026-10283,Public,Suburban,Male,High School,Yes,Yes,No,12.9,68.8,1.91,8.6,8.7,40.7,Fail,F
STU-2026-10284,Public,Rural,Female,Doctorate,Yes,No,No,27.9,80.7,1.62,8.7,9.4,65.3,Pass,D
STU-2026-10285,Charter,Rural,Male,Some College,Yes,Yes,Yes,5.6,73.6,3.67,6.8,8.8,61.9,Pass,D
STU-2026-10286,Public,Rural,Male,Some College,Yes,No,No,28.4,90.0,3.21,7.6,0.1,69.5,Pass,D
STU-2026-10287,Public,Rural,Male,Some College,Yes,No,No,4.9,89.2,2.91,6.7,3.8,53.6,Fail,F
STU-2026-10288,Public,Suburban,Male,Bachelors,Yes,No,Yes,11.2,68.2,3.35,8.6,5.5,70.9,Pass,C
STU-2026-10289,Private,Rural,Female,Masters,Yes,Yes,No,8.8,61.5,2.25,9.2,10.2,54.8,Fail,F
STU-2026-10290,Public,Suburban,Male,Some College,Yes,Yes,No,19.2,86.3,3.15,6.3,14.2,63.7,Pass,D
STU-2026-10291,Public,Suburban,Female,Bachelors,Yes,Yes,No,26.1,66.4,1.69,9.5,9.0,54.8,Fail,F
STU-2026-10292,Public,Suburban,Female,Bachelors,Yes,Yes,Yes,20.9,68.3,3.0,7.5,3.0,63.2,Pass,D
STU-2026-10293,Private,Urban,Female,Bachelors,Yes,Yes,Yes,24.2,72.7,2.81,4.6,2.5,65.9,Pass,D
STU-2026-10294,Private,Rural,Female,Bachelors,Yes,No,No,24.3,84.9,3.99,5.3,2.1,79.7,Pass,C
STU-2026-10295,Public,Urban,Male,Some College,Yes,Yes,No,34.5,70.9,1.89,5.0,1.0,59.2,Fail,F
STU-2026-10296,Charter,Urban,Female,Bachelors,Yes,No,No,4.1,82.9,3.0,8.4,8.6,59.5,Fail,F
STU-2026-10297,Public,Urban,Male,Some College,Yes,No,Yes,15.4,93.2,3.2,8.4,11.7,69.7,Pass,D
STU-2026-10298,Private,Suburban,Female,Masters,Yes,No,Yes,12.7,87.7,3.08,6.2,4.4,76.0,Pass,C
STU-2026-10299,Private,Urban,Male,High School,Yes,No,No,13.2,91.0,1.94,5.7,11.6,50.6,Fail,F
STU-2026-10300,Public,Suburban,Female,Bachelors,Yes,Yes,No,27.4,65.6,1.64,6.7,7.2,58.7,Fail,F
STU-2026-10301,Private,Suburban,Female,Some College,Yes,Yes,No,13.1,76.6,3.82,6.6,13.2,57.6,Fail,F
STU-2026-10302,Private,Urban,Female,Some College,Yes,Yes,No,7.9,61.5,3.04,7.3,6.9,51.5,Fail,F
STU-2026-10303,Private,Urban,Male,Some College,Yes,Yes,No,27.2,61.0,1.94,8.6,3.9,44.5,Fail,F
STU-2026-10304,Private,Rural,Female,High School,Yes,Yes,No,5.9,75.1,3.94,9.2,6.0,59.6,Fail,F
STU-2026-10305,Public,Suburban,Female,Some College,Yes,Yes,No,21.1,83.5,1.62,6.0,1.3,53.6,Fail,F
STU-2026-10306,Private,Urban,Female,Some College,Yes,No,No,9.2,65.9,3.28,7.8,11.4,58.9,Fail,F
STU-2026-10307,Private,Urban,Female,Doctorate,Yes,Yes,No,19.0,62.2,2.89,8.1,1.2,57.3,Fail,F
STU-2026-10308,Private,Suburban,Female,Bachelors,Yes,No,Yes,10.9,61.9,3.51,7.5,13.4,65.7,Pass,D
STU-2026-10309,Private,Urban,Female,High School,Yes,No,Yes,5.2,95.1,1.75,5.2,1.9,42.6,Fail,F
STU-2026-10310,Public,Urban,Female,Bachelors,Yes,Yes,No,4.7,89.7,1.67,6.4,8.4,49.6,Fail,F
STU-2026-10311,Private,Urban,Female,Bachelors,Yes,Yes,Yes,9.4,62.2,3.4,4.6,11.6,61.5,Pass,D
STU-2026-10312,Public,Suburban,Female,Some College,Yes,Yes,Yes,34.7,83.2,1.59,4.9,2.2,67.0,Pass,D
STU-2026-10313,Public,Suburban,Male,Bachelors,Yes,Yes,No,11.0,84.8,3.08,9.4,11.8,50.6,Fail,F
STU-2026-10314,Private,Suburban,Male,High School,Yes,No,Yes,26.5,87.1,3.88,9.4,4.7,74.9,Pass,C
STU-2026-10315,Public,Suburban,Female,Masters,Yes,No,Yes,24.4,66.8,2.63,7.3,2.6,66.4,Pass,D
STU-2026-10316,Public,Urban,Female,High School,Yes,No,No,22.8,98.8,3.74,8.9,7.8,73.6,Pass,C
STU-2026-10317,Private,Urban,Female,Bachelors,Yes,No,No,33.8,76.3,1.61,5.6,14.2,54.1,Fail,F
STU-2026-10318,Public,Suburban,Male,High School,No,No,No,10.0,70.5,3.9,7.3,0.0,59.3,Fail,F
STU-2026-10319,Public,Urban,Female,Some College,Yes,No,No,2.9,80.9,3.49,5.2,0.9,62.0,Pass,D
STU-2026-10320,Private,Suburban,Female,Bachelors,No,No,No,6.7,85.9,2.26,6.5,2.7,52.8,Fail,F
STU-2026-10321,Private,Rural,Female,Doctorate,Yes,Yes,Yes,33.9,67.2,3.38,9.4,8.2,82.1,Pass,B
STU-2026-10322,Public,Urban,Male,Doctorate,Yes,Yes,Yes,29.4,78.3,3.64,7.0,4.9,86.1,Pass,B
STU-2026-10323,Public,Suburban,Female,Masters,Yes,Yes,Yes,2.1,89.6,3.92,7.9,6.5,75.2,Pass,C
STU-2026-10324,Public,Urban,Female,Some College,Yes,No,No,22.4,64.9,3.96,7.3,9.3,60.4,Pass,D
STU-2026-10325,Private,Suburban,Male,Bachelors,Yes,Yes,Yes,20.3,61.4,2.52,9.1,1.9,67.8,Pass,D
STU-2026-10326,Public,Rural,Male,Doctorate,No,Yes,Yes,8.3,77.2,1.62,6.7,3.1,56.1,Fail,F
STU-2026-10327,Private,Urban,Female,Some College,Yes,No,No,13.3,70.0,3.92,7.7,10.6,65.8,Pass,D
STU-2026-10328,Private,Suburban,Female,Some College,Yes,No,Yes,16.2,87.7,3.6,7.7,5.8,70.0,Pass,C
STU-2026-10329,Private,Urban,Female,Masters,Yes,No,No,11.4,68.4,3.88,5.3,4.7,64.5,Pass,D
STU-2026-10330,Public,Suburban,Male,Masters,Yes,No,Yes,5.7,93.6,2.99,7.5,7.1,63.6,Pass,D
STU-2026-10331,Private,Suburban,Female,High School,No,No,No,4.6,68.6,2.33,7.6,2.2,40.3,Fail,F
STU-2026-10332,Private,Suburban,Female,Bachelors,Yes,No,No,15.6,89.2,3.76,9.0,3.6,67.1,Pass,D
STU-2026-10333,Private,Suburban,Female,Bachelors,Yes,Yes,Yes,6.9,78.6,3.38,4.5,9.8,59.5,Fail,F
STU-2026-10334,Private,Urban,Male,Bachelors,Yes,No,Yes,5.3,74.3,2.87,7.1,8.2,60.9,Pass,D
STU-2026-10335,Public,Suburban,Male,Bachelors,Yes,No,No,19.9,77.2,3.21,8.4,3.7,69.3,Pass,D
STU-2026-10336,Private,Urban,Male,Some College,Yes,No,No,22.5,73.0,2.35,9.0,13.4,59.8,Fail,F
STU-2026-10337,Public,Urban,Female,Doctorate,No,No,No,32.2,69.6,3.56,6.2,3.0,72.8,Pass,C
STU-2026-10338,Charter,Suburban,Female,Bachelors,Yes,Yes,Yes,31.8,72.8,3.79,8.9,0.4,80.8,Pass,B
STU-2026-10339,Public,Suburban,Female,Doctorate,Yes,Yes,No,20.7,87.8,1.8,7.5,5.2,61.7,Pass,D
STU-2026-10340,Public,Urban,Male,Some College,Yes,No,No,34.5,89.8,2.67,7.4,1.6,73.5,Pass,C
STU-2026-10341,Public,Urban,Female,High School,Yes,No,No,7.1,78.4,2.42,7.8,3.9,55.1,Fail,F
STU-2026-10342,Private,Rural,Female,Bachelors,Yes,No,No,8.9,73.9,3.03,8.1,14.4,54.1,Fail,F
STU-2026-10343,Private,Suburban,Female,Bachelors,Yes,No,No,24.9,71.3,3.03,6.7,7.1,67.8,Pass,D
STU-2026-10344,Charter,Urban,Female,Masters,Yes,No,No,19.8,69.8,1.83,9.5,7.0,51.1,Fail,F
STU-2026-10345,Public,Suburban,Male,Some College,Yes,Yes,Yes,33.4,67.5,2.77,7.6,13.0,74.3,Pass,C
STU-2026-10346,Public,Suburban,Female,High School,Yes,No,No,3.2,97.2,4.0,7.8,10.0,63.6,Pass,D
STU-2026-10347,Public,Urban,Male,Masters,Yes,Yes,No,11.9,98.6,1.65,8.9,14.3,52.4,Fail,F
STU-2026-10348,Public,Urban,Male,Bachelors,Yes,Yes,No,31.0,96.5,2.54,7.0,14.6,66.1,Pass,D
STU-2026-10349,Private,Suburban,Male,Masters,Yes,Yes,Yes,14.7,68.1,1.59,7.5,5.0,48.6,Fail,F
STU-2026-10350,Public,Suburban,Male,High School,Yes,No,No,22.2,99.3,1.84,8.7,2.1,61.5,Pass,D
STU-2026-10351,Public,Suburban,Male,Some College,Yes,Yes,No,24.0,72.9,2.44,7.9,11.4,63.3,Pass,D
STU-2026-10352,Public,Suburban,Female,Bachelors,Yes,Yes,No,24.7,96.9,3.87,5.9,4.3,73.6,Pass,C
STU-2026-10353,Public,Suburban,Female,Bachelors,No,Yes,Yes,5.5,61.8,3.7,8.1,2.7,58.3,Fail,F
STU-2026-10354,Public,Urban,Male,Some College,Yes,No,No,23.5,68.9,3.45,5.1,11.2,62.1,Pass,D
STU-2026-10355,Public,Suburban,Female,Some College,Yes,Yes,No,24.0,70.0,3.04,5.5,1.5,61.0,Pass,D
STU-2026-10356,Public,Urban,Male,Some College,Yes,No,No,12.3,80.4,1.8,5.7,3.5,45.2,Fail,F
STU-2026-10357,Public,Suburban,Female,High School,Yes,Yes,No,4.5,83.1,3.82,4.9,10.4,64.8,Pass,D
STU-2026-10358,Private,Suburban,Male,High School,No,Yes,Yes,17.1,77.5,2.1,4.8,2.8,44.6,Fail,F
STU-2026-10359,Public,Urban,Male,High School,Yes,Yes,No,20.4,68.3,2.51,5.4,6.9,49.3,Fail,F
STU-2026-10360,Private,Suburban,Female,High School,Yes,No,No,30.8,100.0,3.01,8.7,4.1,70.3,Pass,C
STU-2026-10361,Public,Suburban,Male,High School,Yes,Yes,Yes,27.3,63.4,3.84,5.1,10.7,75.1,Pass,C
STU-2026-10362,Public,Rural,Male,Some College,Yes,Yes,No,28.1,93.3,3.54,8.9,9.9,74.1,Pass,C
STU-2026-10363,Public,Urban,Male,Bachelors,Yes,Yes,Yes,31.8,86.7,2.31,5.1,3.2,72.6,Pass,C
STU-2026-10364,Public,Urban,Male,Bachelors,Yes,Yes,Yes,11.0,60.5,3.15,6.6,0.5,59.6,Fail,F
STU-2026-10365,Public,Suburban,Male,Some College,Yes,Yes,No,21.1,74.0,3.91,5.3,7.9,68.8,Pass,D
STU-2026-10366,Public,Suburban,Male,Masters,Yes,Yes,Yes,30.6,91.0,2.79,9.1,13.8,87.2,Pass,B
STU-2026-10367,Public,Suburban,Female,Bachelors,Yes,No,No,20.0,74.2,3.2,8.8,12.0,62.2,Pass,D
STU-2026-10368,Public,Urban,Female,Bachelors,Yes,No,Yes,21.8,94.2,3.23,9.2,1.6,82.5,Pass,B
STU-2026-10369,Public,Urban,Male,Some College,No,Yes,No,29.3,77.4,3.11,7.4,0.7,68.9,Pass,D
STU-2026-10370,Private,Rural,Male,Masters,Yes,No,No,6.2,80.4,2.8,9.2,6.5,52.3,Fail,F
STU-2026-10371,Private,Suburban,Male,Some College,Yes,Yes,No,19.7,63.8,1.71,8.9,7.2,38.3,Fail,F
STU-2026-10372,Public,Suburban,Female,Masters,Yes,No,No,5.7,86.7,3.39,5.2,8.2,63.0,Pass,D
STU-2026-10373,Public,Suburban,Female,Bachelors,Yes,Yes,Yes,22.9,65.4,1.61,9.3,2.2,55.3,Fail,F
STU-2026-10374,Public,Urban,Female,Masters,Yes,Yes,No,22.5,73.2,2.08,5.8,1.3,60.1,Pass,D
STU-2026-10375,Public,Suburban,Female,Bachelors,Yes,Yes,No,25.3,97.3,2.15,8.5,7.0,66.8,Pass,D
STU-2026-10376,Charter,Suburban,Female,Bachelors,Yes,Yes,Yes,14.0,90.7,2.31,4.6,14.5,63.5,Pass,D
STU-2026-10377,Public,Rural,Female,Some College,Yes,Yes,No,10.1,67.4,2.93,6.5,3.1,50.6,Fail,F
STU-2026-10378,Private,Urban,Male,Bachelors,Yes,Yes,No,14.2,96.8,3.29,5.4,11.3,64.2,Pass,D
STU-2026-10379,Public,Suburban,Male,Some College,Yes,Yes,No,20.7,89.5,2.5,7.3,2.7,59.0,Fail,F
STU-2026-10380,Public,Suburban,Male,Some College,Yes,Yes,No,5.1,88.8,3.24,9.2,1.7,51.8,Fail,F
STU-2026-10381,Public,Suburban,Male,Some College,Yes,Yes,No,15.6,86.6,2.91,6.8,2.4,60.5,Pass,D
STU-2026-10382,Charter,Suburban,Male,High School,Yes,No,Yes,31.7,68.5,2.23,7.7,11.7,60.2,Pass,D
STU-2026-10383,Private,Rural,Male,Doctorate,Yes,Yes,No,24.2,68.7,3.82,5.6,11.9,72.9,Pass,C
STU-2026-10384,Private,Rural,Male,High School,No,No,No,13.5,84.4,1.55,7.4,13.9,44.1,Fail,F
STU-2026-10385,Public,Urban,Male,Masters,Yes,Yes,No,20.2,97.0,2.93,7.4,10.7,69.3,Pass,D
STU-2026-10386,Public,Suburban,Female,Bachelors,Yes,No,No,25.8,85.9,1.73,7.6,9.1,58.0,Fail,F
STU-2026-10387,Public,Suburban,Male,High School,Yes,Yes,Yes,15.2,87.3,2.09,8.6,5.2,57.5,Fail,F
STU-2026-10388,Private,Suburban,Female,Masters,Yes,No,No,9.8,86.1,1.76,7.8,13.6,51.3,Fail,F
STU-2026-10389,Charter,Urban,Female,Bachelors,Yes,Yes,No,15.2,75.1,3.21,9.4,5.0,63.3,Pass,D
STU-2026-10390,Private,Rural,Female,Some College,Yes,No,No,17.3,75.7,3.46,8.0,11.4,65.5,Pass,D
STU-2026-10391,Private,Rural,Male,Some College,Yes,No,Yes,24.0,82.0,1.89,7.9,14.2,60.1,Pass,D
STU-2026-10392,Public,Urban,Male,Some College,Yes,No,No,4.9,99.0,3.81,6.5,12.1,63.7,Pass,D
STU-2026-10393,Public,Urban,Male,Some College,Yes,Yes,No,8.0,69.0,3.3,4.8,13.8,54.4,Fail,F
STU-2026-10394,Public,Suburban,Female,Bachelors,Yes,No,No,29.6,67.6,3.68,9.4,7.4,73.0,Pass,C
STU-2026-10395,Public,Urban,Male,Masters,Yes,No,Yes,27.9,60.7,1.8,5.6,10.1,56.5,Fail,F
STU-2026-10396,Public,Suburban,Female,Masters,Yes,Yes,Yes,9.5,89.9,3.4,8.7,13.8,69.4,Pass,D
STU-2026-10397,Public,Suburban,Female,High School,Yes,Yes,No,14.5,79.3,2.31,8.5,0.8,53.1,Fail,F
STU-2026-10398,Public,Suburban,Female,Masters,Yes,No,No,3.6,72.4,2.67,5.5,14.8,51.5,Fail,F
STU-2026-10399,Private,Suburban,Female,High School,Yes,Yes,No,27.3,84.0,2.35,6.9,4.9,60.5,Pass,D
STU-2026-10400,Charter,Suburban,Male,Some College,Yes,No,No,3.7,60.6,3.5,7.4,10.7,54.0,Fail,F
STU-2026-10401,Charter,Suburban,Female,Masters,Yes,No,Yes,5.4,86.8,1.87,5.9,7.8,52.5,Fail,F
STU-2026-10402,Private,Suburban,Female,Masters,Yes,Yes,No,19.2,82.2,3.68,5.4,0.9,72.2,Pass,C
STU-2026-10403,Private,Rural,Female,Bachelors,Yes,Yes,No,33.0,97.9,2.52,8.1,10.6,71.0,Pass,C
STU-2026-10404,Charter,Suburban,Male,Doctorate,Yes,Yes,Yes,3.3,60.8,2.66,8.5,9.0,51.7,Fail,F
STU-2026-10405,Private,Suburban,Female,Bachelors,Yes,No,Yes,28.2,91.9,1.78,5.0,11.7,63.6,Pass,D
STU-2026-10406,Public,Suburban,Male,Some College,Yes,Yes,Yes,25.6,73.5,3.25,5.5,1.6,70.7,Pass,C
STU-2026-10407,Public,Urban,Male,Some College,Yes,Yes,No,16.1,72.6,3.06,5.6,4.1,57.3,Fail,F
STU-2026-10408,Public,Urban,Female,High School,Yes,Yes,No,24.4,94.6,1.85,9.2,4.8,57.4,Fail,F
STU-2026-10409,Public,Urban,Female,Bachelors,Yes,Yes,No,14.8,60.2,2.5,7.2,7.0,56.6,Fail,F
STU-2026-10410,Private,Urban,Male,High School,Yes,Yes,No,20.7,90.2,3.91,8.4,2.3,65.8,Pass,D
STU-2026-10411,Private,Rural,Female,Some College,Yes,No,No,10.8,89.9,2.85,5.6,7.6,63.5,Pass,D
STU-2026-10412,Private,Suburban,Female,Bachelors,Yes,No,No,5.1,83.6,1.92,6.6,4.8,51.7,Fail,F
STU-2026-10413,Public,Suburban,Female,Some College,Yes,Yes,Yes,8.6,92.8,2.45,7.1,1.0,62.1,Pass,D
STU-2026-10414,Private,Urban,Female,Masters,Yes,Yes,Yes,6.2,62.8,3.96,4.5,13.2,65.6,Pass,D
STU-2026-10415,Public,Suburban,Female,Bachelors,Yes,No,Yes,24.5,97.4,2.18,6.5,8.7,68.6,Pass,D
STU-2026-10416,Private,Suburban,Male,High School,Yes,No,No,18.0,69.0,2.54,8.0,11.1,49.4,Fail,F
STU-2026-10417,Public,Rural,Male,Bachelors,Yes,No,No,25.1,62.9,3.97,8.0,13.5,74.7,Pass,C
STU-2026-10418,Charter,Suburban,Female,Some College,Yes,Yes,Yes,5.0,60.5,3.59,9.3,4.0,59.6,Fail,F
STU-2026-10419,Charter,Suburban,Female,Some College,Yes,Yes,Yes,6.2,77.6,2.73,9.3,2.6,57.7,Fail,F
STU-2026-10420,Public,Urban,Female,High School,Yes,Yes,No,13.2,63.4,3.42,8.1,3.6,59.7,Fail,F
STU-2026-10421,Public,Rural,Female,Bachelors,Yes,No,Yes,27.4,92.6,3.56,9.0,0.3,86.0,Pass,B
STU-2026-10422,Public,Urban,Male,Some College,Yes,No,No,14.5,62.6,3.47,8.4,5.2,55.0,Fail,F
STU-2026-10423,Private,Suburban,Female,High School,Yes,Yes,No,32.6,84.3,3.97,9.3,14.3,79.3,Pass,C
STU-2026-10424,Charter,Rural,Male,High School,Yes,No,Yes,5.6,93.7,3.19,8.2,1.9,55.0,Fail,F
STU-2026-10425,Public,Rural,Female,Bachelors,Yes,No,No,12.6,70.0,2.08,8.4,5.0,57.9,Fail,F
STU-2026-10426,Public,Urban,Male,Some College,Yes,Yes,Yes,27.0,89.8,1.67,8.1,9.7,60.7,Pass,D
STU-2026-10427,Public,Suburban,Female,High School,No,Yes,Yes,2.8,66.7,1.93,6.0,0.5,44.9,Fail,F
STU-2026-10428,Public,Urban,Female,Some College,Yes,Yes,No,30.6,99.2,3.39,9.3,9.0,81.9,Pass,B
STU-2026-10429,Public,Urban,Male,Bachelors,Yes,Yes,Yes,28.8,95.6,1.85,5.4,10.8,67.3,Pass,D
STU-2026-10430,Public,Suburban,Male,Some College,Yes,Yes,Yes,25.9,68.3,1.62,9.4,2.7,57.7,Fail,F
STU-2026-10431,Private,Suburban,Female,Masters,Yes,No,Yes,25.0,79.7,2.77,5.8,4.4,74.2,Pass,C
STU-2026-10432,Public,Urban,Male,Some College,Yes,No,No,5.3,96.6,3.77,7.8,13.2,65.2,Pass,D
STU-2026-10433,Public,Suburban,Male,Masters,Yes,No,No,27.3,80.1,2.63,5.8,12.2,65.5,Pass,D
STU-2026-10434,Public,Urban,Male,Bachelors,No,Yes,Yes,2.2,95.4,2.26,9.2,3.8,56.5,Fail,F
STU-2026-10435,Public,Suburban,Male,High School,Yes,No,Yes,34.0,60.2,3.61,7.6,13.5,71.6,Pass,C
STU-2026-10436,Private,Suburban,Male,High School,Yes,Yes,No,33.5,71.6,1.71,7.6,0.0,57.3,Fail,F
STU-2026-10437,Public,Urban,Male,Some College,Yes,Yes,Yes,29.6,79.0,2.58,7.3,3.8,72.6,Pass,C
STU-2026-10438,Private,Rural,Male,Bachelors,Yes,No,No,7.4,72.9,2.45,5.3,1.9,48.1,Fail,F
STU-2026-10439,Private,Rural,Female,Masters,Yes,No,Yes,20.4,89.1,3.85,9.0,4.5,85.4,Pass,B
STU-2026-10440,Public,Urban,Female,Some College,Yes,Yes,No,6.9,95.5,2.95,8.9,14.4,52.7,Fail,F
STU-2026-10441,Private,Suburban,Male,Some College,Yes,No,Yes,2.6,76.8,2.09,7.9,3.8,50.7,Fail,F
STU-2026-10442,Public,Suburban,Male,Masters,Yes,No,Yes,15.1,81.6,1.5,5.1,11.6,50.3,Fail,F
STU-2026-10443,Charter,Suburban,Male,Masters,Yes,Yes,No,30.6,87.3,2.34,8.5,7.4,73.7,Pass,C
STU-2026-10444,Public,Urban,Male,Some College,Yes,No,No,22.0,99.1,1.97,9.0,3.9,57.3,Fail,F
STU-2026-10445,Public,Urban,Female,Bachelors,Yes,Yes,Yes,10.8,62.8,1.99,6.0,6.8,54.2,Fail,F
STU-2026-10446,Public,Urban,Male,Bachelors,Yes,No,No,26.9,62.2,2.67,8.8,9.5,60.5,Pass,D
STU-2026-10447,Public,Urban,Male,Bachelors,Yes,No,No,10.7,69.2,2.76,9.3,10.5,50.8,Fail,F
STU-2026-10448,Charter,Urban,Female,High School,Yes,No,No,28.2,71.5,3.15,7.1,4.8,64.8,Pass,D
STU-2026-10449,Private,Urban,Male,High School,Yes,No,Yes,34.0,64.1,3.19,5.0,4.7,69.5,Pass,D
STU-2026-10450,Charter,Urban,Female,Bachelors,Yes,Yes,No,20.2,89.2,2.25,6.1,4.6,64.6,Pass,D
STU-2026-10451,Public,Suburban,Female,Bachelors,Yes,Yes,Yes,15.1,68.6,2.15,7.8,13.4,63.6,Pass,D
STU-2026-10452,Private,Urban,Male,Some College,Yes,No,Yes,31.6,77.9,3.17,6.5,7.4,72.5,Pass,C
STU-2026-10453,Private,Urban,Female,Bachelors,Yes,No,No,21.5,64.4,2.5,6.6,2.6,55.6,Fail,F
STU-2026-10454,Private,Suburban,Male,Some College,Yes,No,Yes,15.3,96.7,1.66,9.3,5.8,57.1,Fail,F
STU-2026-10455,Public,Rural,Female,High School,Yes,No,No,32.8,69.0,1.77,8.6,10.0,48.4,Fail,F
STU-2026-10456,Public,Rural,Male,High School,No,No,No,22.8,63.5,2.85,8.1,4.9,57.8,Fail,F
STU-2026-10457,Public,Suburban,Male,Bachelors,Yes,Yes,No,33.1,74.9,2.27,5.6,12.9,57.5,Fail,F
STU-2026-10458,Private,Urban,Female,Masters,Yes,Yes,No,23.1,81.7,3.19,4.8,14.0,69.0,Pass,D
STU-2026-10459,Charter,Urban,Male,High School,Yes,No,Yes,17.8,76.4,2.37,7.8,2.3,53.9,Fail,F
STU-2026-10460,Private,Rural,Male,Some College,Yes,Yes,No,29.9,72.1,2.32,9.5,8.1,63.8,Pass,D
STU-2026-10461,Public,Urban,Female,Masters,Yes,Yes,No,10.0,88.0,3.66,7.0,14.8,68.4,Pass,D
STU-2026-10462,Private,Urban,Male,Bachelors,No,No,No,15.0,65.8,2.48,8.1,2.2,49.6,Fail,F
STU-2026-10463,Private,Suburban,Female,Bachelors,Yes,Yes,No,4.5,80.1,3.76,7.2,2.1,60.3,Pass,D
STU-2026-10464,Public,Urban,Male,Some College,No,Yes,Yes,34.3,63.9,2.73,7.1,8.2,69.3,Pass,D
STU-2026-10465,Public,Suburban,Male,Masters,Yes,No,Yes,6.6,68.2,2.03,8.0,10.5,49.2,Fail,F
STU-2026-10466,Public,Urban,Female,Bachelors,Yes,No,No,33.6,79.8,3.34,8.7,13.8,75.5,Pass,C
STU-2026-10467,Public,Urban,Female,Masters,Yes,No,No,2.2,94.1,2.43,8.4,13.1,61.3,Pass,D
STU-2026-10468,Public,Urban,Female,Doctorate,Yes,No,Yes,14.8,95.5,3.51,8.1,3.5,82.7,Pass,B
STU-2026-10469,Public,Suburban,Male,High School,Yes,No,No,30.4,83.3,2.03,8.3,13.7,68.8,Pass,D
STU-2026-10470,Public,Suburban,Female,Doctorate,Yes,Yes,No,30.8,79.9,2.37,8.9,9.6,71.3,Pass,C
STU-2026-10471,Public,Urban,Female,Masters,Yes,Yes,Yes,19.0,86.5,2.98,8.1,8.7,75.5,Pass,C
STU-2026-10472,Public,Urban,Female,Some College,No,No,No,2.5,70.6,3.36,5.4,3.6,50.2,Fail,F
STU-2026-10473,Private,Rural,Female,Bachelors,Yes,Yes,No,24.8,61.9,2.84,6.2,0.7,57.2,Fail,F
STU-2026-10474,Public,Urban,Male,Masters,Yes,Yes,No,15.8,63.4,2.2,4.5,11.8,47.9,Fail,F
STU-2026-10475,Private,Suburban,Female,Bachelors,Yes,Yes,No,20.2,82.9,3.28,5.6,9.6,67.8,Pass,D
STU-2026-10476,Charter,Rural,Female,Masters,Yes,Yes,No,26.6,94.4,3.24,8.7,3.8,79.2,Pass,C
STU-2026-10477,Public,Urban,Male,Some College,Yes,Yes,No,32.9,73.0,3.05,7.0,13.4,65.5,Pass,D
STU-2026-10478,Private,Rural,Female,Bachelors,Yes,No,No,18.2,89.8,3.43,6.0,14.9,68.9,Pass,D
STU-2026-10479,Charter,Rural,Male,Doctorate,Yes,Yes,No,26.6,87.2,2.87,4.5,5.3,74.6,Pass,C
STU-2026-10480,Public,Urban,Female,Some College,No,Yes,No,17.2,86.5,2.13,7.8,12.8,49.7,Fail,F
STU-2026-10481,Public,Urban,Male,Bachelors,Yes,Yes,No,18.2,88.5,3.61,4.8,12.2,78.4,Pass,C
STU-2026-10482,Public,Suburban,Female,Bachelors,No,No,No,21.5,85.8,2.43,7.0,6.1,64.0,Pass,D
STU-2026-10483,Public,Urban,Female,High School,Yes,No,No,10.6,82.3,1.99,5.2,0.9,47.3,Fail,F
STU-2026-10484,Public,Urban,Male,Masters,Yes,Yes,No,8.1,66.9,2.67,7.1,3.4,64.6,Pass,D
STU-2026-10485,Public,Urban,Female,High School,Yes,Yes,Yes,22.9,81.9,1.58,6.5,10.7,50.0,Fail,F
STU-2026-10486,Public,Suburban,Male,Masters,Yes,No,No,10.6,85.9,3.17,6.2,6.1,70.1,Pass,C
STU-2026-10487,Private,Suburban,Female,Some College,Yes,Yes,No,19.0,66.9,2.4,5.0,6.2,50.9,Fail,F
STU-2026-10488,Public,Suburban,Male,Doctorate,Yes,No,No,28.3,87.9,2.54,7.6,9.2,70.4,Pass,C
STU-2026-10489,Private,Suburban,Male,Some College,Yes,Yes,No,22.3,81.4,2.03,5.1,9.3,52.6,Fail,F
STU-2026-10490,Private,Suburban,Female,Bachelors,Yes,No,Yes,16.4,79.9,1.89,6.4,3.8,57.8,Fail,F
STU-2026-10491,Charter,Rural,Female,Masters,Yes,No,No,25.3,79.8,3.09,6.1,6.3,70.9,Pass,C
STU-2026-10492,Public,Rural,Female,Some College,Yes,No,Yes,13.5,86.1,1.97,8.6,6.1,56.3,Fail,F
STU-2026-10493,Public,Urban,Female,Some College,Yes,Yes,Yes,12.2,64.2,3.23,7.3,14.6,59.1,Fail,F
STU-2026-10494,Private,Rural,Male,Bachelors,Yes,Yes,No,21.2,77.9,3.14,4.9,12.4,62.1,Pass,D
STU-2026-10495,Public,Urban,Male,High School,Yes,No,No,11.7,98.3,3.32,7.1,6.9,62.9,Pass,D
STU-2026-10496,Private,Urban,Male,Bachelors,Yes,Yes,No,14.7,86.3,2.29,6.7,2.5,52.7,Fail,F
STU-2026-10497,Charter,Rural,Female,High School,No,No,No,30.8,72.1,2.52,4.9,14.1,64.2,Pass,D
STU-2026-10498,Public,Urban,Female,Some College,No,No,No,5.6,69.2,3.68,8.6,0.4,54.9,Fail,F
STU-2026-10499,Public,Urban,Male,Bachelors,Yes,No,No,15.6,65.4,2.8,8.8,2.5,53.8,Fail,F
STU-2026-10500,Charter,Urban,Female,Some College,Yes,Yes,Yes,32.4,99.7,4.0,4.7,10.2,89.8,Pass,B
STU-2026-10501,Private,Urban,Female,Some College,Yes,No,No,21.0,81.3,2.94,4.7,14.5,61.6,Pass,D
STU-2026-10502,Private,Suburban,Female,Some College,Yes,Yes,No,7.3,82.6,3.57,4.8,11.4,64.0,Pass,D
STU-2026-10503,Private,Suburban,Male,Bachelors,Yes,Yes,No,10.4,88.6,2.99,8.9,14.5,59.5,Fail,F
STU-2026-10504,Private,Suburban,Male,High School,Yes,Yes,No,11.4,90.6,3.85,9.1,5.9,70.7,Pass,C
STU-2026-10505,Charter,Suburban,Male,Bachelors,Yes,No,No,24.1,99.0,2.69,5.7,10.1,69.7,Pass,D
STU-2026-10506,Public,Suburban,Female,Bachelors,Yes,No,Yes,22.4,92.0,3.2,7.0,11.2,69.1,Pass,D
STU-2026-10507,Public,Suburban,Male,Some College,Yes,No,No,26.0,66.6,2.92,5.3,1.2,58.5,Fail,F
STU-2026-10508,Public,Urban,Female,Some College,Yes,Yes,No,4.6,75.9,3.79,5.3,12.6,58.4,Fail,F
STU-2026-10509,Private,Suburban,Female,Masters,Yes,No,Yes,22.2,63.1,2.06,8.9,2.4,59.9,Fail,F
STU-2026-10510,Private,Urban,Female,Masters,Yes,Yes,Yes,8.4,71.5,3.04,8.0,12.4,57.2,Fail,F
STU-2026-10511,Private,Urban,Female,Some College,Yes,Yes,No,12.5,64.7,3.18,7.9,14.4,55.1,Fail,F
STU-2026-10512,Private,Suburban,Female,Some College,Yes,Yes,No,2.0,95.8,1.68,7.7,12.7,48.0,Fail,F
STU-2026-10513,Public,Urban,Female,Bachelors,Yes,No,No,12.2,89.9,1.9,7.7,1.3,54.2,Fail,F
STU-2026-10514,Public,Urban,Male,High School,Yes,No,No,5.6,65.2,3.27,8.2,6.0,54.8,Fail,F
STU-2026-10515,Public,Suburban,Male,Some College,No,No,Yes,27.6,72.5,3.77,9.0,7.2,69.4,Pass,D
STU-2026-10516,Charter,Urban,Female,Bachelors,Yes,Yes,No,32.6,62.5,3.2,7.1,11.7,65.7,Pass,D
STU-2026-10517,Public,Suburban,Male,Bachelors,Yes,Yes,No,6.9,83.5,3.21,7.5,0.6,54.3,Fail,F
STU-2026-10518,Public,Urban,Female,Some College,Yes,Yes,Yes,26.6,88.7,2.89,5.9,2.6,70.5,Pass,C
STU-2026-10519,Private,Suburban,Female,Masters,No,No,No,30.6,86.4,2.7,7.5,6.1,68.5,Pass,D
STU-2026-10520,Private,Suburban,Female,Masters,Yes,No,Yes,10.4,70.8,2.28,6.9,10.6,59.2,Fail,F
STU-2026-10521,Charter,Suburban,Male,Some College,Yes,Yes,No,31.6,68.5,3.02,8.3,14.2,63.3,Pass,D
STU-2026-10522,Public,Urban,Male,Some College,Yes,Yes,Yes,31.9,92.7,1.58,8.1,0.5,65.5,Pass,D
STU-2026-10523,Charter,Urban,Male,Bachelors,Yes,Yes,No,17.8,100.0,1.92,7.8,3.2,57.7,Fail,F
STU-2026-10524,Public,Urban,Male,Masters,Yes,Yes,No,7.2,62.1,3.06,7.9,7.1,59.1,Fail,F
STU-2026-10525,Public,Urban,Male,Doctorate,No,No,No,14.8,94.4,1.71,6.2,2.9,48.5,Fail,F
STU-2026-10526,Private,Rural,Female,Bachelors,Yes,Yes,No,14.1,98.8,2.36,6.8,0.9,62.3,Pass,D
STU-2026-10527,Public,Urban,Male,Some College,No,Yes,No,23.4,63.3,1.94,6.6,5.2,50.2,Fail,F
STU-2026-10528,Public,Rural,Female,Bachelors,Yes,Yes,No,21.3,97.1,3.4,8.2,1.7,66.6,Pass,D
STU-2026-10529,Private,Rural,Male,Some College,Yes,No,Yes,8.6,97.8,2.86,5.6,11.5,63.0,Pass,D
STU-2026-10530,Private,Urban,Female,High School,Yes,No,No,5.0,97.7,2.53,8.4,10.8,50.0,Fail,F
STU-2026-10531,Public,Urban,Female,Bachelors,Yes,Yes,No,16.0,76.0,2.21,4.5,0.7,57.3,Fail,F
STU-2026-10532,Public,Urban,Female,High School,Yes,No,No,25.9,75.9,2.94,9.1,1.5,62.9,Pass,D
STU-2026-10533,Public,Suburban,Female,Some College,Yes,Yes,Yes,17.4,98.4,2.24,7.7,9.0,71.8,Pass,C
STU-2026-10534,Public,Urban,Male,Bachelors,Yes,Yes,No,24.0,63.3,1.95,8.1,1.1,51.2,Fail,F
STU-2026-10535,Public,Urban,Female,Some College,Yes,Yes,No,27.3,65.3,2.95,8.5,10.9,60.5,Pass,D
STU-2026-10536,Public,Suburban,Male,Bachelors,Yes,Yes,No,13.0,74.9,1.75,6.7,9.3,41.0,Fail,F
STU-2026-10537,Public,Urban,Male,Masters,Yes,No,No,13.2,74.4,3.16,5.6,3.7,63.7,Pass,D
STU-2026-10538,Private,Urban,Male,Doctorate,Yes,No,No,20.8,72.0,2.98,4.6,9.5,64.7,Pass,D
STU-2026-10539,Private,Suburban,Male,High School,Yes,Yes,Yes,33.2,89.9,3.02,4.8,5.8,78.0,Pass,C
STU-2026-10540,Private,Urban,Female,Doctorate,Yes,Yes,Yes,30.0,90.5,3.63,8.9,6.9,85.3,Pass,B
STU-2026-10541,Private,Suburban,Male,Bachelors,Yes,Yes,Yes,9.1,63.5,1.91,8.9,1.1,54.1,Fail,F
STU-2026-10542,Public,Urban,Male,Masters,Yes,Yes,No,26.4,77.0,1.66,5.0,10.1,63.2,Pass,D
STU-2026-10543,Charter,Suburban,Male,High School,No,No,Yes,8.7,94.1,1.6,9.1,11.2,53.5,Fail,F
STU-2026-10544,Public,Rural,Female,Some College,Yes,Yes,Yes,12.6,96.4,2.31,5.4,13.1,57.5,Fail,F
STU-2026-10545,Public,Suburban,Female,Some College,Yes,No,No,21.2,91.8,2.86,8.9,11.9,59.2,Fail,F
STU-2026-10546,Charter,Suburban,Male,Some College,Yes,No,No,20.4,97.5,3.03,4.8,1.6,64.3,Pass,D
STU-2026-10547,Public,Suburban,Male,Bachelors,Yes,Yes,Yes,19.0,68.8,1.95,5.1,0.7,58.2,Fail,F
STU-2026-10548,Public,Urban,Female,Some College,Yes,No,No,27.0,79.5,3.56,4.8,7.3,71.7,Pass,C
STU-2026-10549,Public,Urban,Female,Some College,Yes,Yes,No,25.8,73.7,2.84,7.0,8.0,63.7,Pass,D
STU-2026-10550,Private,Suburban,Female,Some College,Yes,No,Yes,8.3,60.2,1.77,6.0,10.8,49.6,Fail,F
STU-2026-10551,Public,Suburban,Male,Bachelors,Yes,Yes,No,26.4,65.2,2.78,7.6,2.4,67.3,Pass,D
STU-2026-10552,Public,Rural,Female,Bachelors,Yes,Yes,Yes,9.9,76.2,2.81,7.1,3.3,69.6,Pass,D
STU-2026-10553,Private,Suburban,Female,Masters,Yes,No,Yes,11.3,70.6,3.59,7.9,9.9,63.7,Pass,D
STU-2026-10554,Charter,Suburban,Male,Some College,Yes,No,No,15.7,87.8,2.26,5.3,8.1,59.2,Fail,F
STU-2026-10555,Private,Urban,Male,Bachelors,No,Yes,Yes,28.7,66.1,1.56,6.3,9.2,49.5,Fail,F
STU-2026-10556,Private,Suburban,Male,Masters,Yes,No,No,31.6,65.3,2.05,5.2,14.8,66.2,Pass,D
STU-2026-10557,Charter,Rural,Female,Some College,Yes,Yes,No,25.1,96.1,2.73,4.5,12.4,70.2,Pass,C
STU-2026-10558,Public,Urban,Male,Bachelors,Yes,Yes,Yes,14.0,70.1,3.17,5.5,1.9,65.4,Pass,D
STU-2026-10559,Public,Rural,Female,High School,Yes,No,No,14.4,86.4,1.78,7.1,1.7,46.0,Fail,F
STU-2026-10560,Private,Urban,Male,Some College,Yes,Yes,No,6.4,80.6,3.39,6.4,9.2,66.2,Pass,D
STU-2026-10561,Public,Suburban,Female,High School,Yes,Yes,Yes,18.3,61.4,3.07,9.4,0.5,61.8,Pass,D
STU-2026-10562,Charter,Suburban,Female,High School,Yes,No,Yes,13.3,92.0,3.64,6.3,8.1,78.1,Pass,C
STU-2026-10563,Private,Urban,Male,Bachelors,Yes,No,Yes,13.4,93.7,2.78,5.7,2.2,76.4,Pass,C
STU-2026-10564,Private,Rural,Female,Doctorate,Yes,Yes,No,9.7,99.0,3.13,9.1,10.3,67.9,Pass,D
STU-2026-10565,Public,Suburban,Male,High School,No,No,No,24.5,94.1,3.42,4.7,2.2,61.0,Pass,D
STU-2026-10566,Private,Suburban,Male,Some College,Yes,Yes,No,12.7,71.7,1.57,7.5,11.1,35.0,Fail,F
STU-2026-10567,Public,Suburban,Male,Some College,Yes,No,Yes,26.8,92.2,3.78,8.4,6.1,81.9,Pass,B
STU-2026-10568,Charter,Suburban,Female,Bachelors,No,No,Yes,28.5,64.6,2.88,7.8,0.1,67.4,Pass,D
STU-2026-10569,Public,Suburban,Male,Masters,Yes,Yes,Yes,32.4,96.3,2.0,9.0,9.1,73.1,Pass,C
STU-2026-10570,Public,Suburban,Male,Bachelors,Yes,Yes,Yes,12.9,79.3,3.49,8.4,12.5,73.3,Pass,C
STU-2026-10571,Public,Suburban,Male,Bachelors,Yes,Yes,No,4.0,77.4,3.78,7.0,10.6,60.3,Pass,D
STU-2026-10572,Public,Urban,Female,Masters,Yes,No,No,27.6,92.1,2.83,7.1,3.0,73.3,Pass,C
STU-2026-10573,Private,Suburban,Female,Some College,Yes,No,No,32.2,80.3,2.09,8.3,3.4,63.4,Pass,D
STU-2026-10574,Private,Urban,Male,Some College,Yes,No,Yes,26.5,84.5,1.87,6.8,0.8,64.7,Pass,D
STU-2026-10575,Public,Suburban,Female,Doctorate,Yes,Yes,Yes,30.4,98.8,1.62,5.8,9.1,70.9,Pass,C
STU-2026-10576,Public,Urban,Male,Masters,Yes,Yes,No,6.1,62.9,3.53,6.2,3.3,60.5,Pass,D
STU-2026-10577,Public,Suburban,Male,Bachelors,Yes,Yes,Yes,3.2,94.6,3.75,6.2,8.3,68.9,Pass,D
STU-2026-10578,Public,Urban,Female,Masters,Yes,No,No,6.4,90.2,2.32,5.3,0.9,56.8,Fail,F
STU-2026-10579,Public,Suburban,Male,Bachelors,Yes,Yes,No,2.4,61.5,3.64,6.8,9.8,51.5,Fail,F
STU-2026-10580,Public,Urban,Female,High School,No,Yes,Yes,10.4,61.3,1.59,5.2,9.9,38.6,Fail,F
STU-2026-10581,Public,Suburban,Female,Some College,Yes,Yes,Yes,5.2,77.3,3.19,4.9,1.4,53.5,Fail,F
STU-2026-10582,Public,Urban,Female,Some College,Yes,No,No,26.8,65.2,2.22,7.6,4.9,58.2,Fail,F
STU-2026-10583,Private,Urban,Female,Bachelors,Yes,Yes,Yes,23.8,99.1,2.54,5.8,12.1,74.0,Pass,C
STU-2026-10584,Public,Rural,Male,Masters,Yes,No,No,25.8,69.9,2.57,9.3,0.1,61.6,Pass,D
STU-2026-10585,Private,Suburban,Female,High School,Yes,Yes,Yes,26.0,61.4,3.14,7.2,13.2,66.1,Pass,D
STU-2026-10586,Public,Urban,Female,High School,Yes,No,No,33.0,70.0,3.91,7.2,7.7,75.3,Pass,C
STU-2026-10587,Public,Urban,Female,Some College,Yes,No,No,21.5,72.9,3.96,7.1,9.4,59.2,Fail,F
STU-2026-10588,Private,Suburban,Male,Bachelors,No,No,No,32.6,77.8,1.62,5.9,1.8,54.1,Fail,F
STU-2026-10589,Private,Urban,Female,Bachelors,Yes,Yes,No,26.9,71.9,3.11,5.8,9.6,71.5,Pass,C
STU-2026-10590,Private,Urban,Male,Bachelors,Yes,No,No,17.3,80.0,1.58,4.6,1.2,64.8,Pass,D
STU-2026-10591,Public,Urban,Male,Masters,Yes,Yes,No,31.8,60.7,3.99,7.2,10.6,73.1,Pass,C
STU-2026-10592,Public,Suburban,Female,Bachelors,Yes,Yes,No,26.3,86.8,1.75,6.6,0.5,57.6,Fail,F
STU-2026-10593,Public,Urban,Female,High School,Yes,No,No,6.3,93.9,2.31,4.7,12.9,52.7,Fail,F
STU-2026-10594,Public,Urban,Female,Masters,Yes,No,No,7.7,77.2,2.21,6.0,4.4,46.0,Fail,F
STU-2026-10595,Private,Urban,Male,Bachelors,Yes,Yes,No,27.7,62.3,3.87,6.5,2.9,61.8,Pass,D
STU-2026-10596,Public,Urban,Male,Bachelors,Yes,Yes,Yes,20.2,97.4,3.74,5.0,11.7,78.2,Pass,C
STU-2026-10597,Public,Urban,Female,Masters,Yes,No,No,5.5,79.2,2.99,6.2,14.0,59.5,Fail,F
STU-2026-10598,Private,Rural,Female,Bachelors,Yes,No,No,33.9,66.5,1.54,8.8,1.3,57.5,Fail,F
STU-2026-10599,Public,Urban,Male,Masters,Yes,Yes,Yes,12.1,62.5,2.22,7.0,8.5,62.2,Pass,D
STU-2026-10600,Private,Rural,Female,High School,Yes,Yes,No,16.1,64.2,2.78,5.3,13.8,56.0,Fail,F
STU-2026-10601,Public,Rural,Male,Bachelors,Yes,No,No,27.1,97.3,3.56,7.5,2.1,71.1,Pass,C
STU-2026-10602,Charter,Suburban,Female,Some College,Yes,No,No,24.3,95.4,1.55,6.8,4.1,51.7,Fail,F
STU-2026-10603,Public,Urban,Female,High School,Yes,No,No,32.6,88.7,3.39,7.3,9.2,73.2,Pass,C
STU-2026-10604,Public,Urban,Female,Some College,Yes,Yes,Yes,32.1,72.0,3.9,4.7,9.7,86.6,Pass,B
STU-2026-10605,Public,Urban,Male,Masters,Yes,Yes,Yes,5.9,62.7,2.97,4.9,3.4,52.5,Fail,F
STU-2026-10606,Private,Urban,Male,Masters,Yes,Yes,No,26.3,76.5,1.64,6.9,8.8,58.6,Fail,F
STU-2026-10607,Public,Urban,Female,High School,Yes,No,Yes,9.2,97.5,2.34,6.5,3.1,51.2,Fail,F
STU-2026-10608,Public,Urban,Female,Some College,Yes,Yes,No,18.9,79.8,2.12,6.5,5.3,59.5,Fail,F
STU-2026-10609,Public,Rural,Female,Bachelors,No,Yes,Yes,26.5,85.6,2.85,4.5,4.3,69.8,Pass,D
STU-2026-10610,Public,Suburban,Female,Bachelors,No,Yes,Yes,32.1,81.6,2.17,6.8,7.2,70.7,Pass,C
STU-2026-10611,Public,Rural,Female,Some College,Yes,Yes,No,3.1,72.0,3.04,7.8,8.5,59.5,Fail,F
STU-2026-10612,Public,Urban,Male,Some College,Yes,No,Yes,29.1,94.8,2.08,5.3,1.9,68.8,Pass,D
STU-2026-10613,Public,Urban,Male,Doctorate,Yes,No,No,22.7,85.0,2.4,8.3,2.9,65.1,Pass,D
STU-2026-10614,Private,Urban,Female,Masters,Yes,No,No,10.2,87.4,1.72,5.8,6.2,51.6,Fail,F
STU-2026-10615,Private,Rural,Female,Bachelors,Yes,Yes,Yes,12.3,79.8,3.48,9.2,11.9,60.2,Pass,D
STU-2026-10616,Private,Urban,Male,High School,Yes,Yes,Yes,7.3,81.8,3.18,4.5,2.2,61.2,Pass,D
STU-2026-10617,Public,Suburban,Female,Some College,Yes,Yes,No,29.9,83.0,3.01,6.8,1.3,64.7,Pass,D
STU-2026-10618,Private,Suburban,Male,Some College,Yes,No,No,2.8,79.8,1.81,4.5,14.3,39.1,Fail,F
STU-2026-10619,Public,Urban,Male,Masters,Yes,No,No,4.5,73.5,2.07,9.4,9.0,46.8,Fail,F
STU-2026-10620,Private,Suburban,Female,Bachelors,No,No,Yes,22.5,68.8,2.56,4.6,10.3,60.7,Pass,D
STU-2026-10621,Charter,Suburban,Male,Masters,Yes,Yes,Yes,11.7,71.0,1.86,6.4,10.6,52.3,Fail,F
STU-2026-10622,Private,Rural,Female,Some College,Yes,Yes,No,31.8,94.9,2.84,5.3,2.3,64.9,Pass,D
STU-2026-10623,Public,Urban,Female,High School,Yes,No,No,22.3,76.0,2.22,4.8,5.1,56.6,Fail,F
STU-2026-10624,Public,Rural,Female,Bachelors,Yes,Yes,Yes,21.4,75.2,2.05,6.9,2.2,56.8,Fail,F
STU-2026-10625,Private,Suburban,Male,Some College,No,No,Yes,29.3,67.7,2.02,9.5,4.1,55.4,Fail,F
STU-2026-10626,Public,Suburban,Male,Bachelors,No,Yes,No,27.9,69.9,1.79,5.3,0.2,58.5,Fail,F
STU-2026-10627,Private,Urban,Female,Some College,Yes,No,Yes,16.4,68.4,2.88,6.2,6.1,68.6,Pass,D
STU-2026-10628,Private,Suburban,Male,Bachelors,Yes,Yes,Yes,12.7,65.1,2.94,8.5,1.0,68.3,Pass,D
STU-2026-10629,Public,Suburban,Female,Some College,Yes,No,No,2.8,74.5,2.59,8.1,12.5,56.8,Fail,F
STU-2026-10630,Private,Urban,Female,Bachelors,Yes,No,No,10.2,79.5,2.96,8.1,0.3,62.8,Pass,D
STU-2026-10631,Public,Urban,Female,Bachelors,No,No,Yes,5.0,66.2,3.13,8.2,0.5,52.5,Fail,F
STU-2026-10632,Public,Suburban,Male,Doctorate,Yes,Yes,No,17.9,98.0,3.13,7.3,5.5,78.8,Pass,C
STU-2026-10633,Public,Suburban,Female,Some College,Yes,No,No,26.7,69.9,2.95,8.6,0.8,68.3,Pass,D
STU-2026-10634,Public,Urban,Female,Bachelors,No,No,Yes,17.2,90.0,2.61,4.9,9.8,59.5,Fail,F
STU-2026-10635,Public,Rural,Female,Bachelors,Yes,Yes,Yes,30.4,80.8,2.73,6.7,3.1,70.3,Pass,C
STU-2026-10636,Public,Urban,Male,Bachelors,Yes,Yes,No,13.9,87.7,1.65,8.5,12.7,48.6,Fail,F
STU-2026-10637,Public,Urban,Male,High School,Yes,Yes,No,20.9,64.5,1.78,4.6,7.4,49.2,Fail,F
STU-2026-10638,Private,Suburban,Male,High School,Yes,Yes,Yes,21.4,61.1,1.61,7.3,5.4,47.7,Fail,F
STU-2026-10639,Public,Urban,Female,Bachelors,Yes,Yes,No,19.0,94.0,1.76,8.6,4.5,54.1,Fail,F
STU-2026-10640,Charter,Urban,Male,High School,Yes,No,Yes,6.5,91.9,1.64,6.8,4.5,50.4,Fail,F
STU-2026-10641,Public,Suburban,Female,Bachelors,Yes,Yes,No,7.9,85.8,1.98,4.5,5.0,52.2,Fail,F
STU-2026-10642,Public,Urban,Male,Bachelors,Yes,No,No,23.6,83.0,2.2,7.0,13.5,55.4,Fail,F
STU-2026-10643,Private,Suburban,Female,Some College,Yes,No,No,14.7,88.1,1.51,7.6,14.4,46.0,Fail,F
STU-2026-10644,Public,Suburban,Male,Some College,No,No,No,7.6,94.2,1.54,8.5,10.8,37.1,Fail,F
STU-2026-10645,Private,Rural,Female,Bachelors,Yes,No,Yes,27.0,88.2,3.36,7.3,8.3,75.9,Pass,C
STU-2026-10646,Public,Urban,Male,Masters,Yes,No,No,19.9,89.9,3.14,8.2,7.9,75.7,Pass,C
STU-2026-10647,Private,Suburban,Male,Bachelors,Yes,No,No,12.4,96.7,2.71,8.1,7.1,64.3,Pass,D
STU-2026-10648,Public,Urban,Female,High School,Yes,Yes,No,5.7,98.6,2.74,6.1,11.1,56.6,Fail,F
STU-2026-10649,Private,Suburban,Male,Some College,Yes,Yes,No,8.1,89.4,2.42,5.9,8.7,44.2,Fail,F
STU-2026-10650,Public,Suburban,Male,Bachelors,Yes,No,No,18.6,97.5,3.07,6.6,13.4,71.3,Pass,C
STU-2026-10651,Public,Urban,Female,Bachelors,Yes,No,No,22.1,77.1,2.12,6.3,2.8,60.0,Pass,D
STU-2026-10652,Private,Urban,Male,Some College,Yes,Yes,No,9.2,94.6,2.31,8.1,0.2,52.2,Fail,F
STU-2026-10653,Private,Suburban,Male,Bachelors,No,Yes,No,30.2,81.8,2.63,5.2,0.9,63.0,Pass,D
STU-2026-10654,Charter,Suburban,Female,Some College,No,No,Yes,17.1,88.3,3.15,4.5,10.8,63.6,Pass,D
STU-2026-10655,Public,Urban,Female,Doctorate,Yes,No,No,25.5,79.3,1.96,6.5,9.8,63.4,Pass,D
STU-2026-10656,Private,Urban,Male,Masters,Yes,Yes,Yes,5.4,81.6,2.18,6.1,2.4,53.4,Fail,F
STU-2026-10657,Public,Rural,Female,Bachelors,Yes,Yes,No,21.0,88.6,3.33,5.5,1.4,74.0,Pass,C
STU-2026-10658,Public,Urban,Male,Some College,Yes,No,No,26.4,79.1,2.72,8.4,14.2,67.6,Pass,D
STU-2026-10659,Public,Urban,Female,Bachelors,Yes,No,No,22.9,95.1,2.58,7.0,13.5,68.1,Pass,D
STU-2026-10660,Public,Suburban,Female,Bachelors,Yes,No,Yes,26.6,83.5,2.91,4.9,1.3,69.7,Pass,D
STU-2026-10661,Private,Rural,Male,Masters,Yes,Yes,Yes,4.0,71.4,1.85,5.7,9.8,57.8,Fail,F
STU-2026-10662,Private,Suburban,Female,High School,Yes,Yes,No,10.9,96.2,3.35,7.3,2.3,62.6,Pass,D
STU-2026-10663,Charter,Urban,Female,Some College,Yes,No,No,26.8,95.2,2.7,9.2,7.5,68.5,Pass,D
STU-2026-10664,Public,Urban,Female,Bachelors,Yes,Yes,No,8.4,62.8,2.62,6.2,4.5,51.0,Fail,F
STU-2026-10665,Private,Rural,Female,Some College,Yes,Yes,No,32.8,93.0,2.72,5.0,2.8,73.6,Pass,C
STU-2026-10666,Public,Suburban,Male,High School,Yes,No,No,14.2,75.5,3.14,4.8,8.8,66.1,Pass,D
STU-2026-10667,Public,Urban,Female,Some College,Yes,Yes,No,29.2,86.5,3.8,8.7,9.7,76.2,Pass,C
STU-2026-10668,Charter,Urban,Female,Some College,Yes,No,Yes,7.1,95.6,2.65,4.9,14.9,63.6,Pass,D
STU-2026-10669,Public,Suburban,Female,Bachelors,Yes,Yes,No,25.4,84.3,3.14,9.2,13.7,72.8,Pass,C
STU-2026-10670,Public,Urban,Male,Some College,Yes,Yes,No,3.8,87.8,1.79,5.7,0.3,42.1,Fail,F
STU-2026-10671,Private,Suburban,Male,High School,Yes,No,No,8.7,98.4,1.55,7.9,6.8,48.3,Fail,F
STU-2026-10672,Public,Suburban,Male,High School,Yes,Yes,No,23.3,68.6,3.47,8.7,2.7,67.5,Pass,D
STU-2026-10673,Private,Urban,Male,High School,Yes,No,No,28.8,86.3,2.91,7.9,13.1,65.8,Pass,D
STU-2026-10674,Private,Suburban,Female,Some College,Yes,No,Yes,14.0,88.0,2.0,8.4,7.1,59.6,Fail,F
STU-2026-10675,Public,Suburban,Male,High School,Yes,No,No,15.0,64.4,3.8,8.7,12.7,56.1,Fail,F
STU-2026-10676,Public,Suburban,Female,Bachelors,Yes,Yes,No,25.7,77.3,3.44,5.9,13.2,70.1,Pass,C
STU-2026-10677,Private,Suburban,Male,Bachelors,Yes,No,No,19.7,62.9,3.41,8.2,1.5,63.6,Pass,D
STU-2026-10678,Private,Rural,Female,Some College,Yes,Yes,Yes,3.5,93.5,2.07,8.8,12.8,51.0,Fail,F
STU-2026-10679,Public,Suburban,Female,High School,Yes,Yes,No,30.0,85.3,2.54,8.4,3.1,65.3,Pass,D
STU-2026-10680,Charter,Suburban,Female,Some College,No,No,Yes,19.5,82.7,3.33,6.8,4.5,61.9,Pass,D
STU-2026-10681,Public,Urban,Female,Masters,Yes,Yes,Yes,22.9,79.8,3.37,6.9,5.9,77.1,Pass,C
STU-2026-10682,Public,Rural,Male,High School,No,No,No,18.1,79.1,1.69,9.0,9.2,46.5,Fail,F
STU-2026-10683,Public,Urban,Male,High School,Yes,No,No,25.1,62.3,2.57,9.2,14.2,51.0,Fail,F
STU-2026-10684,Public,Suburban,Female,Bachelors,Yes,No,No,26.2,70.5,3.27,9.0,7.8,67.1,Pass,D
STU-2026-10685,Public,Urban,Male,Bachelors,Yes,Yes,Yes,9.2,79.7,3.99,6.7,0.6,78.5,Pass,C
STU-2026-10686,Public,Suburban,Male,High School,Yes,Yes,No,11.5,88.9,3.15,9.3,1.5,55.8,Fail,F
STU-2026-10687,Public,Urban,Male,Bachelors,Yes,Yes,No,28.4,72.7,2.91,7.2,8.2,68.5,Pass,D
STU-2026-10688,Public,Urban,Female,Bachelors,Yes,Yes,No,24.6,84.8,2.82,6.3,2.8,69.0,Pass,D
STU-2026-10689,Public,Suburban,Female,Bachelors,Yes,No,Yes,3.4,72.0,2.03,5.9,12.8,54.5,Fail,F
STU-2026-10690,Public,Suburban,Female,Masters,Yes,No,Yes,25.3,88.9,1.84,7.2,12.6,65.9,Pass,D
STU-2026-10691,Public,Suburban,Male,Masters,Yes,Yes,Yes,32.9,79.0,2.71,8.5,12.6,80.1,Pass,B
STU-2026-10692,Private,Urban,Male,Some College,No,No,No,10.6,61.2,2.36,5.2,3.5,43.8,Fail,F
STU-2026-10693,Public,Urban,Male,Bachelors,Yes,Yes,Yes,11.7,93.1,3.75,5.0,12.6,73.6,Pass,C
STU-2026-10694,Public,Suburban,Female,High School,Yes,Yes,Yes,32.1,81.4,1.68,8.2,7.3,62.0,Pass,D
STU-2026-10695,Private,Suburban,Female,High School,Yes,Yes,No,16.7,71.4,2.64,6.5,13.4,53.0,Fail,F
STU-2026-10696,Public,Suburban,Female,Bachelors,Yes,Yes,No,8.0,67.5,2.14,7.3,4.1,48.0,Fail,F
STU-2026-10697,Public,Urban,Male,Bachelors,Yes,Yes,Yes,29.2,99.3,3.1,6.8,4.0,83.9,Pass,B
STU-2026-10698,Public,Rural,Female,High School,Yes,Yes,Yes,3.6,81.5,1.63,9.0,13.5,46.0,Fail,F
STU-2026-10699,Public,Suburban,Female,Doctorate,Yes,Yes,No,15.8,93.4,2.61,7.7,13.7,58.3,Fail,F
STU-2026-10700,Public,Urban,Male,High School,Yes,Yes,No,5.4,61.7,2.39,5.8,2.5,37.1,Fail,F
STU-2026-10701,Public,Urban,Female,Bachelors,Yes,No,No,13.2,67.0,2.17,5.7,6.7,53.9,Fail,F
STU-2026-10702,Private,Urban,Female,Bachelors,Yes,No,No,19.4,78.7,1.88,4.7,2.6,58.3,Fail,F
STU-2026-10703,Public,Urban,Female,Bachelors,Yes,No,No,21.1,65.1,1.59,9.0,8.1,47.8,Fail,F
STU-2026-10704,Charter,Urban,Male,Bachelors,Yes,Yes,No,14.6,99.6,3.66,5.6,8.6,67.8,Pass,D
STU-2026-10705,Public,Suburban,Male,High School,Yes,Yes,No,23.2,97.1,2.76,9.3,5.3,61.8,Pass,D
STU-2026-10706,Public,Urban,Male,High School,Yes,Yes,No,14.6,82.6,2.3,9.4,9.0,56.6,Fail,F
STU-2026-10707,Private,Rural,Male,Bachelors,Yes,Yes,Yes,28.1,87.9,1.64,4.9,11.8,62.0,Pass,D
STU-2026-10708,Public,Urban,Male,Some College,Yes,Yes,Yes,3.4,73.3,3.15,7.8,13.6,48.0,Fail,F
STU-2026-10709,Public,Urban,Female,Bachelors,Yes,Yes,Yes,15.8,96.9,2.39,6.2,7.0,65.3,Pass,D
STU-2026-10710,Public,Rural,Male,Some College,Yes,Yes,Yes,14.2,76.3,3.87,6.3,10.6,76.9,Pass,C
STU-2026-10711,Private,Suburban,Male,Some College,Yes,Yes,No,8.2,87.1,1.89,5.2,5.8,56.8,Fail,F
STU-2026-10712,Public,Urban,Male,Some College,Yes,Yes,No,31.6,61.8,3.16,5.1,1.9,62.5,Pass,D
STU-2026-10713,Charter,Rural,Female,Bachelors,Yes,No,No,24.4,90.9,3.28,6.9,14.7,67.6,Pass,D
STU-2026-10714,Public,Suburban,Female,Masters,Yes,Yes,Yes,4.8,76.7,3.01,6.3,2.3,55.1,Fail,F
STU-2026-10715,Public,Rural,Male,Bachelors,Yes,No,No,20.3,72.2,2.4,7.0,12.8,54.1,Fail,F
STU-2026-10716,Public,Suburban,Male,High School,Yes,Yes,No,23.2,85.9,2.66,8.6,0.2,67.5,Pass,D
STU-2026-10717,Public,Suburban,Female,High School,Yes,Yes,No,6.4,99.1,1.97,8.9,9.2,37.8,Fail,F
STU-2026-10718,Public,Urban,Female,Some College,Yes,Yes,No,26.6,63.3,3.83,4.8,1.7,76.3,Pass,C
STU-2026-10719,Public,Suburban,Female,Some College,Yes,Yes,No,6.9,77.3,2.87,6.2,10.5,58.8,Fail,F
STU-2026-10720,Public,Suburban,Male,Bachelors,Yes,No,No,20.8,85.2,1.74,4.6,13.8,48.4,Fail,F
STU-2026-10721,Public,Suburban,Female,Some College,Yes,No,Yes,32.5,64.5,2.04,5.8,2.3,55.5,Fail,F
STU-2026-10722,Private,Rural,Female,High School,Yes,No,Yes,34.2,70.0,3.95,6.3,9.1,68.6,Pass,D
STU-2026-10723,Private,Rural,Female,Some College,No,Yes,Yes,9.2,89.4,2.12,8.1,13.6,55.7,Fail,F
STU-2026-10724,Private,Rural,Male,High School,Yes,Yes,No,17.8,91.0,3.13,9.0,12.0,66.6,Pass,D
STU-2026-10725,Public,Urban,Male,Masters,Yes,Yes,Yes,29.4,86.0,1.95,7.3,3.2,66.5,Pass,D
STU-2026-10726,Public,Suburban,Female,Bachelors,Yes,Yes,No,19.0,77.0,2.85,5.8,10.3,63.0,Pass,D
STU-2026-10727,Public,Suburban,Male,Bachelors,Yes,No,No,5.8,69.9,1.87,9.1,1.2,42.3,Fail,F
STU-2026-10728,Private,Urban,Male,Masters,Yes,Yes,No,32.8,60.8,2.87,8.0,4.0,70.7,Pass,C
STU-2026-10729,Private,Suburban,Female,Masters,Yes,Yes,Yes,17.7,83.4,3.36,7.4,11.1,75.1,Pass,C
STU-2026-10730,Private,Urban,Female,Bachelors,Yes,No,No,23.9,74.7,1.51,9.5,8.9,55.6,Fail,F
STU-2026-10731,Public,Urban,Female,Doctorate,Yes,No,No,28.4,65.9,3.88,8.5,3.4,74.3,Pass,C
STU-2026-10732,Public,Rural,Male,Bachelors,Yes,Yes,No,34.6,73.0,2.16,9.0,11.0,66.3,Pass,D
STU-2026-10733,Public,Suburban,Female,High School,No,Yes,No,27.7,72.0,3.84,8.0,0.7,67.8,Pass,D
STU-2026-10734,Private,Suburban,Male,Doctorate,Yes,No,No,19.9,66.3,3.62,9.1,11.9,73.7,Pass,C
STU-2026-10735,Private,Rural,Male,Some College,Yes,No,No,20.9,84.1,2.2,5.8,13.4,63.3,Pass,D
STU-2026-10736,Private,Suburban,Female,Masters,Yes,Yes,Yes,24.4,85.4,3.1,7.0,11.2,83.0,Pass,B
STU-2026-10737,Public,Suburban,Male,Bachelors,Yes,Yes,No,2.5,79.1,3.77,6.7,2.4,58.1,Fail,F
STU-2026-10738,Public,Suburban,Female,Some College,Yes,No,Yes,16.7,91.1,2.92,5.0,14.2,75.7,Pass,C
STU-2026-10739,Private,Suburban,Male,High School,Yes,Yes,No,31.8,85.4,3.12,5.6,9.4,69.2,Pass,D
STU-2026-10740,Public,Suburban,Male,Bachelors,Yes,No,No,32.1,94.2,2.93,4.5,8.5,71.5,Pass,C
STU-2026-10741,Public,Urban,Male,Some College,Yes,Yes,No,4.8,79.2,2.43,7.9,14.3,47.3,Fail,F
STU-2026-10742,Private,Urban,Female,Some College,Yes,Yes,No,4.5,93.5,2.92,4.6,0.2,55.7,Fail,F
STU-2026-10743,Private,Suburban,Male,Bachelors,Yes,No,No,28.4,79.5,1.79,8.4,0.2,54.4,Fail,F
STU-2026-10744,Charter,Suburban,Female,Bachelors,Yes,No,No,19.0,74.0,3.13,5.7,5.0,63.5,Pass,D
STU-2026-10745,Public,Urban,Female,Some College,Yes,No,No,20.0,83.8,3.44,5.0,10.8,62.6,Pass,D
STU-2026-10746,Public,Suburban,Female,High School,Yes,No,No,17.5,63.3,3.0,4.8,14.9,50.2,Fail,F
STU-2026-10747,Public,Urban,Male,Doctorate,No,Yes,Yes,9.8,69.1,2.79,4.8,10.3,58.5,Fail,F
STU-2026-10748,Private,Urban,Female,Some College,No,No,Yes,30.4,83.2,3.05,5.8,0.6,72.1,Pass,C
STU-2026-10749,Charter,Rural,Female,High School,Yes,Yes,No,9.8,60.7,2.09,5.8,1.6,38.4,Fail,F
STU-2026-10750,Public,Suburban,Female,High School,Yes,No,Yes,15.0,70.6,3.47,9.3,11.5,60.4,Pass,D
STU-2026-10751,Public,Urban,Female,Masters,No,Yes,No,31.6,63.4,1.99,4.7,2.7,52.2,Fail,F
STU-2026-10752,Public,Urban,Female,Doctorate,Yes,No,No,18.8,60.1,3.07,5.5,6.8,64.0,Pass,D
STU-2026-10753,Public,Urban,Male,Some College,Yes,No,No,4.8,76.8,2.97,6.8,14.4,58.9,Fail,F
STU-2026-10754,Charter,Urban,Male,High School,Yes,Yes,No,27.9,93.4,3.18,4.7,7.1,69.5,Pass,D
STU-2026-10755,Public,Suburban,Female,Bachelors,No,Yes,Yes,8.3,89.9,2.33,7.1,1.8,59.8,Fail,F
STU-2026-10756,Charter,Suburban,Male,Masters,Yes,No,No,25.1,89.2,3.56,7.6,4.3,82.0,Pass,B
STU-2026-10757,Private,Suburban,Female,Doctorate,Yes,No,No,22.6,89.8,1.89,8.4,11.7,66.3,Pass,D
STU-2026-10758,Public,Suburban,Female,Some College,Yes,No,No,29.5,96.8,3.53,6.6,12.6,83.0,Pass,B
STU-2026-10759,Charter,Urban,Female,Doctorate,Yes,No,No,12.4,86.6,1.67,8.3,14.1,54.4,Fail,F
STU-2026-10760,Public,Urban,Female,High School,Yes,No,No,14.6,80.0,1.51,4.6,2.0,43.4,Fail,F
STU-2026-10761,Public,Urban,Male,Doctorate,Yes,Yes,No,3.9,91.8,3.07,7.6,0.6,66.1,Pass,D
STU-2026-10762,Public,Urban,Female,Bachelors,Yes,No,Yes,34.9,93.1,3.43,5.0,6.8,84.5,Pass,B
STU-2026-10763,Private,Suburban,Female,Bachelors,Yes,No,Yes,19.2,94.2,3.77,5.0,15.0,80.1,Pass,B
STU-2026-10764,Charter,Suburban,Female,Some College,Yes,No,Yes,12.2,67.0,2.12,6.9,5.7,55.1,Fail,F
STU-2026-10765,Private,Urban,Male,High School,Yes,No,Yes,20.1,81.4,3.46,5.9,1.6,72.1,Pass,C
STU-2026-10766,Public,Suburban,Male,High School,Yes,Yes,No,22.4,89.4,1.72,7.3,7.1,56.6,Fail,F
STU-2026-10767,Public,Urban,Male,High School,Yes,Yes,No,3.7,93.1,1.92,8.3,3.6,48.6,Fail,F
STU-2026-10768,Public,Rural,Female,Bachelors,Yes,Yes,No,32.8,77.7,3.14,8.1,1.7,74.7,Pass,C
STU-2026-10769,Public,Rural,Female,Some College,Yes,Yes,Yes,25.4,66.4,2.85,5.5,15.0,62.1,Pass,D
STU-2026-10770,Public,Suburban,Male,High School,Yes,Yes,No,33.0,78.1,2.96,7.1,14.3,67.1,Pass,D
STU-2026-10771,Public,Rural,Female,Bachelors,No,No,No,6.0,63.8,3.88,7.1,14.6,61.4,Pass,D
STU-2026-10772,Private,Rural,Male,High School,Yes,No,Yes,11.2,73.2,2.18,8.7,12.0,45.6,Fail,F
STU-2026-10773,Public,Rural,Female,Some College,No,No,Yes,6.7,66.5,3.8,5.8,8.9,60.8,Pass,D
STU-2026-10774,Public,Suburban,Female,Some College,Yes,Yes,No,33.6,63.5,3.81,5.6,9.8,81.9,Pass,B
STU-2026-10775,Private,Urban,Male,Some College,Yes,No,No,27.0,98.6,3.5,6.7,10.2,84.1,Pass,B
STU-2026-10776,Private,Suburban,Male,Bachelors,Yes,No,Yes,27.3,73.5,3.71,8.5,0.1,78.1,Pass,C
STU-2026-10777,Public,Suburban,Male,Some College,Yes,Yes,Yes,17.4,90.4,2.52,5.5,4.2,65.3,Pass,D
STU-2026-10778,Public,Suburban,Female,High School,No,Yes,Yes,29.7,82.5,1.94,6.0,8.1,60.5,Pass,D
STU-2026-10779,Public,Urban,Male,Some College,Yes,No,Yes,25.2,64.1,3.59,7.3,10.9,69.5,Pass,D
STU-2026-10780,Private,Rural,Female,High School,Yes,Yes,Yes,6.3,90.7,2.77,8.1,9.5,58.6,Fail,F
STU-2026-10781,Private,Suburban,Female,Some College,Yes,No,No,5.8,88.1,3.99,4.6,10.5,61.6,Pass,D
STU-2026-10782,Public,Urban,Female,Bachelors,Yes,Yes,No,8.7,95.2,2.8,9.2,2.5,61.8,Pass,D
STU-2026-10783,Private,Urban,Female,Some College,Yes,Yes,Yes,4.4,82.3,1.91,6.9,5.6,48.3,Fail,F
STU-2026-10784,Public,Urban,Male,Some College,Yes,Yes,No,15.0,99.6,2.32,9.2,6.9,67.0,Pass,D
STU-2026-10785,Private,Urban,Male,Masters,Yes,Yes,No,26.3,76.4,3.29,5.1,6.9,77.6,Pass,C
STU-2026-10786,Public,Rural,Female,High School,Yes,Yes,No,29.1,70.4,3.81,6.6,0.6,73.5,Pass,C
STU-2026-10787,Public,Urban,Female,Bachelors,Yes,Yes,No,21.9,86.4,3.15,6.5,12.4,65.5,Pass,D
STU-2026-10788,Public,Suburban,Female,Masters,Yes,No,No,28.1,98.7,3.26,5.0,12.0,72.8,Pass,C
STU-2026-10789,Public,Suburban,Male,Some College,Yes,Yes,No,34.0,99.4,3.36,7.9,7.3,74.6,Pass,C
STU-2026-10790,Public,Suburban,Male,Masters,Yes,No,No,11.5,90.0,1.74,7.4,8.7,57.5,Fail,F
STU-2026-10791,Public,Urban,Male,Bachelors,Yes,No,No,12.5,83.7,3.82,8.3,8.3,63.0,Pass,D
STU-2026-10792,Private,Suburban,Female,Some College,Yes,Yes,No,30.2,86.8,1.8,7.3,2.0,55.9,Fail,F
STU-2026-10793,Private,Urban,Male,Some College,Yes,Yes,No,22.0,70.2,3.25,4.7,0.4,64.7,Pass,D
STU-2026-10794,Private,Suburban,Female,Some College,Yes,No,Yes,21.8,91.7,3.32,6.2,9.0,74.6,Pass,C
STU-2026-10795,Public,Urban,Male,Bachelors,Yes,Yes,No,26.3,97.3,3.37,8.1,3.0,72.4,Pass,C
STU-2026-10796,Public,Suburban,Female,Some College,Yes,No,No,12.5,61.8,2.91,7.2,10.5,51.3,Fail,F
STU-2026-10797,Private,Urban,Male,Bachelors,Yes,No,No,29.4,81.5,2.29,5.9,4.2,68.7,Pass,D
STU-2026-10798,Private,Rural,Male,Some College,Yes,Yes,No,19.1,67.9,3.04,5.4,0.0,64.2,Pass,D
STU-2026-10799,Public,Urban,Female,Masters,Yes,Yes,Yes,34.4,82.9,3.21,7.8,10.8,87.8,Pass,B
STU-2026-10800,Private,Rural,Male,High School,Yes,Yes,No,10.4,74.0,2.43,6.2,7.9,58.2,Fail,F
STU-2026-10801,Private,Suburban,Male,Doctorate,Yes,Yes,No,29.2,85.5,2.09,6.2,9.1,67.0,Pass,D
STU-2026-10802,Public,Rural,Male,Bachelors,Yes,Yes,No,28.3,89.6,2.39,6.2,8.8,67.2,Pass,D
STU-2026-10803,Private,Urban,Male,Some College,Yes,Yes,No,12.0,94.6,1.53,8.4,10.6,46.6,Fail,F
STU-2026-10804,Public,Rural,Male,Bachelors,Yes,No,Yes,6.6,61.1,1.61,7.9,9.8,51.3,Fail,F
STU-2026-10805,Public,Suburban,Female,Some College,Yes,No,No,23.0,68.2,2.44,5.3,10.9,53.0,Fail,F
STU-2026-10806,Public,Urban,Male,Masters,Yes,No,No,7.4,90.0,2.32,9.2,8.3,58.0,Fail,F
STU-2026-10807,Public,Suburban,Female,High School,Yes,Yes,No,22.6,79.2,2.23,7.3,5.6,50.8,Fail,F
STU-2026-10808,Charter,Urban,Male,Bachelors,No,Yes,Yes,24.6,75.1,3.56,4.6,6.0,76.0,Pass,C
STU-2026-10809,Private,Urban,Female,Bachelors,Yes,No,No,15.0,74.2,2.99,7.1,5.4,57.9,Fail,F
STU-2026-10810,Private,Suburban,Male,Some College,Yes,Yes,Yes,33.3,70.5,2.16,5.8,11.4,60.8,Pass,D
STU-2026-10811,Private,Suburban,Female,Masters,Yes,Yes,Yes,23.4,99.1,3.0,8.4,11.7,74.8,Pass,C
STU-2026-10812,Private,Urban,Male,Some College,Yes,Yes,No,3.4,63.5,3.34,5.3,13.7,45.4,Fail,F
STU-2026-10813,Public,Urban,Female,Some College,Yes,No,Yes,8.8,84.5,2.92,4.7,4.9,59.0,Fail,F
STU-2026-10814,Public,Suburban,Male,Some College,Yes,No,No,6.9,87.4,2.83,6.1,12.0,55.2,Fail,F
STU-2026-10815,Private,Suburban,Male,Masters,Yes,Yes,No,17.4,83.3,2.71,8.8,10.6,61.3,Pass,D
STU-2026-10816,Public,Rural,Male,High School,No,No,No,2.6,81.6,3.59,6.2,2.6,50.2,Fail,F
STU-2026-10817,Public,Suburban,Female,High School,Yes,Yes,No,18.6,74.9,3.42,6.9,7.0,67.8,Pass,D
STU-2026-10818,Charter,Suburban,Male,High School,No,No,Yes,12.1,97.4,1.94,6.1,10.6,60.4,Pass,D
STU-2026-10819,Public,Suburban,Male,Bachelors,Yes,No,No,18.9,75.9,3.06,7.8,11.2,66.0,Pass,D
STU-2026-10820,Public,Suburban,Female,High School,Yes,Yes,No,14.4,70.2,2.1,5.6,11.3,51.2,Fail,F
STU-2026-10821,Public,Urban,Male,High School,Yes,Yes,Yes,26.5,64.3,1.86,6.0,5.3,60.5,Pass,D
STU-2026-10822,Public,Suburban,Female,Masters,Yes,No,No,24.2,75.4,3.07,8.7,14.4,69.1,Pass,D
STU-2026-10823,Public,Rural,Male,Bachelors,Yes,No,Yes,14.3,70.5,2.34,7.0,12.1,58.2,Fail,F
STU-2026-10824,Charter,Suburban,Female,Doctorate,Yes,Yes,No,21.9,77.7,3.24,5.3,0.3,73.7,Pass,C
STU-2026-10825,Charter,Rural,Male,Some College,Yes,Yes,No,19.3,90.8,3.95,7.7,0.4,76.5,Pass,C
STU-2026-10826,Public,Urban,Male,Bachelors,Yes,No,Yes,16.2,96.2,2.3,5.6,14.7,65.2,Pass,D
STU-2026-10827,Public,Rural,Female,High School,Yes,Yes,No,5.0,93.4,2.64,5.5,5.7,49.6,Fail,F
STU-2026-10828,Public,Urban,Male,Bachelors,Yes,No,No,25.9,67.2,3.59,6.7,3.5,69.3,Pass,D
STU-2026-10829,Public,Urban,Male,Bachelors,Yes,No,No,14.6,86.5,2.98,5.8,6.8,63.9,Pass,D
STU-2026-10830,Private,Urban,Female,Some College,Yes,Yes,No,3.8,75.5,2.53,8.0,11.0,43.0,Fail,F
STU-2026-10831,Public,Suburban,Female,Some College,Yes,No,Yes,26.0,75.1,1.53,6.2,9.1,58.3,Fail,F
STU-2026-10832,Public,Urban,Male,Some College,Yes,Yes,Yes,14.8,84.8,3.58,5.5,10.3,70.8,Pass,C
STU-2026-10833,Public,Suburban,Female,Some College,Yes,No,Yes,34.9,74.9,2.52,8.5,9.5,71.3,Pass,C
STU-2026-10834,Public,Suburban,Female,Some College,Yes,No,No,14.6,62.0,2.6,6.8,7.9,53.8,Fail,F
STU-2026-10835,Private,Urban,Female,Some College,Yes,Yes,Yes,11.9,87.5,3.48,5.7,10.0,76.9,Pass,C
STU-2026-10836,Public,Urban,Male,Some College,Yes,Yes,No,11.7,60.1,3.66,7.9,4.6,59.8,Fail,F
STU-2026-10837,Charter,Urban,Female,Some College,No,Yes,Yes,12.9,89.4,2.74,8.8,8.3,57.3,Fail,F
STU-2026-10838,Public,Suburban,Male,Bachelors,Yes,Yes,No,34.2,64.1,2.44,8.8,13.3,62.9,Pass,D
STU-2026-10839,Public,Urban,Female,High School,Yes,Yes,No,30.1,77.4,2.74,6.8,13.0,63.3,Pass,D
STU-2026-10840,Public,Suburban,Female,Some College,Yes,Yes,No,30.3,84.1,2.9,7.0,10.9,69.7,Pass,D
STU-2026-10841,Public,Urban,Male,High School,Yes,No,Yes,6.8,76.6,2.83,4.6,7.8,54.5,Fail,F
STU-2026-10842,Private,Suburban,Male,High School,Yes,Yes,Yes,26.7,68.5,2.27,6.9,11.6,60.8,Pass,D
STU-2026-10843,Private,Urban,Female,High School,Yes,Yes,Yes,17.4,75.6,2.01,7.4,12.0,54.9,Fail,F
STU-2026-10844,Public,Suburban,Female,Some College,Yes,Yes,No,21.1,70.0,3.97,6.5,13.7,71.9,Pass,C
STU-2026-10845,Private,Suburban,Male,Bachelors,Yes,Yes,No,22.7,99.0,1.87,8.5,1.9,69.6,Pass,D
STU-2026-10846,Public,Suburban,Female,Some College,No,No,No,18.5,61.6,1.53,6.8,5.3,42.6,Fail,F
STU-2026-10847,Public,Urban,Female,Bachelors,Yes,Yes,Yes,10.0,98.6,3.64,4.9,9.0,75.1,Pass,C
STU-2026-10848,Private,Suburban,Male,Bachelors,Yes,No,Yes,15.9,96.6,1.79,6.4,7.7,61.3,Pass,D
STU-2026-10849,Public,Rural,Male,High School,No,No,No,4.1,85.9,2.81,9.2,0.6,51.7,Fail,F
STU-2026-10850,Public,Urban,Male,High School,Yes,No,No,10.1,69.8,3.68,8.4,6.2,58.6,Fail,F
STU-2026-10851,Public,Rural,Female,Bachelors,Yes,Yes,No,10.6,67.4,2.3,6.5,2.1,50.0,Fail,F
STU-2026-10852,Charter,Urban,Female,Some College,Yes,Yes,No,22.7,74.0,2.57,7.4,12.1,55.2,Fail,F
STU-2026-10853,Private,Urban,Female,Masters,Yes,No,No,20.7,62.2,2.56,6.6,7.1,57.5,Fail,F
STU-2026-10854,Public,Suburban,Male,Some College,Yes,No,No,20.7,72.7,3.13,8.3,4.8,67.1,Pass,D
STU-2026-10855,Public,Urban,Male,Bachelors,Yes,Yes,No,23.8,62.6,1.96,8.5,13.7,57.1,Fail,F
STU-2026-10856,Public,Suburban,Male,Some College,No,Yes,No,24.3,69.4,3.51,6.2,4.4,64.3,Pass,D
STU-2026-10857,Public,Suburban,Male,Some College,Yes,No,Yes,18.2,77.9,2.31,8.6,12.7,55.6,Fail,F
STU-2026-10858,Public,Rural,Female,Bachelors,Yes,No,No,19.2,80.6,3.13,6.9,7.4,65.2,Pass,D
STU-2026-10859,Public,Suburban,Female,Some College,No,No,No,22.7,98.8,2.39,7.0,8.3,56.3,Fail,F
STU-2026-10860,Public,Suburban,Female,High School,Yes,No,No,8.3,89.3,3.89,8.3,1.9,68.6,Pass,D
STU-2026-10861,Private,Rural,Female,Some College,Yes,No,No,24.2,86.6,1.69,8.4,3.7,61.2,Pass,D
STU-2026-10862,Public,Rural,Female,Bachelors,Yes,Yes,No,4.5,60.7,3.64,7.9,9.4,44.2,Fail,F
STU-2026-10863,Private,Suburban,Male,Bachelors,Yes,No,Yes,19.8,85.8,3.3,6.6,14.3,73.6,Pass,C
STU-2026-10864,Private,Rural,Female,Bachelors,Yes,Yes,No,22.1,72.8,3.52,7.4,3.6,67.0,Pass,D
STU-2026-10865,Public,Urban,Female,Masters,Yes,Yes,No,27.7,79.8,1.88,5.6,7.5,58.8,Fail,F
STU-2026-10866,Private,Urban,Female,Bachelors,No,Yes,No,4.6,67.3,3.99,6.9,7.9,55.2,Fail,F
STU-2026-10867,Public,Urban,Male,High School,Yes,No,No,33.6,86.0,3.5,5.8,1.6,74.5,Pass,C
STU-2026-10868,Charter,Urban,Male,Doctorate,Yes,Yes,No,10.7,63.8,2.58,6.7,8.0,55.6,Fail,F
STU-2026-10869,Public,Suburban,Male,Masters,Yes,No,No,13.3,81.6,3.92,6.0,14.0,85.2,Pass,B
STU-2026-10870,Public,Urban,Female,Some College,Yes,Yes,No,22.5,85.0,2.86,5.0,0.3,68.3,Pass,D
STU-2026-10871,Public,Suburban,Male,Bachelors,Yes,No,Yes,25.6,83.6,1.82,9.3,11.4,65.1,Pass,D
STU-2026-10872,Private,Urban,Female,High School,Yes,Yes,No,9.5,97.8,2.7,9.0,4.1,55.7,Fail,F
STU-2026-10873,Private,Urban,Female,Bachelors,No,No,No,24.2,95.8,3.01,7.9,13.9,69.8,Pass,D
STU-2026-10874,Public,Urban,Female,Some College,Yes,Yes,No,27.3,69.7,3.33,7.8,13.0,71.5,Pass,C
STU-2026-10875,Public,Urban,Male,Bachelors,Yes,Yes,Yes,16.3,83.4,3.52,7.1,5.1,69.9,Pass,D
STU-2026-10876,Public,Suburban,Female,Some College,No,Yes,No,17.9,60.6,2.16,7.0,2.2,55.4,Fail,F
STU-2026-10877,Private,Suburban,Male,Some College,Yes,Yes,No,14.8,61.0,3.35,7.1,10.6,50.5,Fail,F
STU-2026-10878,Private,Rural,Female,Some College,Yes,Yes,Yes,3.4,71.8,1.82,8.1,9.6,42.4,Fail,F
STU-2026-10879,Private,Urban,Female,Masters,Yes,Yes,No,23.4,73.1,3.81,5.8,7.2,76.2,Pass,C
STU-2026-10880,Public,Rural,Female,Bachelors,Yes,No,No,34.6,87.0,2.19,7.6,8.9,68.5,Pass,D
STU-2026-10881,Public,Rural,Male,Some College,Yes,Yes,No,27.1,74.5,3.17,8.3,5.8,71.2,Pass,C
STU-2026-10882,Public,Urban,Female,Bachelors,Yes,Yes,Yes,2.5,69.2,3.19,5.2,12.1,63.2,Pass,D
STU-2026-10883,Private,Suburban,Male,Some College,Yes,No,No,3.7,85.3,2.31,5.2,7.9,46.4,Fail,F
STU-2026-10884,Charter,Suburban,Female,Masters,Yes,No,Yes,13.5,63.3,3.36,6.5,14.7,66.3,Pass,D
STU-2026-10885,Public,Urban,Male,Some College,Yes,No,Yes,32.6,96.8,1.79,8.9,1.4,65.8,Pass,D
STU-2026-10886,Public,Suburban,Female,Bachelors,Yes,Yes,Yes,9.6,97.0,1.75,4.9,13.1,54.5,Fail,F
STU-2026-10887,Public,Suburban,Male,Bachelors,Yes,No,No,25.9,90.8,3.43,8.3,12.3,71.5,Pass,C
STU-2026-10888,Public,Suburban,Male,Masters,Yes,No,No,17.2,60.3,1.89,5.5,12.9,46.0,Fail,F
STU-2026-10889,Private,Urban,Male,Bachelors,Yes,No,No,32.8,84.6,3.81,5.6,1.6,75.2,Pass,C
STU-2026-10890,Private,Urban,Male,Bachelors,Yes,Yes,No,26.8,84.8,3.71,4.8,8.2,75.8,Pass,C
STU-2026-10891,Public,Rural,Female,Some College,Yes,Yes,Yes,22.0,97.7,2.76,8.4,11.1,69.6,Pass,D
STU-2026-10892,Public,Urban,Male,Some College,No,No,No,29.2,77.9,2.2,4.8,5.2,57.3,Fail,F
STU-2026-10893,Private,Urban,Female,Doctorate,Yes,No,No,31.1,74.9,2.15,8.6,13.7,61.8,Pass,D
STU-2026-10894,Private,Rural,Female,Some College,Yes,No,No,7.7,75.5,1.67,8.3,4.4,46.0,Fail,F
STU-2026-10895,Charter,Suburban,Male,High School,Yes,Yes,No,30.1,66.6,2.94,4.6,12.3,54.5,Fail,F
STU-2026-10896,Private,Rural,Female,Masters,Yes,Yes,No,17.4,78.4,2.73,8.9,14.0,55.9,Fail,F
STU-2026-10897,Public,Urban,Male,High School,No,No,No,18.3,65.0,2.08,7.2,11.9,45.7,Fail,F
STU-2026-10898,Public,Suburban,Female,Bachelors,Yes,No,Yes,11.7,60.6,2.57,5.4,10.9,59.6,Fail,F
STU-2026-10899,Public,Suburban,Female,Masters,Yes,Yes,No,22.9,95.7,1.51,7.6,1.8,54.9,Fail,F
STU-2026-10900,Private,Suburban,Male,Bachelors,Yes,No,No,8.3,80.0,2.77,8.5,3.8,58.2,Fail,F
STU-2026-10901,Public,Suburban,Female,Some College,Yes,Yes,No,2.0,94.2,2.63,5.5,2.9,47.5,Fail,F
STU-2026-10902,Public,Urban,Female,Bachelors,Yes,No,No,30.5,90.8,1.79,7.6,4.3,55.1,Fail,F
STU-2026-10903,Public,Suburban,Female,Some College,Yes,No,No,5.6,91.1,3.02,7.2,1.2,63.4,Pass,D
STU-2026-10904,Public,Suburban,Female,Bachelors,Yes,No,No,25.3,99.4,1.71,9.3,1.9,54.9,Fail,F
STU-2026-10905,Private,Urban,Male,Bachelors,Yes,No,Yes,26.2,96.3,2.47,5.6,8.1,71.8,Pass,C
STU-2026-10906,Public,Urban,Female,Masters,Yes,Yes,No,9.1,94.5,2.3,9.2,3.4,58.3,Fail,F
STU-2026-10907,Private,Suburban,Male,Bachelors,No,No,No,30.8,73.1,1.83,5.7,8.8,48.7,Fail,F
STU-2026-10908,Public,Rural,Female,Some College,Yes,Yes,No,24.9,72.6,1.53,9.2,3.2,48.2,Fail,F
STU-2026-10909,Charter,Urban,Female,Some College,Yes,No,No,12.3,65.9,2.93,8.3,2.6,58.1,Fail,F
STU-2026-10910,Private,Rural,Male,Some College,Yes,Yes,Yes,7.5,84.8,3.86,4.9,3.7,67.3,Pass,D
STU-2026-10911,Private,Rural,Female,Masters,Yes,No,Yes,13.8,93.7,2.53,7.0,11.8,66.5,Pass,D
STU-2026-10912,Public,Suburban,Male,Some College,Yes,No,Yes,7.9,83.3,3.43,5.3,2.8,67.2,Pass,D
STU-2026-10913,Private,Urban,Female,Bachelors,Yes,No,Yes,3.7,90.3,1.63,5.5,10.2,49.2,Fail,F
STU-2026-10914,Public,Urban,Male,Masters,No,Yes,Yes,3.2,68.9,3.58,4.6,7.5,64.8,Pass,D
STU-2026-10915,Private,Urban,Female,Some College,No,Yes,Yes,32.6,91.8,3.31,5.4,7.6,75.6,Pass,C
STU-2026-10916,Charter,Urban,Male,Masters,Yes,No,No,24.5,90.6,3.34,7.3,0.0,76.4,Pass,C
STU-2026-10917,Public,Suburban,Male,Masters,Yes,Yes,No,26.5,69.9,1.71,5.9,11.4,55.3,Fail,F
STU-2026-10918,Public,Urban,Male,Some College,Yes,Yes,Yes,25.0,92.7,3.11,4.5,1.8,80.1,Pass,B
STU-2026-10919,Private,Urban,Female,Bachelors,Yes,No,No,11.5,64.9,3.92,5.2,14.0,62.2,Pass,D
STU-2026-10920,Public,Urban,Female,Bachelors,Yes,Yes,No,11.8,63.6,3.44,4.8,1.0,55.0,Fail,F
STU-2026-10921,Private,Urban,Male,Masters,Yes,Yes,Yes,25.8,67.6,2.11,8.8,14.5,66.7,Pass,D
STU-2026-10922,Private,Suburban,Female,Some College,Yes,Yes,No,25.1,60.2,3.95,8.4,4.9,68.8,Pass,D
STU-2026-10923,Public,Suburban,Male,High School,Yes,No,Yes,15.4,88.0,3.88,4.7,2.4,73.5,Pass,C
STU-2026-10924,Private,Suburban,Male,Bachelors,Yes,No,No,31.5,87.6,2.14,7.0,10.1,66.8,Pass,D
STU-2026-10925,Private,Urban,Female,Some College,Yes,Yes,No,19.2,70.0,3.09,7.2,4.8,55.6,Fail,F
STU-2026-10926,Public,Rural,Male,Masters,Yes,No,Yes,18.9,60.4,2.66,7.6,10.0,67.2,Pass,D
STU-2026-10927,Private,Suburban,Female,Bachelors,Yes,No,No,23.1,92.1,2.4,5.9,8.1,61.1,Pass,D
STU-2026-10928,Private,Urban,Female,Some College,No,No,No,9.1,99.5,3.12,6.1,10.2,61.3,Pass,D
STU-2026-10929,Public,Suburban,Female,Doctorate,Yes,No,No,2.8,94.2,3.83,5.9,2.2,77.1,Pass,C
STU-2026-10930,Public,Suburban,Female,Some College,Yes,No,No,32.5,87.1,3.03,7.5,7.4,71.0,Pass,C
STU-2026-10931,Private,Suburban,Male,Bachelors,Yes,Yes,Yes,5.3,93.9,3.15,8.3,7.8,62.8,Pass,D
STU-2026-10932,Public,Suburban,Female,Bachelors,Yes,Yes,Yes,12.1,70.0,1.99,8.2,6.8,53.0,Fail,F
STU-2026-10933,Private,Rural,Female,Bachelors,No,No,No,13.5,79.4,3.07,9.0,8.0,54.5,Fail,F
STU-2026-10934,Public,Suburban,Male,Some College,No,Yes,Yes,28.5,66.1,2.34,8.0,4.8,67.1,Pass,D
STU-2026-10935,Private,Suburban,Female,Some College,Yes,No,No,22.9,69.8,3.72,9.2,2.5,70.1,Pass,C
STU-2026-10936,Public,Urban,Male,High School,Yes,Yes,No,4.8,78.4,2.4,6.4,14.7,50.2,Fail,F
STU-2026-10937,Public,Rural,Female,Doctorate,Yes,Yes,No,18.1,60.1,2.41,7.7,5.1,60.0,Pass,D
STU-2026-10938,Private,Rural,Female,Bachelors,Yes,Yes,No,24.2,69.5,2.88,6.1,13.4,54.9,Fail,F
STU-2026-10939,Public,Urban,Female,Some College,Yes,No,No,6.6,75.5,2.29,9.0,10.9,43.2,Fail,F
STU-2026-10940,Public,Urban,Male,Masters,Yes,Yes,No,21.0,93.0,2.48,6.9,8.5,74.2,Pass,C
STU-2026-10941,Public,Urban,Female,Bachelors,Yes,Yes,No,25.1,74.3,2.65,8.5,15.0,60.4,Pass,D
STU-2026-10942,Public,Suburban,Female,High School,Yes,Yes,No,22.2,97.4,1.71,5.1,2.1,54.9,Fail,F
STU-2026-10943,Private,Urban,Female,Bachelors,Yes,No,No,17.0,90.0,2.74,5.8,5.5,62.9,Pass,D
STU-2026-10944,Charter,Rural,Male,Masters,Yes,No,No,33.6,75.1,2.29,6.2,7.1,68.8,Pass,D
STU-2026-10945,Public,Suburban,Male,High School,Yes,Yes,Yes,4.7,97.1,2.79,7.8,5.4,57.1,Fail,F
STU-2026-10946,Public,Urban,Female,High School,Yes,Yes,Yes,11.1,60.6,3.24,7.5,9.2,46.5,Fail,F
STU-2026-10947,Public,Suburban,Male,High School,Yes,No,No,22.2,98.8,1.65,9.4,0.6,55.1,Fail,F
STU-2026-10948,Charter,Urban,Female,Some College,Yes,Yes,No,31.7,74.5,2.28,5.9,2.2,61.6,Pass,D
STU-2026-10949,Charter,Suburban,Male,High School,Yes,Yes,Yes,14.1,99.8,1.7,8.7,7.9,54.6,Fail,F
STU-2026-10950,Private,Urban,Female,Some College,Yes,No,No,32.0,92.4,2.65,9.4,6.4,72.3,Pass,C
STU-2026-10951,Charter,Urban,Male,Masters,No,Yes,No,21.8,74.5,2.46,9.3,11.9,58.9,Fail,F
STU-2026-10952,Public,Suburban,Female,Bachelors,Yes,Yes,Yes,31.7,69.2,2.84,6.3,4.0,72.5,Pass,C
STU-2026-10953,Public,Urban,Female,Some College,Yes,No,No,5.9,77.8,3.58,9.4,8.7,51.3,Fail,F
STU-2026-10954,Charter,Urban,Male,Bachelors,Yes,No,No,5.6,69.5,1.75,8.8,4.6,41.2,Fail,F
STU-2026-10955,Public,Suburban,Male,High School,Yes,Yes,No,22.1,76.4,3.16,6.7,8.5,68.8,Pass,D
STU-2026-10956,Public,Suburban,Male,Some College,Yes,No,No,27.6,74.5,2.0,6.9,12.7,61.1,Pass,D
STU-2026-10957,Public,Urban,Male,High School,Yes,No,No,17.3,74.5,2.45,8.0,10.3,54.0,Fail,F
STU-2026-10958,Private,Suburban,Female,Masters,Yes,No,No,28.3,71.2,2.29,9.0,4.3,54.7,Fail,F
STU-2026-10959,Public,Urban,Female,Some College,Yes,Yes,No,19.1,63.7,3.07,7.2,8.6,63.2,Pass,D
STU-2026-10960,Public,Urban,Female,Some College,Yes,No,No,33.9,97.9,1.74,4.6,5.8,63.4,Pass,D
STU-2026-10961,Public,Urban,Male,Masters,Yes,Yes,Yes,5.3,72.1,3.26,5.9,2.5,61.4,Pass,D
STU-2026-10962,Public,Urban,Female,High School,Yes,Yes,Yes,6.6,78.5,2.48,6.7,5.2,51.6,Fail,F
STU-2026-10963,Private,Urban,Male,High School,Yes,Yes,Yes,34.0,86.4,2.88,4.7,12.0,72.8,Pass,C
STU-2026-10964,Private,Suburban,Male,High School,Yes,Yes,Yes,11.5,91.9,3.81,8.4,8.9,65.7,Pass,D
STU-2026-10965,Public,Suburban,Male,Some College,Yes,Yes,No,13.5,91.0,1.64,6.8,8.1,51.9,Fail,F
STU-2026-10966,Public,Urban,Female,Masters,Yes,No,Yes,8.2,65.6,2.78,5.1,9.0,57.5,Fail,F
STU-2026-10967,Public,Urban,Female,High School,Yes,Yes,No,26.3,65.2,3.55,5.6,12.0,69.9,Pass,D
STU-2026-10968,Private,Urban,Male,Masters,No,No,No,32.9,73.8,2.2,6.8,12.9,62.7,Pass,D
STU-2026-10969,Charter,Urban,Female,Some College,Yes,No,No,6.5,94.6,2.74,7.5,9.5,60.2,Pass,D
STU-2026-10970,Private,Suburban,Male,Some College,Yes,No,No,30.0,97.1,2.98,6.6,10.8,68.0,Pass,D
STU-2026-10971,Public,Urban,Male,Bachelors,No,Yes,Yes,19.2,63.5,2.0,8.4,4.3,55.7,Fail,F
STU-2026-10972,Charter,Urban,Male,Bachelors,Yes,No,No,23.2,95.1,1.87,8.5,11.6,60.7,Pass,D
STU-2026-10973,Public,Rural,Female,Bachelors,Yes,Yes,No,28.0,96.8,2.55,7.8,11.7,64.4,Pass,D
STU-2026-10974,Private,Urban,Male,High School,Yes,Yes,Yes,3.2,72.1,3.09,8.9,8.9,54.6,Fail,F
STU-2026-10975,Public,Urban,Female,Some College,Yes,No,Yes,9.8,79.2,1.57,5.2,1.3,48.5,Fail,F
STU-2026-10976,Charter,Suburban,Female,Bachelors,No,Yes,No,12.6,75.4,2.58,5.5,12.6,51.2,Fail,F
STU-2026-10977,Public,Rural,Female,Masters,Yes,Yes,Yes,13.9,71.8,3.18,6.3,7.3,58.5,Fail,F
STU-2026-10978,Public,Suburban,Male,Some College,Yes,No,No,15.0,65.8,2.46,5.3,8.0,51.9,Fail,F
STU-2026-10979,Public,Urban,Female,High School,Yes,No,No,13.8,71.3,3.68,5.3,2.3,66.0,Pass,D
STU-2026-10980,Charter,Urban,Male,Some College,Yes,No,No,9.3,82.8,3.23,8.9,6.3,57.4,Fail,F
STU-2026-10981,Public,Urban,Male,Masters,Yes,No,No,18.1,75.8,1.91,8.3,13.5,55.4,Fail,F
STU-2026-10982,Public,Urban,Male,High School,Yes,Yes,No,27.0,68.6,1.93,6.3,6.6,51.7,Fail,F
STU-2026-10983,Public,Suburban,Female,Some College,Yes,No,Yes,27.9,69.7,2.48,4.8,3.8,66.9,Pass,D
STU-2026-10984,Charter,Urban,Male,High School,Yes,No,No,30.7,90.5,1.84,5.7,12.1,58.3,Fail,F
STU-2026-10985,Private,Suburban,Female,Doctorate,Yes,Yes,No,5.3,61.6,2.02,4.6,9.1,40.4,Fail,F
STU-2026-10986,Public,Rural,Male,Masters,Yes,Yes,Yes,2.3,82.1,3.2,9.3,5.3,60.3,Pass,D
STU-2026-10987,Public,Suburban,Female,Masters,Yes,No,No,13.5,85.2,2.99,7.6,11.6,69.0,Pass,D
STU-2026-10988,Public,Suburban,Male,Bachelors,Yes,No,No,12.8,69.3,3.93,6.8,4.9,71.4,Pass,C
STU-2026-10989,Private,Suburban,Male,Bachelors,Yes,No,No,29.0,99.2,2.83,8.3,2.6,70.4,Pass,C
STU-2026-10990,Public,Urban,Female,Some College,Yes,Yes,Yes,32.4,66.1,2.73,5.7,11.3,69.3,Pass,D
STU-2026-10991,Private,Suburban,Male,Bachelors,Yes,No,No,34.4,67.6,1.68,9.4,2.3,58.9,Fail,F
STU-2026-10992,Private,Urban,Male,Masters,Yes,Yes,Yes,29.3,95.6,3.37,9.4,7.9,86.6,Pass,B
STU-2026-10993,Public,Urban,Male,High School,Yes,Yes,Yes,17.9,87.2,3.32,4.8,11.7,72.1,Pass,C
STU-2026-10994,Public,Suburban,Male,Some College,No,Yes,Yes,10.6,83.4,2.51,5.7,3.6,60.5,Pass,D
STU-2026-10995,Public,Suburban,Female,Bachelors,Yes,No,No,31.3,60.6,3.5,7.7,2.4,72.3,Pass,C
STU-2026-10996,Public,Urban,Female,Some College,Yes,No,Yes,4.9,84.9,3.02,7.0,4.8,59.0,Fail,F
STU-2026-10997,Public,Suburban,Male,Some College,Yes,No,Yes,33.3,77.2,3.68,5.7,0.1,83.0,Pass,B
STU-2026-10998,Public,Suburban,Male,Some College,Yes,No,No,14.4,100.0,2.46,6.7,3.0,57.0,Fail,F
STU-2026-10999,Private,Urban,Male,High School,Yes,Yes,No,8.6,89.6,1.79,6.4,12.7,42.7,Fail,F
STU-2026-11000,Public,Urban,Female,High School,No,Yes,Yes,3.1,85.1,2.76,9.4,4.1,51.7,Fail,F
STU-2026-11001,Public,Suburban,Female,Some College,Yes,No,No,17.2,68.0,1.58,6.4,6.8,44.1,Fail,F
STU-2026-11002,Public,Urban,Male,Some College,Yes,Yes,No,7.2,95.8,2.95,7.5,11.1,58.0,Fail,F
STU-2026-11003,Private,Urban,Female,Bachelors,Yes,Yes,Yes,11.0,78.8,2.26,7.2,14.8,49.6,Fail,F
STU-2026-11004,Charter,Suburban,Male,High School,Yes,Yes,No,6.6,84.4,3.65,7.5,1.0,57.3,Fail,F
STU-2026-11005,Charter,Urban,Female,High School,No,Yes,No,18.9,99.1,2.45,6.1,6.9,50.2,Fail,F
STU-2026-11006,Private,Rural,Female,Some College,Yes,Yes,No,22.6,97.4,2.21,8.2,8.0,59.9,Fail,F
STU-2026-11007,Private,Urban,Male,High School,Yes,Yes,No,18.6,73.4,1.99,9.4,4.5,46.3,Fail,F
STU-2026-11008,Private,Urban,Female,Some College,Yes,Yes,No,5.2,70.1,2.85,6.1,12.4,46.1,Fail,F
STU-2026-11009,Public,Urban,Female,High School,No,Yes,No,25.9,84.6,3.57,7.1,4.1,74.9,Pass,C
STU-2026-11010,Public,Urban,Male,Some College,Yes,No,No,31.6,74.1,2.24,7.7,12.1,59.5,Fail,F
STU-2026-11011,Private,Suburban,Male,Masters,Yes,Yes,Yes,26.9,73.5,2.12,5.4,9.9,71.9,Pass,C
STU-2026-11012,Public,Urban,Male,Bachelors,Yes,No,No,16.3,82.8,2.56,5.5,11.0,58.8,Fail,F
STU-2026-11013,Public,Urban,Female,High School,Yes,Yes,Yes,9.5,74.4,3.47,6.8,1.1,65.8,Pass,D
STU-2026-11014,Private,Suburban,Female,Some College,Yes,Yes,Yes,3.6,84.5,3.82,8.3,3.5,63.3,Pass,D
STU-2026-11015,Public,Urban,Male,Masters,Yes,Yes,No,4.5,83.6,3.86,6.2,11.1,74.4,Pass,C
STU-2026-11016,Public,Suburban,Male,Bachelors,Yes,No,Yes,19.5,95.3,3.3,8.4,12.6,72.6,Pass,C
STU-2026-11017,Public,Rural,Male,High School,Yes,No,No,22.6,92.4,2.03,6.0,5.8,57.7,Fail,F
STU-2026-11018,Public,Rural,Female,Some College,Yes,No,No,30.3,84.9,1.92,7.2,7.6,60.6,Pass,D
STU-2026-11019,Charter,Urban,Male,Bachelors,Yes,No,No,12.0,88.5,2.66,6.4,11.4,54.2,Fail,F
STU-2026-11020,Private,Rural,Male,Masters,Yes,Yes,Yes,10.1,74.9,3.07,5.4,12.0,64.6,Pass,D
STU-2026-11021,Public,Urban,Male,Bachelors,Yes,No,No,22.5,69.1,3.55,6.3,12.7,68.3,Pass,D
STU-2026-11022,Private,Urban,Male,Some College,Yes,No,No,27.5,79.7,2.23,4.6,14.8,59.2,Fail,F
STU-2026-11023,Public,Suburban,Male,High School,Yes,No,Yes,6.3,90.8,2.14,4.8,12.3,57.0,Fail,F
STU-2026-11024,Private,Rural,Female,Bachelors,Yes,Yes,Yes,9.0,81.9,2.56,9.4,10.7,52.8,Fail,F
STU-2026-11025,Private,Suburban,Male,Bachelors,No,Yes,Yes,30.7,77.8,3.47,5.4,7.5,83.7,Pass,B
STU-2026-11026,Public,Suburban,Female,Bachelors,Yes,No,Yes,33.5,81.8,2.63,5.3,8.6,67.9,Pass,D
STU-2026-11027,Public,Rural,Male,High School,Yes,Yes,No,25.4,70.0,3.45,7.6,14.1,60.6,Pass,D
STU-2026-11028,Public,Urban,Female,Bachelors,Yes,Yes,Yes,24.1,64.8,1.63,9.4,5.3,57.3,Fail,F
STU-2026-11029,Public,Rural,Male,Bachelors,Yes,Yes,Yes,31.5,96.8,1.83,5.4,1.1,69.8,Pass,D
STU-2026-11030,Public,Urban,Male,Bachelors,Yes,No,Yes,16.1,81.5,3.78,4.7,13.7,74.9,Pass,C
STU-2026-11031,Public,Suburban,Female,Some College,Yes,No,No,26.1,69.2,2.59,8.9,3.6,65.9,Pass,D
STU-2026-11032,Charter,Suburban,Male,Some College,Yes,Yes,No,15.8,70.9,1.86,7.0,2.3,49.6,Fail,F
STU-2026-11033,Private,Urban,Female,Bachelors,Yes,No,Yes,16.9,67.8,2.24,8.6,7.9,56.9,Fail,F
STU-2026-11034,Private,Rural,Male,Doctorate,Yes,No,Yes,25.9,73.0,2.59,9.0,10.1,74.8,Pass,C
STU-2026-11035,Public,Urban,Female,Some College,Yes,Yes,No,13.0,87.6,3.66,5.5,11.1,58.9,Fail,F
STU-2026-11036,Charter,Urban,Female,Masters,Yes,Yes,No,18.5,72.3,2.99,6.3,9.7,66.1,Pass,D
STU-2026-11037,Private,Urban,Male,High School,Yes,No,No,22.0,74.2,3.19,5.3,5.1,62.2,Pass,D
STU-2026-11038,Public,Urban,Female,Some College,Yes,No,Yes,10.1,89.6,2.92,7.5,12.2,64.6,Pass,D
STU-2026-11039,Public,Suburban,Female,Some College,Yes,No,No,27.0,64.4,2.55,7.9,3.8,65.1,Pass,D
STU-2026-11040,Public,Suburban,Male,High School,Yes,Yes,Yes,19.2,65.0,1.73,4.8,5.6,51.3,Fail,F
STU-2026-11041,Public,Suburban,Female,High School,Yes,Yes,No,27.7,98.8,3.66,5.0,9.2,74.2,Pass,C
STU-2026-11042,Charter,Urban,Female,Masters,Yes,Yes,Yes,31.4,98.8,1.58,4.9,9.2,65.4,Pass,D
STU-2026-11043,Charter,Suburban,Female,High School,Yes,Yes,No,25.3,73.5,2.49,7.9,14.4,54.9,Fail,F
STU-2026-11044,Private,Urban,Female,Some College,Yes,No,No,31.5,78.8,3.5,4.6,8.5,72.3,Pass,C
STU-2026-11045,Private,Rural,Male,Some College,Yes,Yes,Yes,33.0,92.1,2.48,8.5,12.3,77.4,Pass,C
STU-2026-11046,Charter,Urban,Female,Masters,Yes,No,Yes,3.3,100.0,2.7,5.8,4.6,64.4,Pass,D
STU-2026-11047,Private,Urban,Female,Some College,Yes,No,No,9.0,99.4,2.93,8.6,9.6,59.7,Fail,F
STU-2026-11048,Public,Rural,Male,High School,Yes,Yes,No,14.1,86.1,3.49,9.0,6.4,63.6,Pass,D
STU-2026-11049,Public,Suburban,Male,Masters,No,No,Yes,29.3,87.4,2.97,6.9,10.4,80.5,Pass,B
STU-2026-11050,Public,Suburban,Male,Masters,Yes,Yes,No,18.7,81.7,2.39,5.5,4.4,58.1,Fail,F
STU-2026-11051,Public,Urban,Female,Some College,No,Yes,No,8.9,83.0,3.85,9.4,0.7,64.6,Pass,D
STU-2026-11052,Private,Urban,Male,Some College,Yes,Yes,No,2.5,85.9,3.43,5.0,1.3,52.8,Fail,F
STU-2026-11053,Public,Suburban,Female,Bachelors,Yes,Yes,No,7.8,80.5,2.02,5.7,3.3,49.8,Fail,F
STU-2026-11054,Private,Rural,Female,Bachelors,Yes,No,No,18.9,96.8,3.11,8.7,10.4,71.3,Pass,C
STU-2026-11055,Public,Urban,Female,Bachelors,Yes,No,Yes,3.5,74.4,3.64,8.5,12.2,59.2,Fail,F
STU-2026-11056,Private,Urban,Male,Bachelors,Yes,Yes,No,7.6,91.7,2.06,5.4,4.5,58.3,Fail,F
STU-2026-11057,Private,Rural,Male,High School,Yes,No,No,16.1,98.9,1.77,4.5,6.0,47.0,Fail,F
STU-2026-11058,Public,Suburban,Male,High School,Yes,Yes,No,5.5,96.6,3.96,7.8,13.2,65.0,Pass,D
STU-2026-11059,Private,Suburban,Female,Some College,Yes,Yes,Yes,17.4,73.9,3.73,5.7,2.7,68.3,Pass,D
STU-2026-11060,Public,Urban,Male,Bachelors,No,Yes,Yes,30.1,86.0,1.76,5.7,10.4,60.8,Pass,D
STU-2026-11061,Public,Rural,Male,Doctorate,Yes,No,Yes,3.9,68.3,2.97,7.2,13.0,64.8,Pass,D
STU-2026-11062,Private,Urban,Female,Some College,Yes,No,Yes,19.8,91.0,3.6,7.0,2.8,75.2,Pass,C
STU-2026-11063,Private,Urban,Female,Some College,Yes,Yes,Yes,21.3,70.4,2.25,6.4,12.3,63.2,Pass,D
STU-2026-11064,Public,Suburban,Female,Some College,Yes,Yes,Yes,3.2,86.9,2.38,7.0,8.6,55.5,Fail,F
STU-2026-11065,Public,Rural,Male,High School,No,Yes,No,10.2,60.9,3.4,5.0,8.1,54.2,Fail,F
STU-2026-11066,Public,Urban,Female,Some College,No,No,No,7.6,64.2,3.21,6.8,2.4,55.2,Fail,F
STU-2026-11067,Charter,Suburban,Male,Bachelors,Yes,No,Yes,33.2,70.1,1.66,6.0,9.4,61.7,Pass,D
STU-2026-11068,Private,Suburban,Female,Some College,Yes,No,No,16.4,88.8,3.11,6.3,14.9,61.9,Pass,D
STU-2026-11069,Private,Urban,Male,Masters,Yes,Yes,No,31.2,76.2,2.57,7.0,6.2,70.6,Pass,C
STU-2026-11070,Charter,Rural,Female,Some College,Yes,No,Yes,24.7,73.4,3.56,8.0,7.8,70.8,Pass,C
STU-2026-11071,Charter,Suburban,Male,Bachelors,Yes,Yes,No,2.3,91.8,3.47,6.6,4.5,61.5,Pass,D
STU-2026-11072,Private,Suburban,Female,Some College,Yes,Yes,Yes,6.2,93.5,3.94,8.3,15.0,72.9,Pass,C
STU-2026-11073,Public,Suburban,Female,High School,Yes,No,Yes,14.6,72.9,3.45,4.8,1.8,64.8,Pass,D
STU-2026-11074,Public,Suburban,Female,Bachelors,Yes,Yes,Yes,28.6,82.0,3.52,8.0,10.8,78.3,Pass,C
STU-2026-11075,Public,Urban,Male,High School,Yes,No,No,6.3,89.1,2.3,7.2,0.9,49.0,Fail,F
STU-2026-11076,Private,Suburban,Female,Bachelors,Yes,Yes,Yes,19.1,99.8,2.07,6.0,4.3,69.5,Pass,D
STU-2026-11077,Public,Urban,Female,Bachelors,Yes,Yes,Yes,17.2,87.5,1.9,9.1,13.9,61.2,Pass,D
STU-2026-11078,Public,Rural,Female,Bachelors,Yes,Yes,No,27.3,78.1,2.34,5.2,8.4,62.8,Pass,D
STU-2026-11079,Charter,Urban,Female,Bachelors,Yes,No,No,9.7,67.4,2.07,7.6,8.7,50.7,Fail,F
STU-2026-11080,Public,Rural,Female,Doctorate,Yes,Yes,No,26.3,60.8,2.96,5.4,6.4,75.7,Pass,C
STU-2026-11081,Charter,Rural,Female,Some College,Yes,Yes,No,5.8,78.8,2.88,9.5,2.6,53.0,Fail,F
STU-2026-11082,Public,Suburban,Male,Masters,Yes,Yes,No,26.4,94.9,2.63,6.0,14.2,73.3,Pass,C
STU-2026-11083,Private,Urban,Female,Masters,Yes,Yes,No,6.8,81.0,3.04,5.5,9.9,69.1,Pass,D
STU-2026-11084,Public,Suburban,Female,Bachelors,Yes,Yes,No,16.5,93.9,2.42,9.2,0.7,63.6,Pass,D
STU-2026-11085,Private,Suburban,Male,Doctorate,No,Yes,No,27.6,94.6,2.49,5.8,7.8,66.7,Pass,D
STU-2026-11086,Public,Urban,Male,Some College,Yes,No,Yes,19.5,92.2,2.58,6.3,1.8,69.7,Pass,D
STU-2026-11087,Public,Urban,Female,Bachelors,Yes,Yes,Yes,10.0,66.8,2.1,6.5,2.5,48.9,Fail,F
STU-2026-11088,Public,Suburban,Female,High School,Yes,No,No,19.6,60.6,3.68,6.6,7.0,67.2,Pass,D
STU-2026-11089,Public,Suburban,Male,Masters,Yes,No,Yes,16.7,74.7,4.0,8.2,3.5,80.2,Pass,B
STU-2026-11090,Private,Suburban,Female,Bachelors,Yes,No,No,14.7,93.3,1.85,6.3,9.0,59.0,Fail,F
STU-2026-11091,Public,Suburban,Male,Bachelors,Yes,Yes,Yes,26.6,89.4,2.79,5.5,0.9,70.9,Pass,C
STU-2026-11092,Private,Suburban,Male,Masters,Yes,Yes,No,19.9,74.9,2.78,8.2,1.6,61.6,Pass,D
STU-2026-11093,Private,Urban,Male,Bachelors,Yes,No,No,12.2,77.7,3.96,8.3,14.9,65.0,Pass,D
STU-2026-11094,Public,Urban,Female,Some College,Yes,No,Yes,11.6,98.0,3.69,9.2,8.1,69.1,Pass,D
STU-2026-11095,Charter,Suburban,Female,Some College,Yes,No,Yes,9.6,91.5,3.04,4.9,6.1,64.8,Pass,D
STU-2026-11096,Public,Suburban,Female,Bachelors,Yes,No,No,9.2,85.2,3.91,9.3,12.0,66.5,Pass,D
STU-2026-11097,Public,Urban,Female,Bachelors,Yes,No,No,32.5,98.0,1.54,6.6,5.5,63.1,Pass,D
STU-2026-11098,Private,Urban,Female,Some College,Yes,Yes,Yes,25.5,67.0,2.36,8.0,2.2,59.0,Fail,F
STU-2026-11099,Private,Urban,Male,Some College,Yes,No,No,10.3,63.2,3.61,9.5,1.0,67.1,Pass,D
STU-2026-11100,Public,Urban,Male,Some College,Yes,No,No,21.1,94.7,3.67,5.3,13.5,76.4,Pass,C
STU-2026-11101,Public,Urban,Male,Doctorate,Yes,Yes,No,32.6,86.6,2.79,5.7,4.7,78.3,Pass,C
STU-2026-11102,Public,Suburban,Female,Doctorate,Yes,Yes,Yes,17.8,91.0,3.67,8.4,5.6,83.6,Pass,B
STU-2026-11103,Public,Urban,Female,Some College,Yes,No,No,21.1,66.0,2.51,7.3,6.9,52.7,Fail,F
STU-2026-11104,Private,Suburban,Female,Bachelors,Yes,Yes,No,27.7,81.1,1.66,6.9,3.1,54.8,Fail,F
STU-2026-11105,Public,Suburban,Male,Masters,Yes,No,No,9.7,66.5,3.43,4.6,9.5,64.9,Pass,D
STU-2026-11106,Public,Suburban,Male,Some College,Yes,Yes,Yes,4.5,85.8,1.99,7.0,12.3,58.2,Fail,F
STU-2026-11107,Public,Urban,Male,Masters,No,No,No,14.4,73.3,3.38,9.0,7.3,63.6,Pass,D
STU-2026-11108,Private,Suburban,Female,Some College,Yes,Yes,No,10.3,83.0,3.24,7.2,2.6,61.9,Pass,D
STU-2026-11109,Public,Suburban,Male,Some College,Yes,Yes,No,18.2,60.4,1.59,6.3,9.7,44.1,Fail,F
STU-2026-11110,Private,Rural,Female,Doctorate,Yes,No,Yes,11.8,90.3,3.64,6.8,10.1,68.1,Pass,D
STU-2026-11111,Private,Rural,Female,Bachelors,Yes,No,No,32.5,81.5,3.22,9.1,11.2,77.6,Pass,C
STU-2026-11112,Charter,Urban,Female,Some College,Yes,Yes,No,10.6,96.7,3.91,7.9,7.2,71.9,Pass,C
STU-2026-11113,Private,Urban,Female,Some College,Yes,No,No,32.3,79.6,2.78,5.2,9.6,72.0,Pass,C
STU-2026-11114,Private,Urban,Male,Some College,Yes,Yes,No,7.8,72.4,2.18,9.2,6.3,46.2,Fail,F
STU-2026-11115,Public,Suburban,Female,Some College,Yes,No,No,24.8,89.3,1.98,8.6,5.1,56.4,Fail,F
STU-2026-11116,Public,Suburban,Female,High School,Yes,Yes,Yes,34.2,63.4,3.79,8.5,11.2,76.6,Pass,C
STU-2026-11117,Public,Urban,Female,High School,Yes,No,No,21.9,65.9,3.68,8.4,7.1,58.6,Fail,F
STU-2026-11118,Charter,Suburban,Male,Some College,Yes,Yes,Yes,22.6,78.1,2.08,7.8,8.1,68.0,Pass,D
STU-2026-11119,Private,Urban,Male,Doctorate,Yes,No,Yes,18.9,91.6,2.52,7.5,13.4,76.2,Pass,C
STU-2026-11120,Public,Urban,Male,Bachelors,Yes,No,No,6.6,75.7,3.18,9.5,6.5,58.0,Fail,F
STU-2026-11121,Public,Urban,Female,Masters,Yes,No,No,33.2,63.6,2.17,5.2,0.6,60.9,Pass,D
STU-2026-11122,Public,Urban,Male,Bachelors,Yes,No,Yes,20.7,64.9,3.09,8.3,3.3,64.0,Pass,D
STU-2026-11123,Public,Suburban,Male,Masters,Yes,Yes,No,30.1,90.7,1.76,6.3,8.0,59.8,Fail,F
STU-2026-11124,Public,Urban,Male,Bachelors,Yes,Yes,No,20.9,64.9,2.44,7.2,0.8,56.2,Fail,F
STU-2026-11125,Public,Urban,Male,Some College,Yes,Yes,Yes,7.3,87.0,2.55,7.8,4.3,64.8,Pass,D
STU-2026-11126,Charter,Suburban,Male,Some College,Yes,No,No,31.9,90.4,3.92,6.9,10.9,77.9,Pass,C
STU-2026-11127,Public,Suburban,Female,Bachelors,Yes,Yes,No,33.6,88.5,3.02,7.9,9.7,74.6,Pass,C
STU-2026-11128,Public,Urban,Male,High School,Yes,Yes,No,15.8,78.5,2.5,9.1,5.6,42.9,Fail,F
STU-2026-11129,Private,Rural,Male,Some College,Yes,Yes,No,33.9,81.4,3.71,5.1,1.4,77.1,Pass,C
STU-2026-11130,Private,Suburban,Female,Bachelors,Yes,No,No,24.4,74.1,2.8,5.9,0.3,66.1,Pass,D
STU-2026-11131,Private,Suburban,Male,Bachelors,Yes,No,No,24.2,70.9,2.51,7.7,0.6,55.0,Fail,F
STU-2026-11132,Private,Urban,Female,Bachelors,Yes,No,No,27.7,60.9,3.72,8.2,11.2,78.4,Pass,C
STU-2026-11133,Private,Suburban,Female,High School,No,Yes,Yes,32.8,95.2,3.27,6.0,4.8,74.9,Pass,C
STU-2026-11134,Public,Urban,Female,Some College,Yes,Yes,No,31.7,97.7,2.03,7.3,0.3,68.2,Pass,D
STU-2026-11135,Private,Suburban,Female,High School,Yes,Yes,No,28.0,71.7,3.98,6.8,11.1,75.2,Pass,C
STU-2026-11136,Private,Urban,Female,High School,No,No,No,23.7,91.8,2.03,6.1,2.0,53.2,Fail,F
STU-2026-11137,Public,Suburban,Male,Bachelors,Yes,Yes,No,14.8,63.7,2.79,5.5,14.0,62.3,Pass,D
STU-2026-11138,Public,Suburban,Female,Bachelors,Yes,Yes,No,18.0,89.1,2.61,5.9,4.3,62.8,Pass,D
STU-2026-11139,Private,Suburban,Male,Some College,Yes,No,No,8.2,80.1,3.72,8.1,10.2,60.1,Pass,D
STU-2026-11140,Charter,Suburban,Male,Masters,Yes,Yes,No,31.7,94.6,1.79,7.3,14.6,64.4,Pass,D
STU-2026-11141,Public,Suburban,Female,High School,No,Yes,No,33.7,87.0,3.98,4.9,4.3,72.1,Pass,C
STU-2026-11142,Public,Rural,Male,High School,Yes,Yes,No,6.8,75.6,1.74,6.1,9.0,44.4,Fail,F
STU-2026-11143,Public,Suburban,Female,Some College,Yes,No,No,18.5,68.5,3.16,8.7,14.5,64.1,Pass,D
STU-2026-11144,Private,Rural,Male,Bachelors,Yes,Yes,Yes,28.9,91.5,2.0,8.1,14.9,70.0,Pass,C
STU-2026-11145,Private,Urban,Male,High School,Yes,Yes,Yes,15.2,73.1,2.47,7.9,3.5,54.1,Fail,F
STU-2026-11146,Public,Urban,Male,Bachelors,Yes,Yes,Yes,10.2,70.7,2.13,8.6,11.3,46.1,Fail,F
STU-2026-11147,Private,Rural,Male,Some College,Yes,No,No,19.5,73.0,2.76,7.6,12.4,58.0,Fail,F
STU-2026-11148,Private,Urban,Male,Bachelors,Yes,No,No,33.0,91.3,1.92,5.5,3.4,69.1,Pass,D
STU-2026-11149,Public,Suburban,Male,Bachelors,Yes,Yes,No,24.8,85.6,2.73,4.9,5.3,63.8,Pass,D
STU-2026-11150,Private,Suburban,Female,Bachelors,Yes,Yes,No,6.4,96.6,1.81,6.0,7.6,54.9,Fail,F
STU-2026-11151,Private,Rural,Male,Bachelors,Yes,Yes,No,11.3,62.2,2.72,4.8,9.9,57.6,Fail,F
STU-2026-11152,Public,Suburban,Female,Masters,Yes,No,No,20.7,97.9,2.09,5.3,7.5,62.1,Pass,D
STU-2026-11153,Charter,Suburban,Female,Some College,Yes,Yes,Yes,30.5,68.6,2.58,7.4,11.1,72.3,Pass,C
STU-2026-11154,Private,Rural,Female,Bachelors,Yes,No,No,3.1,94.1,3.1,8.2,2.2,60.2,Pass,D
STU-2026-11155,Public,Urban,Female,Some College,Yes,No,Yes,22.5,72.7,3.42,6.9,14.4,72.4,Pass,C
STU-2026-11156,Public,Rural,Female,High School,Yes,No,Yes,6.1,96.0,1.88,8.9,14.5,49.6,Fail,F
STU-2026-11157,Private,Suburban,Female,High School,Yes,Yes,No,22.1,70.8,1.75,5.8,9.0,49.5,Fail,F
STU-2026-11158,Private,Suburban,Male,High School,Yes,No,Yes,28.8,78.2,1.62,6.0,5.5,57.4,Fail,F
STU-2026-11159,Public,Rural,Male,High School,Yes,Yes,No,29.0,83.1,1.58,7.9,6.3,59.5,Fail,F
STU-2026-11160,Public,Urban,Male,Some College,Yes,Yes,No,2.2,94.5,2.64,5.3,2.6,53.5,Fail,F
STU-2026-11161,Public,Urban,Female,Some College,Yes,No,Yes,15.1,95.6,1.54,6.4,0.3,60.2,Pass,D
STU-2026-11162,Public,Urban,Male,Masters,Yes,Yes,No,31.2,64.9,1.98,7.8,0.0,55.3,Fail,F
STU-2026-11163,Public,Urban,Female,Some College,Yes,Yes,Yes,14.9,83.3,3.61,6.6,7.3,75.3,Pass,C
STU-2026-11164,Public,Suburban,Male,Bachelors,Yes,Yes,No,28.3,66.1,3.31,7.5,11.9,69.7,Pass,D
STU-2026-11165,Private,Urban,Female,Some College,Yes,No,No,9.8,87.7,2.83,7.2,14.3,51.6,Fail,F
STU-2026-11166,Public,Suburban,Male,Some College,Yes,No,Yes,30.5,100.0,2.28,5.5,4.0,69.4,Pass,D
STU-2026-11167,Public,Urban,Female,Masters,Yes,Yes,No,22.9,82.2,3.22,9.0,1.8,71.8,Pass,C
STU-2026-11168,Public,Urban,Female,Some College,Yes,No,No,27.7,76.5,3.18,6.7,10.9,63.8,Pass,D
STU-2026-11169,Public,Rural,Female,Bachelors,Yes,No,No,5.7,88.4,1.74,5.6,11.2,48.3,Fail,F
STU-2026-11170,Charter,Urban,Female,Some College,Yes,No,No,11.1,62.6,2.69,8.7,12.8,51.6,Fail,F
STU-2026-11171,Charter,Rural,Female,High School,Yes,Yes,Yes,26.9,84.2,1.63,7.9,11.2,52.4,Fail,F
STU-2026-11172,Charter,Urban,Female,Bachelors,Yes,Yes,Yes,30.0,91.6,3.23,8.0,5.8,74.0,Pass,C
STU-2026-11173,Public,Urban,Male,Masters,Yes,Yes,No,26.7,78.3,1.52,5.5,1.3,53.0,Fail,F
STU-2026-11174,Public,Urban,Female,Doctorate,Yes,Yes,Yes,33.5,94.5,3.56,5.0,3.1,90.0,Pass,A
STU-2026-11175,Public,Suburban,Male,High School,Yes,No,No,18.9,92.5,2.21,9.4,8.9,60.1,Pass,D
STU-2026-11176,Public,Suburban,Female,High School,Yes,No,Yes,4.9,90.0,3.59,9.4,5.3,67.1,Pass,D
STU-2026-11177,Public,Urban,Female,High School,Yes,No,No,11.9,66.9,1.98,6.7,11.2,45.9,Fail,F
STU-2026-11178,Private,Suburban,Male,Some College,Yes,No,No,27.4,76.2,3.34,6.1,9.9,70.2,Pass,C
STU-2026-11179,Private,Suburban,Female,Masters,Yes,No,Yes,8.4,97.1,1.5,9.4,4.8,57.9,Fail,F
STU-2026-11180,Public,Urban,Male,Some College,No,No,No,10.4,78.2,3.96,5.7,6.9,58.7,Fail,F
STU-2026-11181,Public,Urban,Female,Bachelors,Yes,No,No,34.9,73.6,2.03,5.1,2.0,61.0,Pass,D
STU-2026-11182,Public,Urban,Female,High School,Yes,No,No,28.7,61.2,3.9,7.5,3.0,70.1,Pass,C
STU-2026-11183,Public,Suburban,Male,Masters,Yes,No,No,33.2,93.9,2.94,8.9,0.4,79.0,Pass,C
STU-2026-11184,Public,Suburban,Male,Masters,Yes,No,No,15.5,83.2,3.18,9.0,11.8,70.2,Pass,C
STU-2026-11185,Public,Suburban,Male,Bachelors,Yes,No,No,30.3,89.4,3.23,4.9,14.2,72.7,Pass,C
STU-2026-11186,Private,Urban,Female,Masters,Yes,Yes,Yes,25.2,60.4,2.5,6.6,3.7,67.2,Pass,D
STU-2026-11187,Public,Urban,Male,Bachelors,Yes,No,No,14.8,94.7,1.53,8.8,10.0,48.0,Fail,F
STU-2026-11188,Public,Urban,Female,Some College,Yes,No,No,34.8,85.5,3.99,7.2,5.3,78.1,Pass,C
STU-2026-11189,Public,Rural,Female,High School,Yes,Yes,No,24.0,79.6,2.44,9.0,0.9,55.1,Fail,F
STU-2026-11190,Charter,Suburban,Male,High School,Yes,Yes,Yes,9.0,83.7,1.67,5.4,6.3,41.7,Fail,F
STU-2026-11191,Public,Urban,Female,High School,No,No,No,6.6,90.4,3.55,5.6,7.8,57.2,Fail,F
STU-2026-11192,Private,Urban,Male,High School,Yes,Yes,No,33.0,96.3,2.77,8.1,5.1,69.6,Pass,D
STU-2026-11193,Public,Urban,Male,Some College,Yes,Yes,No,31.4,86.7,1.5,7.4,11.4,55.0,Fail,F
STU-2026-11194,Public,Urban,Male,Masters,Yes,Yes,No,28.7,76.6,3.24,9.2,11.2,70.0,Pass,C
STU-2026-11195,Private,Urban,Female,Masters,Yes,Yes,No,11.6,69.8,3.82,8.5,1.2,59.9,Fail,F
STU-2026-11196,Private,Urban,Male,High School,Yes,Yes,Yes,9.1,95.9,3.63,7.8,6.2,65.8,Pass,D
STU-2026-11197,Public,Urban,Female,Bachelors,Yes,No,Yes,27.8,99.8,2.23,9.1,3.3,77.7,Pass,C
STU-2026-11198,Private,Rural,Female,High School,Yes,Yes,Yes,18.2,92.7,2.03,5.5,13.7,61.6,Pass,D
STU-2026-11199,Public,Suburban,Female,Some College,Yes,Yes,No,31.9,65.4,1.57,7.2,13.1,46.9,Fail,F
STU-2026-11200,Public,Suburban,Male,High School,Yes,No,Yes,19.0,70.7,2.98,4.6,6.8,60.5,Pass,D
STU-2026-11201,Public,Suburban,Female,Bachelors,Yes,Yes,No,16.8,77.0,3.12,6.0,8.0,53.7,Fail,F
STU-2026-11202,Private,Suburban,Female,Bachelors,Yes,Yes,Yes,25.3,72.8,2.2,5.5,3.6,63.3,Pass,D
STU-2026-11203,Public,Urban,Female,Masters,Yes,No,No,31.4,83.0,2.26,9.1,13.5,66.6,Pass,D
STU-2026-11204,Public,Urban,Female,Masters,Yes,Yes,No,31.3,87.4,1.96,5.9,12.5,58.7,Fail,F
STU-2026-11205,Public,Suburban,Female,Masters,Yes,Yes,No,30.2,71.7,2.02,9.0,14.5,61.4,Pass,D
STU-2026-11206,Private,Suburban,Female,Some College,Yes,Yes,No,8.1,76.0,3.82,6.6,6.4,57.5,Fail,F
STU-2026-11207,Public,Urban,Male,Masters,Yes,Yes,Yes,5.8,93.0,2.96,4.6,6.7,63.2,Pass,D
STU-2026-11208,Private,Urban,Male,High School,Yes,No,No,4.6,62.9,1.5,4.8,6.1,35.0,Fail,F
STU-2026-11209,Private,Urban,Female,Bachelors,Yes,Yes,No,2.9,89.4,1.65,5.9,4.5,44.0,Fail,F
STU-2026-11210,Public,Suburban,Female,High School,Yes,Yes,No,17.6,76.9,3.95,6.0,2.9,60.0,Pass,D
STU-2026-11211,Charter,Rural,Female,Bachelors,Yes,No,No,21.4,98.2,1.51,7.0,14.8,55.2,Fail,F
STU-2026-11212,Private,Suburban,Male,Bachelors,Yes,No,No,21.1,73.1,2.36,5.0,5.0,59.9,Fail,F
STU-2026-11213,Public,Suburban,Male,Masters,Yes,Yes,No,8.4,77.7,1.8,8.0,0.2,44.0,Fail,F
STU-2026-11214,Public,Urban,Male,High School,Yes,No,Yes,31.4,75.1,3.36,5.3,4.1,61.9,Pass,D
STU-2026-11215,Public,Rural,Male,Masters,Yes,No,Yes,25.2,78.7,1.76,8.2,5.1,60.6,Pass,D
STU-2026-11216,Private,Urban,Male,Bachelors,Yes,No,No,33.5,76.8,3.09,5.8,2.4,72.9,Pass,C
STU-2026-11217,Charter,Urban,Male,Bachelors,Yes,Yes,No,22.6,79.0,2.77,8.5,3.3,62.7,Pass,D
STU-2026-11218,Private,Urban,Female,Masters,Yes,Yes,No,24.6,79.6,3.11,6.6,7.7,69.2,Pass,D
STU-2026-11219,Charter,Urban,Female,High School,Yes,Yes,Yes,3.2,90.2,2.69,6.5,2.9,64.5,Pass,D
STU-2026-11220,Private,Urban,Female,High School,Yes,No,No,2.0,62.0,2.86,5.2,7.8,50.8,Fail,F
STU-2026-11221,Public,Urban,Male,Masters,Yes,No,No,31.5,80.6,1.72,4.5,3.4,63.0,Pass,D
STU-2026-11222,Public,Rural,Female,High School,Yes,Yes,No,10.8,82.4,2.37,5.3,11.6,51.9,Fail,F
STU-2026-11223,Private,Suburban,Female,Masters,Yes,No,Yes,33.2,86.2,3.87,5.8,9.0,98.9,Pass,A
STU-2026-11224,Charter,Suburban,Female,Masters,Yes,No,No,33.5,65.6,2.67,7.8,14.3,66.2,Pass,D
STU-2026-11225,Public,Rural,Male,Bachelors,Yes,No,No,28.8,74.1,2.15,8.6,12.9,58.6,Fail,F
STU-2026-11226,Private,Suburban,Male,Some College,Yes,No,No,11.0,83.9,3.9,9.2,4.0,67.7,Pass,D
STU-2026-11227,Public,Rural,Female,Bachelors,Yes,No,No,25.8,78.1,3.97,6.7,5.4,75.4,Pass,C
STU-2026-11228,Public,Rural,Male,Bachelors,Yes,No,No,5.3,72.1,3.69,7.0,5.3,63.7,Pass,D
STU-2026-11229,Public,Urban,Female,Some College,Yes,Yes,No,3.7,86.0,3.02,7.0,8.2,49.5,Fail,F
STU-2026-11230,Public,Suburban,Male,Bachelors,Yes,Yes,No,10.3,76.5,3.32,5.4,6.0,61.8,Pass,D
STU-2026-11231,Charter,Suburban,Female,Masters,Yes,Yes,No,4.2,73.2,3.1,7.4,8.5,52.9,Fail,F
STU-2026-11232,Private,Urban,Male,Bachelors,Yes,Yes,No,24.8,74.6,2.65,4.6,0.9,64.9,Pass,D
STU-2026-11233,Private,Rural,Male,Masters,Yes,Yes,No,27.9,70.9,3.35,9.4,1.2,73.3,Pass,C
STU-2026-11234,Private,Rural,Male,Some College,Yes,No,No,30.9,97.3,1.62,7.9,13.3,57.2,Fail,F
STU-2026-11235,Public,Rural,Male,Bachelors,Yes,No,No,18.2,69.6,3.79,6.2,13.0,66.7,Pass,D
STU-2026-11236,Public,Suburban,Male,High School,Yes,Yes,No,25.9,66.6,3.79,7.5,0.7,56.2,Fail,F
STU-2026-11237,Public,Suburban,Male,Bachelors,Yes,Yes,Yes,10.2,83.7,2.09,4.6,4.3,53.3,Fail,F
STU-2026-11238,Private,Urban,Female,Some College,Yes,Yes,No,2.6,83.6,2.84,8.1,12.4,52.3,Fail,F
STU-2026-11239,Public,Urban,Female,Some College,Yes,No,Yes,13.6,88.9,2.22,9.0,9.2,63.0,Pass,D
STU-2026-11240,Charter,Suburban,Male,High School,No,Yes,No,25.9,81.9,2.75,7.5,5.6,56.9,Fail,F
STU-2026-11241,Public,Urban,Male,Bachelors,Yes,Yes,Yes,6.3,81.0,3.98,6.0,12.8,68.8,Pass,D
STU-2026-11242,Public,Suburban,Male,Masters,Yes,Yes,No,25.4,82.7,3.01,8.8,11.1,69.1,Pass,D
STU-2026-11243,Public,Suburban,Male,Masters,Yes,No,No,2.0,86.1,2.01,8.5,11.5,53.2,Fail,F
STU-2026-11244,Private,Rural,Male,Masters,No,Yes,Yes,31.0,61.8,2.58,9.2,2.5,62.6,Pass,D
STU-2026-11245,Private,Urban,Male,Masters,Yes,Yes,No,29.2,77.2,3.55,8.7,7.5,77.7,Pass,C
STU-2026-11246,Private,Rural,Male,Bachelors,Yes,Yes,Yes,16.9,95.8,1.59,8.2,6.4,58.0,Fail,F
STU-2026-11247,Charter,Urban,Male,Some College,Yes,Yes,Yes,9.8,63.0,3.57,7.0,4.2,72.7,Pass,C
STU-2026-11248,Private,Rural,Male,Masters,Yes,Yes,Yes,4.7,97.0,2.11,8.9,0.5,51.8,Fail,F
STU-2026-11249,Public,Suburban,Male,Bachelors,No,No,No,3.8,93.1,3.72,8.7,2.0,63.0,Pass,D
STU-2026-11250,Public,Urban,Male,Some College,Yes,Yes,No,33.7,80.6,1.94,8.3,7.2,62.7,Pass,D
STU-2026-11251,Public,Suburban,Female,Bachelors,Yes,No,Yes,31.8,88.2,3.12,7.0,11.3,78.3,Pass,C
STU-2026-11252,Private,Urban,Female,Masters,Yes,Yes,Yes,23.1,67.8,3.14,7.0,4.3,68.5,Pass,D
STU-2026-11253,Private,Suburban,Female,High School,No,No,No,33.7,70.2,3.8,8.1,3.6,72.9,Pass,C
STU-2026-11254,Private,Suburban,Female,Bachelors,Yes,Yes,No,31.4,78.0,3.8,6.8,2.6,73.8,Pass,C
STU-2026-11255,Public,Rural,Male,Some College,Yes,No,Yes,7.8,71.8,2.2,9.2,2.6,47.9,Fail,F
STU-2026-11256,Private,Urban,Male,Bachelors,Yes,Yes,Yes,32.7,61.9,2.85,9.3,8.0,73.2,Pass,C
STU-2026-11257,Charter,Suburban,Male,High School,No,Yes,No,28.9,73.8,3.8,5.1,11.6,74.2,Pass,C
STU-2026-11258,Public,Suburban,Male,Bachelors,No,Yes,Yes,8.4,99.4,3.91,8.0,0.3,77.2,Pass,C
STU-2026-11259,Charter,Rural,Male,High School,Yes,Yes,No,26.9,82.6,1.59,6.7,8.7,53.9,Fail,F
STU-2026-11260,Public,Rural,Female,Some College,Yes,No,Yes,8.5,93.8,2.1,8.9,7.1,58.1,Fail,F
STU-2026-11261,Private,Rural,Male,Doctorate,Yes,Yes,Yes,17.3,88.5,2.3,4.6,2.8,71.7,Pass,C
STU-2026-11262,Private,Urban,Male,Bachelors,Yes,No,Yes,11.5,77.0,3.54,7.4,1.8,73.1,Pass,C
STU-2026-11263,Public,Suburban,Male,High School,Yes,Yes,No,31.5,84.6,3.24,4.7,5.8,70.5,Pass,C
STU-2026-11264,Public,Suburban,Female,Some College,Yes,No,No,27.5,88.5,4.0,9.4,0.5,77.2,Pass,C
STU-2026-11265,Private,Suburban,Female,Bachelors,Yes,Yes,No,7.8,92.2,2.92,8.7,8.1,55.6,Fail,F
STU-2026-11266,Public,Urban,Female,Bachelors,Yes,Yes,Yes,21.5,87.3,2.89,8.6,12.9,69.0,Pass,D
STU-2026-11267,Public,Suburban,Female,Masters,Yes,No,Yes,27.8,66.0,2.03,7.6,5.0,63.0,Pass,D
STU-2026-11268,Private,Urban,Female,Bachelors,Yes,No,No,30.2,86.6,3.56,6.2,7.0,78.5,Pass,C
STU-2026-11269,Public,Urban,Male,Masters,Yes,Yes,No,34.9,75.2,3.83,9.2,9.3,79.3,Pass,C
STU-2026-11270,Public,Suburban,Female,Some College,Yes,Yes,Yes,29.2,82.6,3.13,8.2,4.5,73.8,Pass,C
STU-2026-11271,Public,Urban,Male,Masters,Yes,Yes,Yes,7.5,80.9,1.6,7.4,2.3,59.7,Fail,F
STU-2026-11272,Public,Suburban,Female,Masters,No,No,No,15.9,72.9,3.45,9.5,14.2,65.0,Pass,D
STU-2026-11273,Private,Urban,Male,Masters,Yes,No,No,23.5,64.8,3.58,5.7,6.0,76.6,Pass,C
STU-2026-11274,Private,Urban,Male,Some College,Yes,No,No,34.6,83.1,3.25,7.7,2.1,77.0,Pass,C
STU-2026-11275,Private,Rural,Female,Bachelors,Yes,No,No,25.1,96.0,2.19,7.8,0.7,67.0,Pass,D
STU-2026-11276,Public,Urban,Female,Some College,Yes,Yes,No,4.8,83.8,1.84,5.8,14.6,40.9,Fail,F
STU-2026-11277,Public,Urban,Female,Bachelors,No,No,No,26.5,89.4,3.16,8.1,4.2,68.5,Pass,D
STU-2026-11278,Public,Suburban,Male,Some College,Yes,Yes,No,6.5,99.3,3.2,5.7,12.2,63.8,Pass,D
STU-2026-11279,Public,Urban,Male,Bachelors,Yes,No,Yes,10.1,90.9,3.9,7.1,9.3,74.1,Pass,C
STU-2026-11280,Public,Suburban,Female,Doctorate,Yes,Yes,Yes,18.2,82.2,3.95,5.3,9.2,76.7,Pass,C
STU-2026-11281,Public,Suburban,Female,Bachelors,Yes,Yes,Yes,27.6,90.9,3.32,8.0,9.8,79.7,Pass,C
STU-2026-11282,Private,Urban,Female,Some College,Yes,Yes,Yes,9.8,92.5,1.9,9.1,11.9,55.0,Fail,F
STU-2026-11283,Charter,Urban,Female,High School,Yes,Yes,Yes,22.1,96.0,2.59,7.0,7.5,62.0,Pass,D
STU-2026-11284,Public,Urban,Female,Some College,Yes,Yes,No,29.6,63.9,1.55,7.5,2.6,48.9,Fail,F
STU-2026-11285,Public,Suburban,Male,High School,Yes,Yes,No,17.7,95.8,3.75,9.5,13.6,72.2,Pass,C
STU-2026-11286,Public,Urban,Male,Bachelors,Yes,Yes,No,3.9,93.9,2.51,7.6,4.0,49.3,Fail,F
STU-2026-11287,Public,Urban,Female,Bachelors,Yes,No,No,27.5,97.2,3.91,7.5,1.2,83.9,Pass,B
STU-2026-11288,Charter,Urban,Female,High School,Yes,No,Yes,7.6,87.0,1.76,6.9,0.6,49.3,Fail,F
STU-2026-11289,Public,Rural,Male,High School,Yes,Yes,Yes,12.3,66.2,4.0,8.6,13.8,66.0,Pass,D
STU-2026-11290,Public,Suburban,Female,Bachelors,No,Yes,Yes,3.0,60.3,3.56,5.0,9.2,56.3,Fail,F
STU-2026-11291,Private,Urban,Male,Masters,Yes,Yes,No,27.8,93.0,3.83,9.5,5.3,83.7,Pass,B
STU-2026-11292,Public,Urban,Male,Masters,Yes,No,Yes,16.9,70.1,1.95,6.3,13.9,65.3,Pass,D
STU-2026-11293,Charter,Suburban,Female,Bachelors,Yes,Yes,No,20.8,64.7,3.93,7.3,3.4,74.8,Pass,C
STU-2026-11294,Public,Suburban,Male,High School,Yes,Yes,No,10.6,92.8,3.32,7.0,13.4,57.4,Fail,F
STU-2026-11295,Charter,Suburban,Female,Doctorate,Yes,No,Yes,27.1,96.5,2.57,7.4,13.5,77.3,Pass,C
STU-2026-11296,Public,Suburban,Male,Some College,Yes,Yes,Yes,33.1,95.8,3.46,6.4,12.7,78.3,Pass,C
STU-2026-11297,Private,Urban,Male,Bachelors,No,Yes,No,19.6,67.9,1.81,6.5,12.9,52.3,Fail,F
STU-2026-11298,Public,Rural,Female,High School,Yes,Yes,No,2.6,72.6,2.71,8.5,6.8,45.6,Fail,F
STU-2026-11299,Public,Suburban,Female,Some College,Yes,No,No,32.3,87.9,3.17,7.7,7.1,76.1,Pass,C
STU-2026-11300,Public,Suburban,Male,Some College,Yes,No,No,14.3,82.3,2.0,6.7,12.1,55.5,Fail,F
STU-2026-11301,Private,Suburban,Male,Bachelors,Yes,Yes,No,34.2,64.5,3.29,5.9,6.1,73.8,Pass,C
STU-2026-11302,Private,Urban,Female,Doctorate,Yes,No,Yes,34.2,64.8,2.14,5.4,7.2,75.6,Pass,C
STU-2026-11303,Public,Suburban,Male,Masters,Yes,Yes,No,14.9,69.9,3.3,7.9,14.6,66.3,Pass,D
STU-2026-11304,Public,Suburban,Male,Some College,Yes,No,No,14.4,71.8,2.86,9.4,11.4,58.8,Fail,F
STU-2026-11305,Public,Rural,Female,High School,Yes,No,No,9.3,98.7,2.55,4.6,10.1,50.0,Fail,F
STU-2026-11306,Public,Suburban,Male,Some College,Yes,No,No,17.0,92.9,3.99,7.4,12.3,67.9,Pass,D
STU-2026-11307,Public,Urban,Male,Bachelors,Yes,No,No,8.3,70.0,3.41,7.0,1.1,60.0,Pass,D
STU-2026-11308,Public,Suburban,Female,Masters,Yes,Yes,No,23.1,91.8,2.04,6.7,3.2,62.4,Pass,D
STU-2026-11309,Private,Suburban,Female,Bachelors,Yes,No,Yes,12.9,67.8,3.42,7.1,7.3,68.3,Pass,D
STU-2026-11310,Public,Suburban,Male,Masters,Yes,Yes,Yes,11.8,74.3,3.67,6.3,11.4,66.8,Pass,D
STU-2026-11311,Private,Suburban,Male,Bachelors,No,No,Yes,6.9,90.3,2.81,4.6,11.2,61.5,Pass,D
STU-2026-11312,Public,Suburban,Male,Bachelors,Yes,No,No,29.2,67.3,3.97,6.2,8.5,73.6,Pass,C
STU-2026-11313,Public,Suburban,Male,Bachelors,Yes,No,Yes,15.8,72.2,3.11,5.5,8.1,69.9,Pass,D
STU-2026-11314,Public,Rural,Male,Some College,No,Yes,No,31.2,91.3,2.99,8.3,5.8,77.5,Pass,C
STU-2026-11315,Public,Rural,Male,High School,No,No,Yes,13.0,67.8,3.14,7.6,1.0,53.3,Fail,F
STU-2026-11316,Private,Suburban,Female,Some College,Yes,Yes,Yes,26.3,88.8,1.53,8.5,10.1,60.2,Pass,D
STU-2026-11317,Public,Urban,Female,Masters,Yes,No,Yes,30.3,91.1,3.13,5.1,7.8,80.4,Pass,B
STU-2026-11318,Public,Urban,Female,High School,Yes,No,Yes,10.5,76.1,3.71,9.1,8.0,67.1,Pass,D
STU-2026-11319,Charter,Suburban,Male,Bachelors,Yes,No,No,2.8,90.7,1.98,6.9,8.2,47.2,Fail,F
STU-2026-11320,Public,Urban,Male,Bachelors,Yes,No,Yes,8.8,80.4,1.9,9.1,2.5,49.7,Fail,F
STU-2026-11321,Private,Suburban,Female,Some College,Yes,Yes,No,3.6,75.5,3.91,6.7,4.5,56.4,Fail,F
STU-2026-11322,Public,Urban,Male,Some College,Yes,Yes,No,18.0,91.7,3.25,7.6,1.2,71.4,Pass,C
STU-2026-11323,Private,Rural,Female,Some College,Yes,No,No,16.5,81.0,3.72,8.5,6.4,66.6,Pass,D
STU-2026-11324,Public,Suburban,Female,High School,Yes,Yes,Yes,5.6,76.7,3.41,8.7,0.5,55.3,Fail,F
STU-2026-11325,Public,Urban,Male,Some College,No,Yes,No,34.0,74.0,3.52,5.6,8.9,73.4,Pass,C
STU-2026-11326,Public,Urban,Male,Doctorate,Yes,Yes,Yes,30.3,89.0,1.59,6.6,13.7,65.7,Pass,D
STU-2026-11327,Public,Urban,Female,Some College,Yes,Yes,Yes,8.5,87.4,3.13,4.5,0.9,62.5,Pass,D
STU-2026-11328,Charter,Suburban,Male,Masters,Yes,Yes,No,7.6,81.9,2.96,7.6,12.6,61.9,Pass,D
STU-2026-11329,Public,Suburban,Female,High School,Yes,Yes,No,19.5,65.7,1.81,7.4,13.9,44.1,Fail,F
STU-2026-11330,Private,Suburban,Male,Some College,Yes,No,No,2.4,60.6,2.71,6.9,13.0,41.5,Fail,F
STU-2026-11331,Public,Suburban,Male,Some College,Yes,Yes,Yes,24.4,64.4,3.66,5.3,1.3,73.9,Pass,C
STU-2026-11332,Public,Urban,Female,Bachelors,Yes,No,No,20.6,83.1,2.49,8.2,10.1,58.9,Fail,F
STU-2026-11333,Public,Urban,Female,Masters,Yes,Yes,No,5.0,60.6,2.1,9.0,6.7,51.3,Fail,F
STU-2026-11334,Public,Suburban,Female,Bachelors,No,No,No,17.8,87.5,3.03,5.3,6.1,66.2,Pass,D
STU-2026-11335,Private,Urban,Female,High School,Yes,No,No,21.2,87.4,3.69,6.4,9.7,70.6,Pass,C
STU-2026-11336,Public,Suburban,Male,Some College,Yes,Yes,Yes,13.7,96.4,3.28,4.5,2.8,67.9,Pass,D
STU-2026-11337,Public,Urban,Female,High School,Yes,No,No,10.2,95.3,1.51,5.9,6.9,45.8,Fail,F
STU-2026-11338,Public,Suburban,Female,Masters,Yes,Yes,No,31.2,79.1,3.59,4.5,4.3,73.1,Pass,C
STU-2026-11339,Charter,Urban,Male,Masters,No,No,Yes,15.4,71.2,2.77,5.8,11.5,68.2,Pass,D
STU-2026-11340,Public,Rural,Female,High School,Yes,Yes,Yes,29.1,84.7,3.9,5.0,10.9,83.0,Pass,B
STU-2026-11341,Private,Urban,Male,Some College,No,Yes,No,18.4,77.4,3.54,5.6,8.6,66.2,Pass,D
STU-2026-11342,Public,Suburban,Female,Some College,Yes,Yes,No,6.0,80.3,2.42,6.1,13.8,46.0,Fail,F
STU-2026-11343,Private,Urban,Female,Bachelors,No,No,No,18.8,76.2,3.78,5.8,7.5,66.8,Pass,D
STU-2026-11344,Public,Suburban,Female,Masters,Yes,Yes,No,33.6,74.4,3.56,8.7,6.1,79.5,Pass,C
STU-2026-11345,Charter,Suburban,Female,Bachelors,No,Yes,Yes,32.7,66.1,1.55,9.5,12.8,55.3,Fail,F
STU-2026-11346,Public,Urban,Female,Bachelors,Yes,Yes,Yes,33.7,64.0,1.78,6.0,4.0,60.5,Pass,D
STU-2026-11347,Charter,Rural,Male,Bachelors,Yes,No,Yes,31.0,88.2,3.73,4.6,3.6,84.0,Pass,B
STU-2026-11348,Private,Urban,Female,High School,Yes,Yes,No,26.1,84.1,2.92,4.6,13.6,65.2,Pass,D
STU-2026-11349,Charter,Urban,Female,Some College,Yes,No,No,5.0,77.2,1.74,6.8,3.3,39.9,Fail,F
STU-2026-11350,Public,Urban,Female,Masters,No,No,No,24.9,70.0,1.82,8.0,11.5,50.8,Fail,F
STU-2026-11351,Private,Suburban,Female,Bachelors,Yes,Yes,Yes,11.2,92.2,2.98,7.2,13.3,75.1,Pass,C
STU-2026-11352,Public,Rural,Female,High School,Yes,Yes,No,29.8,78.6,3.98,8.8,0.1,68.1,Pass,D
STU-2026-11353,Public,Rural,Female,Some College,Yes,Yes,No,9.4,78.0,3.31,9.4,1.7,61.0,Pass,D
STU-2026-11354,Public,Rural,Female,Masters,No,Yes,No,29.8,82.3,1.8,4.9,7.8,56.9,Fail,F
STU-2026-11355,Public,Suburban,Male,Some College,Yes,Yes,No,19.7,78.8,1.79,6.5,12.2,51.7,Fail,F
STU-2026-11356,Charter,Urban,Female,Some College,Yes,Yes,Yes,31.0,60.5,2.1,6.5,1.3,64.1,Pass,D
STU-2026-11357,Public,Urban,Female,Some College,Yes,Yes,Yes,5.1,95.5,1.85,9.0,5.4,53.4,Fail,F
STU-2026-11358,Public,Suburban,Male,Bachelors,Yes,Yes,No,13.2,79.2,2.85,6.1,6.8,61.2,Pass,D
STU-2026-11359,Public,Suburban,Female,Bachelors,Yes,No,No,29.1,98.4,2.78,9.2,6.2,75.1,Pass,C
STU-2026-11360,Private,Suburban,Male,Some College,Yes,Yes,No,31.3,73.9,1.69,8.1,7.7,50.9,Fail,F
STU-2026-11361,Public,Rural,Female,Some College,Yes,No,No,25.5,99.7,2.06,9.0,5.5,65.2,Pass,D
STU-2026-11362,Public,Urban,Female,Some College,Yes,No,No,17.6,81.1,2.69,6.7,2.6,60.5,Pass,D
STU-2026-11363,Public,Urban,Male,Bachelors,Yes,No,No,29.0,99.7,1.97,4.8,14.4,62.2,Pass,D
STU-2026-11364,Private,Suburban,Female,Some College,Yes,Yes,No,11.9,60.8,3.76,5.0,12.1,59.1,Fail,F
STU-2026-11365,Public,Urban,Female,Some College,Yes,No,Yes,2.6,72.5,3.47,7.2,6.9,60.9,Pass,D
STU-2026-11366,Public,Urban,Male,High School,Yes,Yes,No,27.5,68.0,1.81,7.2,6.1,51.5,Fail,F
STU-2026-11367,Public,Rural,Male,Masters,Yes,No,No,2.1,76.1,3.97,5.6,4.3,56.5,Fail,F
STU-2026-11368,Public,Urban,Male,Bachelors,Yes,Yes,No,15.9,76.3,1.88,8.1,2.1,51.7,Fail,F
STU-2026-11369,Public,Suburban,Male,High School,Yes,No,No,33.0,95.8,2.6,5.6,6.7,62.4,Pass,D
STU-2026-11370,Public,Suburban,Female,High School,Yes,No,No,3.1,96.9,2.22,7.8,13.7,51.3,Fail,F
STU-2026-11371,Public,Urban,Male,Masters,Yes,No,Yes,30.8,70.9,1.74,9.2,0.0,59.8,Fail,F
STU-2026-11372,Public,Suburban,Male,High School,Yes,No,No,16.5,94.6,1.91,7.3,6.2,58.1,Fail,F
STU-2026-11373,Public,Rural,Male,Some College,Yes,Yes,No,14.7,87.7,1.71,8.9,12.5,49.2,Fail,F
STU-2026-11374,Private,Suburban,Male,Some College,Yes,No,No,10.3,64.4,2.09,4.6,9.4,48.5,Fail,F
STU-2026-11375,Public,Urban,Female,Bachelors,Yes,Yes,Yes,10.9,85.1,3.72,6.7,14.8,72.9,Pass,C
STU-2026-11376,Public,Rural,Male,High School,Yes,Yes,No,5.0,85.8,2.59,6.1,5.8,50.1,Fail,F
STU-2026-11377,Public,Urban,Male,High School,Yes,No,No,6.4,87.4,3.34,9.4,14.4,57.9,Fail,F
STU-2026-11378,Public,Suburban,Female,Bachelors,Yes,Yes,No,13.9,76.7,2.94,5.6,10.6,57.9,Fail,F
STU-2026-11379,Private,Urban,Female,Bachelors,Yes,Yes,No,12.0,71.2,3.49,6.7,4.9,63.2,Pass,D
STU-2026-11380,Public,Rural,Male,Bachelors,No,No,No,25.8,72.9,2.1,8.1,0.5,63.8,Pass,D
STU-2026-11381,Public,Urban,Male,High School,Yes,No,Yes,19.1,95.8,3.33,5.7,10.0,73.4,Pass,C
STU-2026-11382,Private,Urban,Male,Doctorate,Yes,Yes,No,15.1,80.4,3.53,5.5,0.1,71.4,Pass,C
STU-2026-11383,Public,Suburban,Female,Bachelors,Yes,No,Yes,5.8,95.4,2.84,9.0,0.6,59.9,Fail,F
STU-2026-11384,Public,Rural,Male,High School,Yes,Yes,No,25.7,90.0,2.24,6.5,4.6,55.0,Fail,F
STU-2026-11385,Private,Suburban,Male,Bachelors,Yes,Yes,Yes,10.2,76.2,3.32,8.9,6.1,63.5,Pass,D
STU-2026-11386,Private,Urban,Female,Bachelors,Yes,Yes,No,6.6,75.6,1.91,4.5,6.8,47.7,Fail,F
STU-2026-11387,Private,Suburban,Male,High School,Yes,Yes,No,18.5,65.1,3.88,9.5,9.6,57.0,Fail,F
STU-2026-11388,Public,Urban,Female,Masters,Yes,No,No,25.2,98.7,2.64,7.9,12.1,75.7,Pass,C
STU-2026-11389,Public,Suburban,Female,Bachelors,Yes,Yes,Yes,24.6,61.4,1.5,6.6,5.2,56.9,Fail,F
STU-2026-11390,Public,Urban,Male,Bachelors,Yes,Yes,No,19.5,83.1,1.96,7.6,2.2,55.9,Fail,F
STU-2026-11391,Public,Suburban,Male,Masters,No,Yes,No,5.1,67.7,1.88,8.5,6.9,45.4,Fail,F
STU-2026-11392,Private,Suburban,Male,Bachelors,Yes,Yes,Yes,15.7,93.8,3.0,8.9,9.9,72.0,Pass,C
STU-2026-11393,Private,Urban,Female,Doctorate,No,Yes,Yes,30.1,87.4,3.5,5.8,5.3,83.1,Pass,B
STU-2026-11394,Charter,Urban,Female,High School,Yes,No,No,16.8,60.7,1.76,8.2,10.7,45.8,Fail,F
STU-2026-11395,Private,Urban,Female,Masters,Yes,Yes,No,12.8,67.3,2.82,9.2,14.7,56.2,Fail,F
STU-2026-11396,Public,Urban,Male,Bachelors,Yes,No,No,27.9,98.7,3.66,6.9,11.5,75.1,Pass,C
STU-2026-11397,Private,Suburban,Male,Bachelors,Yes,No,No,32.8,61.7,2.92,4.9,0.6,70.3,Pass,C
STU-2026-11398,Public,Suburban,Female,Masters,No,Yes,Yes,10.9,64.4,1.57,5.6,4.7,46.3,Fail,F
STU-2026-11399,Public,Suburban,Female,Some College,Yes,No,Yes,9.3,69.9,3.5,7.7,10.5,61.8,Pass,D
STU-2026-11400,Public,Suburban,Female,Some College,Yes,Yes,Yes,25.5,73.1,2.64,6.5,4.1,67.8,Pass,D
STU-2026-11401,Private,Urban,Female,Bachelors,Yes,Yes,Yes,26.0,99.6,2.43,6.2,11.4,71.6,Pass,C
STU-2026-11402,Public,Suburban,Female,High School,Yes,No,Yes,34.6,95.2,1.79,6.6,1.9,57.2,Fail,F
STU-2026-11403,Private,Urban,Female,Bachelors,Yes,No,Yes,11.1,93.0,2.69,7.3,3.5,62.5,Pass,D
STU-2026-11404,Public,Urban,Female,High School,Yes,Yes,Yes,5.5,94.8,2.52,7.7,14.1,54.5,Fail,F
STU-2026-11405,Public,Rural,Male,Some College,Yes,Yes,Yes,27.9,67.4,2.23,6.3,2.7,64.4,Pass,D
STU-2026-11406,Public,Suburban,Male,Masters,Yes,Yes,No,3.3,84.2,2.91,8.3,9.1,52.2,Fail,F
STU-2026-11407,Public,Suburban,Male,High School,Yes,No,No,18.1,73.3,1.69,6.3,11.9,43.2,Fail,F
STU-2026-11408,Public,Urban,Female,Bachelors,Yes,No,No,32.0,80.0,3.63,4.8,12.9,80.4,Pass,B
STU-2026-11409,Charter,Urban,Female,Some College,Yes,No,No,28.8,81.0,3.9,8.9,14.4,72.1,Pass,C
STU-2026-11410,Public,Rural,Female,Bachelors,Yes,Yes,No,26.0,74.8,3.66,4.9,7.8,78.7,Pass,C
STU-2026-11411,Private,Suburban,Female,Bachelors,Yes,Yes,No,15.1,98.3,3.06,5.0,8.5,69.3,Pass,D
STU-2026-11412,Public,Urban,Female,High School,Yes,No,Yes,14.0,99.7,2.47,7.7,5.0,67.4,Pass,D
STU-2026-11413,Private,Suburban,Male,Masters,Yes,No,No,22.6,67.5,2.64,6.8,14.0,65.7,Pass,D
STU-2026-11414,Private,Suburban,Female,Bachelors,Yes,No,No,28.5,83.9,2.77,8.1,8.4,66.6,Pass,D
STU-2026-11415,Private,Urban,Female,Bachelors,Yes,Yes,No,31.1,93.9,3.27,6.0,11.8,78.3,Pass,C
STU-2026-11416,Public,Urban,Female,Bachelors,Yes,Yes,Yes,12.5,92.8,2.46,8.3,6.9,61.8,Pass,D
STU-2026-11417,Public,Suburban,Female,Bachelors,Yes,No,Yes,17.0,99.1,2.5,6.8,0.3,64.7,Pass,D
STU-2026-11418,Public,Urban,Male,Doctorate,No,No,Yes,15.5,68.2,2.15,4.6,3.3,58.8,Fail,F
STU-2026-11419,Public,Urban,Male,Some College,Yes,No,No,3.5,66.3,3.53,9.2,1.8,48.9,Fail,F
STU-2026-11420,Private,Suburban,Male,Masters,No,No,No,31.8,84.6,2.56,7.2,12.4,73.5,Pass,C
STU-2026-11421,Public,Urban,Female,High School,Yes,No,No,25.2,65.5,1.79,5.2,2.0,47.0,Fail,F
STU-2026-11422,Public,Suburban,Male,Masters,Yes,Yes,No,22.9,73.5,2.45,5.1,14.7,61.0,Pass,D
STU-2026-11423,Charter,Suburban,Female,Bachelors,No,Yes,No,8.7,84.7,3.61,7.1,9.9,60.9,Pass,D
STU-2026-11424,Charter,Urban,Female,Bachelors,Yes,No,No,23.7,79.2,1.99,5.2,9.9,56.8,Fail,F
STU-2026-11425,Charter,Urban,Male,Some College,Yes,No,Yes,20.4,98.1,3.49,7.3,9.7,78.3,Pass,C
STU-2026-11426,Charter,Urban,Male,Doctorate,Yes,Yes,Yes,2.4,83.8,3.84,4.8,1.9,70.7,Pass,C
STU-2026-11427,Public,Urban,Female,Some College,Yes,Yes,No,33.4,91.8,3.58,8.4,7.9,79.6,Pass,C
STU-2026-11428,Public,Urban,Female,Masters,Yes,Yes,No,7.1,84.3,3.85,8.9,2.0,70.3,Pass,C
STU-2026-11429,Public,Suburban,Female,Some College,Yes,Yes,No,18.1,78.2,2.04,8.9,1.3,55.4,Fail,F
STU-2026-11430,Public,Urban,Male,Some College,Yes,Yes,No,13.2,73.3,3.31,6.6,12.4,53.7,Fail,F
STU-2026-11431,Public,Urban,Male,Some College,Yes,Yes,No,31.2,96.0,2.01,5.4,1.2,64.3,Pass,D
STU-2026-11432,Public,Urban,Male,High School,Yes,Yes,No,21.3,88.2,3.27,7.8,14.1,66.0,Pass,D
STU-2026-11433,Public,Suburban,Male,High School,Yes,Yes,No,5.1,75.2,3.7,4.7,7.9,50.9,Fail,F
STU-2026-11434,Public,Rural,Female,Bachelors,Yes,No,No,8.3,68.5,2.0,6.3,7.0,51.6,Fail,F
STU-2026-11435,Public,Suburban,Male,Some College,Yes,Yes,No,17.5,71.2,3.17,8.9,13.3,49.3,Fail,F
STU-2026-11436,Public,Suburban,Male,Masters,Yes,No,No,32.1,70.1,2.64,7.1,9.9,70.2,Pass,C
STU-2026-11437,Charter,Suburban,Female,Bachelors,Yes,No,No,13.6,85.3,2.1,5.8,14.2,54.0,Fail,F
STU-2026-11438,Public,Suburban,Male,Bachelors,Yes,No,No,33.4,87.4,3.13,8.4,8.5,80.3,Pass,B
STU-2026-11439,Private,Urban,Male,Bachelors,Yes,No,No,21.2,95.7,1.73,8.4,11.0,62.8,Pass,D
STU-2026-11440,Charter,Urban,Female,Bachelors,Yes,No,No,25.9,74.2,3.4,5.3,12.5,65.9,Pass,D
STU-2026-11441,Public,Rural,Female,Bachelors,Yes,No,No,18.7,70.1,1.53,5.4,11.9,43.4,Fail,F
STU-2026-11442,Private,Urban,Female,Bachelors,Yes,No,No,32.9,78.4,2.61,5.0,11.8,72.4,Pass,C
STU-2026-11443,Charter,Urban,Female,Some College,Yes,No,Yes,3.5,78.5,2.14,5.4,5.4,47.1,Fail,F
STU-2026-11444,Private,Suburban,Male,Some College,Yes,No,No,15.3,82.6,1.64,6.9,15.0,45.0,Fail,F
STU-2026-11445,Public,Urban,Male,High School,No,Yes,Yes,23.1,81.0,3.96,7.8,0.8,74.2,Pass,C
STU-2026-11446,Public,Suburban,Male,High School,Yes,No,No,9.5,63.3,2.32,8.9,3.4,44.9,Fail,F
STU-2026-11447,Charter,Urban,Male,High School,Yes,No,Yes,27.8,67.7,3.43,7.2,7.1,66.2,Pass,D
STU-2026-11448,Private,Suburban,Male,Masters,No,No,Yes,2.0,97.5,3.57,7.2,13.0,64.0,Pass,D
STU-2026-11449,Private,Urban,Male,Some College,Yes,Yes,No,8.6,92.2,2.14,8.0,9.5,48.2,Fail,F
STU-2026-11450,Private,Suburban,Female,Bachelors,Yes,Yes,No,26.2,98.8,2.4,9.3,0.2,66.6,Pass,D
STU-2026-11451,Public,Suburban,Male,Masters,No,No,No,34.8,62.8,3.37,5.9,7.4,70.6,Pass,C
STU-2026-11452,Public,Urban,Male,Bachelors,No,No,No,19.0,67.3,3.34,5.2,9.3,61.3,Pass,D
STU-2026-11453,Public,Urban,Female,Bachelors,Yes,Yes,No,13.5,77.8,3.71,6.1,1.1,58.3,Fail,F
STU-2026-11454,Public,Suburban,Female,Some College,Yes,No,No,10.2,87.7,3.34,4.5,4.2,65.0,Pass,D
STU-2026-11455,Public,Urban,Female,Masters,Yes,Yes,Yes,28.5,80.4,2.62,6.7,13.6,70.2,Pass,C
STU-2026-11456,Private,Urban,Male,Masters,Yes,No,No,15.5,79.6,3.95,6.1,12.0,70.4,Pass,C
STU-2026-11457,Charter,Urban,Female,Masters,No,No,Yes,19.9,78.5,3.52,9.0,4.8,70.8,Pass,C
STU-2026-11458,Public,Urban,Male,Masters,Yes,No,No,20.2,66.0,2.32,8.2,11.7,59.4,Fail,F
STU-2026-11459,Private,Rural,Female,Bachelors,Yes,No,No,21.1,92.7,1.51,6.8,2.4,51.2,Fail,F
STU-2026-11460,Public,Urban,Female,Some College,Yes,No,No,21.9,73.4,3.21,6.5,13.1,70.8,Pass,C
STU-2026-11461,Private,Urban,Female,Bachelors,Yes,No,Yes,34.5,82.0,2.62,5.0,12.5,69.6,Pass,D
STU-2026-11462,Charter,Urban,Male,Some College,Yes,No,No,20.4,86.8,2.58,5.3,11.8,68.9,Pass,D
STU-2026-11463,Public,Urban,Female,Bachelors,Yes,No,Yes,12.6,75.9,2.18,4.5,10.8,59.6,Fail,F
STU-2026-11464,Public,Rural,Male,Some College,Yes,No,No,16.0,67.3,1.96,7.5,3.2,44.3,Fail,F
STU-2026-11465,Private,Rural,Male,Bachelors,Yes,No,Yes,10.6,62.7,2.36,5.8,10.7,54.1,Fail,F
STU-2026-11466,Private,Urban,Female,Some College,Yes,No,No,33.0,91.3,2.58,7.9,6.4,72.3,Pass,C
STU-2026-11467,Public,Suburban,Female,Some College,Yes,No,No,17.5,75.4,2.51,8.6,10.9,52.6,Fail,F
STU-2026-11468,Public,Urban,Male,Some College,Yes,No,No,30.6,71.5,3.73,5.2,2.7,66.6,Pass,D
STU-2026-11469,Public,Rural,Female,Some College,Yes,No,No,16.1,72.9,2.34,9.4,1.9,58.9,Fail,F
STU-2026-11470,Charter,Suburban,Female,High School,Yes,Yes,No,28.3,75.4,3.65,5.4,12.7,65.7,Pass,D
STU-2026-11471,Private,Rural,Female,Some College,Yes,Yes,Yes,14.5,96.4,3.73,4.8,2.2,71.8,Pass,C
STU-2026-11472,Charter,Urban,Male,Bachelors,Yes,No,Yes,23.7,81.4,1.52,7.3,7.2,63.9,Pass,D
STU-2026-11473,Public,Suburban,Female,Some College,Yes,Yes,Yes,5.1,99.3,2.06,8.5,9.2,47.9,Fail,F
STU-2026-11474,Public,Rural,Male,High School,Yes,Yes,Yes,12.0,87.2,2.72,7.4,8.6,58.4,Fail,F
STU-2026-11475,Public,Urban,Female,Bachelors,Yes,Yes,No,15.7,82.2,1.51,6.1,8.3,52.1,Fail,F
STU-2026-11476,Public,Suburban,Male,Doctorate,No,No,No,23.2,88.3,2.74,9.3,5.5,70.4,Pass,C
STU-2026-11477,Private,Suburban,Female,Masters,Yes,Yes,Yes,30.4,89.8,2.57,4.6,5.9,78.6,Pass,C
STU-2026-11478,Private,Suburban,Male,Some College,Yes,Yes,Yes,27.9,84.4,3.13,6.8,2.0,68.6,Pass,D
STU-2026-11479,Public,Suburban,Female,Some College,Yes,Yes,No,21.5,79.1,3.77,8.4,4.4,73.2,Pass,C
STU-2026-11480,Public,Urban,Female,Some College,Yes,No,No,6.1,83.5,3.99,5.4,6.4,66.3,Pass,D
STU-2026-11481,Charter,Urban,Male,Bachelors,Yes,Yes,No,26.1,68.2,3.17,7.4,12.2,62.2,Pass,D
STU-2026-11482,Charter,Urban,Female,Doctorate,Yes,Yes,Yes,33.6,72.2,1.56,5.9,1.6,68.8,Pass,D
STU-2026-11483,Private,Rural,Female,Masters,Yes,Yes,Yes,17.8,96.6,1.68,8.0,10.4,66.0,Pass,D
STU-2026-11484,Public,Rural,Male,Some College,No,No,No,2.4,74.6,2.37,7.4,1.1,45.6,Fail,F
STU-2026-11485,Charter,Suburban,Female,Some College,Yes,No,No,25.6,64.2,2.65,5.0,11.2,63.3,Pass,D
STU-2026-11486,Private,Suburban,Female,Bachelors,Yes,No,Yes,25.3,72.4,2.8,5.6,4.6,64.6,Pass,D
STU-2026-11487,Private,Urban,Female,High School,Yes,No,No,14.6,84.1,1.75,8.9,5.1,40.6,Fail,F
STU-2026-11488,Charter,Suburban,Male,High School,Yes,No,No,17.6,85.9,3.58,9.1,0.8,62.2,Pass,D
STU-2026-11489,Charter,Urban,Female,High School,Yes,No,No,8.9,65.6,3.6,5.0,11.7,60.2,Pass,D
STU-2026-11490,Private,Urban,Female,Bachelors,Yes,Yes,Yes,6.5,81.1,3.32,5.7,6.6,67.4,Pass,D
STU-2026-11491,Public,Urban,Male,High School,Yes,Yes,No,18.6,70.2,3.31,8.7,3.2,58.0,Fail,F
STU-2026-11492,Public,Suburban,Female,Some College,Yes,No,No,11.8,83.2,2.45,5.4,11.1,52.6,Fail,F
STU-2026-11493,Public,Suburban,Male,High School,Yes,No,No,25.9,60.0,2.02,4.7,13.5,44.5,Fail,F
STU-2026-11494,Private,Suburban,Female,Masters,Yes,No,Yes,3.7,75.5,3.58,5.2,1.9,69.5,Pass,D
STU-2026-11495,Private,Urban,Male,Masters,Yes,No,Yes,8.7,68.5,3.83,7.2,9.8,65.7,Pass,D
STU-2026-11496,Public,Urban,Male,High School,Yes,Yes,No,17.1,87.9,1.88,8.5,14.0,59.6,Fail,F
STU-2026-11497,Private,Urban,Male,Doctorate,Yes,No,No,25.8,83.1,1.74,7.7,7.0,59.8,Fail,F
STU-2026-11498,Private,Suburban,Male,Bachelors,Yes,Yes,No,14.1,62.0,2.94,7.9,8.1,52.6,Fail,F
STU-2026-11499,Public,Urban,Female,Masters,Yes,No,Yes,15.6,85.6,2.02,7.7,11.4,65.5,Pass,D
STU-2026-11500,Public,Urban,Male,Doctorate,Yes,No,No,5.3,87.1,1.6,6.0,9.6,48.9,Fail,F
STU-2026-11501,Public,Suburban,Female,Bachelors,Yes,Yes,No,18.1,79.3,1.86,4.6,3.4,51.5,Fail,F
STU-2026-11502,Public,Suburban,Male,Masters,Yes,Yes,No,31.9,87.4,3.32,5.3,11.0,77.9,Pass,C
STU-2026-11503,Charter,Suburban,Male,Bachelors,Yes,No,No,3.7,95.4,2.47,8.1,6.4,62.5,Pass,D
STU-2026-11504,Public,Rural,Female,Bachelors,Yes,Yes,No,34.5,79.3,2.95,5.3,6.2,73.5,Pass,C
STU-2026-11505,Private,Suburban,Male,Some College,Yes,Yes,Yes,26.9,75.4,3.87,9.4,0.7,73.9,Pass,C
STU-2026-11506,Charter,Rural,Female,High School,No,No,No,28.8,70.9,3.32,9.1,10.8,58.4,Fail,F
STU-2026-11507,Public,Rural,Male,Some College,Yes,Yes,No,15.1,92.8,2.88,8.1,6.9,57.2,Fail,F
STU-2026-11508,Public,Urban,Female,Some College,Yes,No,No,34.5,68.3,2.15,7.6,10.5,60.9,Pass,D
STU-2026-11509,Private,Suburban,Female,High School,Yes,No,No,24.4,68.5,3.43,5.4,2.6,62.6,Pass,D
STU-2026-11510,Public,Urban,Female,Bachelors,Yes,No,No,20.7,84.4,1.51,6.7,9.9,48.7,Fail,F
STU-2026-11511,Private,Rural,Female,Some College,Yes,No,No,6.7,63.0,2.18,4.8,11.5,48.6,Fail,F
STU-2026-11512,Private,Suburban,Female,Some College,Yes,Yes,Yes,15.5,86.8,2.29,6.1,1.3,58.7,Fail,F
STU-2026-11513,Public,Suburban,Female,High School,Yes,Yes,Yes,21.8,68.4,3.83,7.1,13.8,66.7,Pass,D
STU-2026-11514,Private,Urban,Male,Some College,Yes,No,Yes,27.3,65.8,1.56,7.3,14.7,52.8,Fail,F
STU-2026-11515,Public,Urban,Female,Masters,Yes,Yes,No,22.8,75.6,3.98,5.3,0.1,73.9,Pass,C
STU-2026-11516,Private,Rural,Female,Some College,Yes,Yes,Yes,2.5,79.3,1.69,8.9,13.7,52.1,Fail,F
STU-2026-11517,Charter,Urban,Female,Bachelors,No,Yes,No,14.9,93.2,2.25,9.2,5.0,48.7,Fail,F
STU-2026-11518,Public,Suburban,Male,High School,Yes,Yes,No,30.8,81.9,3.93,8.8,2.5,78.4,Pass,C
STU-2026-11519,Private,Suburban,Male,Some College,Yes,No,Yes,14.6,85.0,3.43,7.6,5.8,70.5,Pass,C
STU-2026-11520,Public,Suburban,Female,Some College,Yes,Yes,No,30.7,66.7,2.21,6.0,13.1,56.9,Fail,F
STU-2026-11521,Private,Suburban,Female,Bachelors,Yes,Yes,Yes,32.2,80.6,3.28,5.3,13.2,79.3,Pass,C
STU-2026-11522,Charter,Urban,Male,Bachelors,Yes,Yes,No,30.5,78.7,3.12,8.1,3.8,73.5,Pass,C
STU-2026-11523,Private,Suburban,Male,Some College,Yes,No,Yes,21.4,89.0,2.02,9.2,0.4,69.7,Pass,D
STU-2026-11524,Public,Urban,Male,Bachelors,Yes,No,Yes,31.3,73.2,1.81,6.3,3.0,72.2,Pass,C
STU-2026-11525,Public,Suburban,Female,Masters,Yes,No,Yes,6.7,88.4,1.68,8.3,10.9,48.9,Fail,F
STU-2026-11526,Public,Suburban,Male,Bachelors,Yes,No,No,25.5,88.8,1.63,5.8,2.0,56.6,Fail,F
STU-2026-11527,Public,Suburban,Male,High School,Yes,Yes,Yes,34.9,60.1,1.81,4.9,7.2,61.9,Pass,D
STU-2026-11528,Public,Suburban,Female,Bachelors,Yes,Yes,No,11.7,95.5,2.71,7.1,9.9,60.7,Pass,D
STU-2026-11529,Public,Suburban,Male,Masters,No,No,Yes,28.0,85.3,2.32,8.5,1.3,72.8,Pass,C
STU-2026-11530,Public,Urban,Male,Some College,Yes,Yes,No,22.2,61.2,2.74,7.7,6.6,57.3,Fail,F
STU-2026-11531,Charter,Suburban,Female,Some College,Yes,No,No,5.6,85.0,3.32,7.2,4.0,62.2,Pass,D
STU-2026-11532,Private,Urban,Male,Some College,Yes,Yes,Yes,14.8,93.1,2.32,8.4,9.0,62.7,Pass,D
STU-2026-11533,Private,Urban,Male,High School,No,No,Yes,32.5,75.4,2.36,8.2,11.4,61.8,Pass,D
STU-2026-11534,Public,Suburban,Male,High School,Yes,No,No,12.5,67.6,1.71,8.0,7.4,37.1,Fail,F
STU-2026-11535,Public,Urban,Male,Masters,Yes,No,No,4.0,71.9,3.88,6.6,9.1,60.9,Pass,D
STU-2026-11536,Public,Urban,Female,Bachelors,Yes,Yes,Yes,20.0,94.6,3.54,6.8,6.9,78.7,Pass,C
STU-2026-11537,Public,Suburban,Female,Masters,Yes,No,Yes,11.2,81.8,3.31,6.6,8.9,67.1,Pass,D
STU-2026-11538,Public,Urban,Female,Some College,No,No,No,12.2,63.0,3.11,5.8,14.2,50.5,Fail,F
STU-2026-11539,Private,Urban,Male,Doctorate,No,Yes,Yes,23.5,98.5,2.01,5.8,11.9,67.1,Pass,D
STU-2026-11540,Public,Urban,Male,Masters,Yes,No,No,7.4,85.0,1.71,7.3,10.3,49.9,Fail,F
STU-2026-11541,Public,Suburban,Female,High School,Yes,Yes,No,30.7,99.5,3.49,5.1,8.5,69.5,Pass,D
STU-2026-11542,Charter,Suburban,Male,Bachelors,No,No,No,17.2,97.7,3.05,9.1,13.7,55.4,Fail,F
STU-2026-11543,Charter,Suburban,Male,Some College,Yes,Yes,No,21.5,89.3,2.59,7.8,4.3,61.8,Pass,D
STU-2026-11544,Public,Suburban,Female,Some College,Yes,Yes,No,17.8,65.5,3.05,5.9,5.6,51.1,Fail,F
STU-2026-11545,Public,Rural,Male,Masters,Yes,Yes,No,16.8,85.1,1.86,9.1,8.7,55.9,Fail,F
STU-2026-11546,Private,Urban,Female,Bachelors,Yes,Yes,No,12.6,82.2,1.5,4.9,7.6,46.7,Fail,F
STU-2026-11547,Private,Urban,Male,Bachelors,Yes,Yes,No,16.8,98.9,3.18,8.8,2.8,66.9,Pass,D
STU-2026-11548,Private,Suburban,Male,Some College,No,No,No,28.7,96.0,3.06,8.8,11.7,75.8,Pass,C
STU-2026-11549,Public,Suburban,Male,Some College,Yes,No,No,24.3,91.4,3.02,8.7,12.4,73.7,Pass,C
STU-2026-11550,Public,Urban,Female,Bachelors,Yes,No,No,20.8,95.2,2.53,5.2,0.5,66.7,Pass,D
STU-2026-11551,Charter,Urban,Female,Masters,Yes,Yes,No,22.1,73.5,2.55,5.9,2.0,58.0,Fail,F
STU-2026-11552,Public,Rural,Female,Some College,Yes,Yes,Yes,15.6,91.3,3.41,9.4,8.0,67.9,Pass,D
STU-2026-11553,Public,Suburban,Female,Bachelors,Yes,Yes,No,2.1,83.7,1.52,6.9,3.7,40.0,Fail,F
STU-2026-11554,Public,Suburban,Female,Bachelors,Yes,No,No,32.7,63.8,1.61,5.8,0.2,51.5,Fail,F
STU-2026-11555,Public,Suburban,Male,Some College,Yes,Yes,No,34.8,66.5,3.42,9.0,9.5,74.4,Pass,C
STU-2026-11556,Private,Suburban,Female,Bachelors,Yes,Yes,No,8.8,98.5,1.54,8.6,8.7,47.0,Fail,F
STU-2026-11557,Public,Rural,Female,Bachelors,Yes,Yes,Yes,26.8,78.5,3.95,9.5,13.9,84.9,Pass,B
STU-2026-11558,Public,Urban,Male,Masters,Yes,No,Yes,15.5,88.1,1.69,4.8,10.0,60.8,Pass,D
STU-2026-11559,Charter,Suburban,Male,Bachelors,Yes,Yes,No,34.7,65.4,2.79,5.9,6.9,74.3,Pass,C
STU-2026-11560,Private,Urban,Male,Bachelors,Yes,Yes,No,32.5,79.1,3.97,5.1,6.3,77.9,Pass,C
STU-2026-11561,Charter,Suburban,Male,Masters,Yes,No,No,13.9,74.2,1.9,4.7,0.5,55.2,Fail,F
STU-2026-11562,Private,Suburban,Male,Bachelors,Yes,No,No,21.5,74.5,1.76,9.2,8.3,52.3,Fail,F
STU-2026-11563,Charter,Suburban,Male,Doctorate,Yes,No,No,30.9,82.1,2.27,9.1,5.1,63.9,Pass,D
STU-2026-11564,Public,Rural,Male,Masters,Yes,No,No,10.9,84.3,3.31,4.9,10.6,55.8,Fail,F
STU-2026-11565,Public,Urban,Male,Bachelors,Yes,Yes,No,13.6,83.6,3.25,8.1,2.4,64.3,Pass,D
STU-2026-11566,Public,Urban,Female,High School,Yes,No,No,16.1,97.4,2.0,8.7,12.4,53.5,Fail,F
STU-2026-11567,Public,Urban,Male,Bachelors,Yes,Yes,No,12.9,60.6,2.73,7.8,12.7,56.2,Fail,F
STU-2026-11568,Public,Suburban,Male,Masters,Yes,Yes,No,19.7,97.8,3.31,6.4,14.9,69.2,Pass,D
STU-2026-11569,Public,Suburban,Male,Bachelors,Yes,Yes,No,31.4,75.3,3.51,9.2,10.9,78.0,Pass,C
STU-2026-11570,Private,Suburban,Male,High School,Yes,No,Yes,24.4,86.7,3.15,6.4,6.2,74.0,Pass,C
STU-2026-11571,Public,Urban,Female,Some College,Yes,No,No,5.6,85.3,2.03,5.9,5.0,55.4,Fail,F
STU-2026-11572,Public,Suburban,Male,Masters,No,No,Yes,14.1,98.0,2.18,5.4,3.8,58.5,Fail,F
STU-2026-11573,Public,Urban,Female,High School,Yes,No,No,30.1,62.9,1.58,8.0,12.9,41.8,Fail,F
STU-2026-11574,Private,Urban,Male,Bachelors,Yes,Yes,Yes,8.4,96.9,3.54,5.6,11.5,68.0,Pass,D
STU-2026-11575,Public,Suburban,Female,High School,Yes,Yes,No,31.3,70.1,3.43,9.0,13.5,67.4,Pass,D
STU-2026-11576,Public,Suburban,Female,Bachelors,No,No,No,19.5,74.9,2.5,7.3,14.8,54.3,Fail,F
STU-2026-11577,Private,Suburban,Female,High School,Yes,No,Yes,11.2,75.7,3.47,6.1,11.3,67.1,Pass,D
STU-2026-11578,Public,Urban,Male,Some College,Yes,Yes,No,16.4,90.3,1.77,6.4,8.2,46.9,Fail,F
STU-2026-11579,Private,Suburban,Female,Masters,Yes,Yes,Yes,3.9,96.0,2.33,9.2,8.9,59.7,Fail,F
STU-2026-11580,Charter,Urban,Male,Some College,No,Yes,No,16.8,78.2,2.63,4.9,0.6,55.0,Fail,F
STU-2026-11581,Public,Urban,Male,Bachelors,Yes,Yes,No,3.8,78.0,2.7,8.5,6.3,55.6,Fail,F
STU-2026-11582,Public,Suburban,Male,Masters,Yes,No,No,15.8,72.4,3.45,4.7,10.3,71.4,Pass,C
STU-2026-11583,Public,Suburban,Female,Bachelors,Yes,Yes,No,9.5,91.0,3.33,7.8,9.3,62.7,Pass,D
STU-2026-11584,Public,Rural,Female,Bachelors,Yes,Yes,No,27.5,90.1,2.87,7.0,13.4,72.1,Pass,C
STU-2026-11585,Private,Urban,Female,Some College,Yes,Yes,No,29.2,78.1,3.95,8.8,1.0,79.1,Pass,C
STU-2026-11586,Public,Suburban,Female,Some College,Yes,No,No,32.4,71.5,3.4,7.3,4.6,65.1,Pass,D
STU-2026-11587,Public,Suburban,Male,Some College,No,Yes,No,31.6,86.1,4.0,8.3,4.9,79.4,Pass,C
STU-2026-11588,Public,Suburban,Female,Bachelors,No,Yes,Yes,29.4,86.0,2.11,7.3,9.2,63.5,Pass,D
STU-2026-11589,Charter,Suburban,Female,Masters,Yes,Yes,No,19.8,82.1,1.6,6.0,4.6,46.6,Fail,F
STU-2026-11590,Private,Suburban,Female,Some College,Yes,No,No,24.9,61.1,3.56,5.9,12.0,69.2,Pass,D
STU-2026-11591,Public,Urban,Female,Some College,Yes,Yes,Yes,26.7,95.1,1.57,7.9,11.0,65.2,Pass,D
STU-2026-11592,Public,Rural,Male,Bachelors,No,Yes,No,16.7,60.3,1.98,7.5,6.8,43.6,Fail,F
STU-2026-11593,Private,Urban,Female,Some College,Yes,No,No,29.4,79.3,2.69,7.0,7.1,60.6,Pass,D
STU-2026-11594,Charter,Suburban,Male,Some College,Yes,Yes,No,24.4,86.0,3.77,5.7,14.6,69.8,Pass,D
STU-2026-11595,Public,Suburban,Female,Some College,Yes,Yes,No,6.4,82.5,2.48,8.1,5.9,52.2,Fail,F
STU-2026-11596,Private,Suburban,Male,Masters,Yes,No,Yes,4.3,94.0,1.78,7.5,0.4,56.9,Fail,F
STU-2026-11597,Public,Suburban,Female,Bachelors,Yes,Yes,Yes,21.3,74.0,2.24,5.5,10.9,58.8,Fail,F
STU-2026-11598,Private,Suburban,Female,Bachelors,Yes,Yes,Yes,2.3,97.6,2.66,8.0,13.0,55.7,Fail,F
STU-2026-11599,Private,Urban,Female,Some College,Yes,Yes,Yes,32.0,84.8,2.49,6.8,2.3,69.4,Pass,D
STU-2026-11600,Public,Urban,Female,Bachelors,No,Yes,No,30.6,84.5,1.69,5.5,14.9,56.0,Fail,F
STU-2026-11601,Private,Urban,Male,Bachelors,Yes,Yes,Yes,7.5,96.0,2.27,8.4,14.4,61.0,Pass,D
STU-2026-11602,Public,Suburban,Male,Bachelors,Yes,No,Yes,28.0,92.2,3.12,9.3,9.2,76.2,Pass,C
STU-2026-11603,Charter,Urban,Male,Some College,Yes,Yes,Yes,10.9,87.3,1.53,6.7,6.2,54.1,Fail,F
STU-2026-11604,Public,Suburban,Female,Some College,Yes,No,Yes,19.4,99.7,2.39,5.4,6.5,63.2,Pass,D
STU-2026-11605,Public,Urban,Male,Masters,Yes,No,Yes,18.5,81.8,2.61,7.9,11.2,62.8,Pass,D
STU-2026-11606,Public,Rural,Male,Some College,Yes,Yes,No,4.6,86.5,3.68,5.9,5.6,66.0,Pass,D
STU-2026-11607,Public,Suburban,Female,Some College,Yes,No,No,35.0,68.1,2.88,5.9,13.5,63.3,Pass,D
STU-2026-11608,Public,Urban,Male,Bachelors,Yes,Yes,No,28.4,68.0,2.46,4.9,9.1,62.5,Pass,D
STU-2026-11609,Public,Suburban,Male,Masters,Yes,Yes,No,27.2,83.7,2.22,5.6,11.5,73.4,Pass,C
STU-2026-11610,Private,Urban,Female,Some College,Yes,Yes,Yes,30.5,88.2,1.58,9.1,11.4,64.8,Pass,D
STU-2026-11611,Public,Urban,Male,High School,Yes,No,No,14.6,74.3,1.88,8.6,7.5,49.4,Fail,F
STU-2026-11612,Public,Urban,Female,Some College,Yes,No,Yes,8.4,81.9,1.62,7.6,7.1,40.7,Fail,F
STU-2026-11613,Public,Suburban,Male,Some College,Yes,Yes,No,8.9,65.1,2.17,6.2,0.4,39.6,Fail,F
STU-2026-11614,Public,Rural,Female,Bachelors,Yes,Yes,Yes,24.0,67.1,3.95,8.3,7.1,79.9,Pass,C
STU-2026-11615,Public,Urban,Male,Bachelors,Yes,No,No,7.2,61.9,2.51,8.7,10.9,48.9,Fail,F
STU-2026-11616,Public,Urban,Female,Some College,Yes,Yes,No,16.7,90.3,1.86,9.4,5.9,47.4,Fail,F
STU-2026-11617,Private,Suburban,Male,Bachelors,No,No,No,15.9,81.6,3.16,4.5,12.5,60.7,Pass,D
STU-2026-11618,Public,Urban,Female,Some College,Yes,No,Yes,17.5,77.5,1.93,7.8,13.1,58.7,Fail,F
STU-2026-11619,Charter,Suburban,Male,Masters,No,No,Yes,8.2,86.5,1.53,8.8,8.7,57.7,Fail,F
STU-2026-11620,Public,Suburban,Male,Bachelors,Yes,Yes,No,8.7,89.8,3.16,7.9,1.5,56.9,Fail,F
STU-2026-11621,Public,Suburban,Female,Doctorate,Yes,No,Yes,32.8,83.2,2.47,5.0,14.0,81.9,Pass,B
STU-2026-11622,Public,Urban,Male,Bachelors,Yes,Yes,Yes,14.2,63.6,2.58,9.3,13.5,56.1,Fail,F
STU-2026-11623,Public,Rural,Male,Bachelors,Yes,Yes,No,13.1,73.8,2.67,4.8,7.3,53.6,Fail,F
STU-2026-11624,Public,Suburban,Female,Masters,Yes,No,No,33.6,91.9,2.79,5.7,9.3,81.5,Pass,B
STU-2026-11625,Public,Rural,Male,Bachelors,Yes,Yes,No,24.8,83.7,3.83,5.0,1.3,80.6,Pass,B
STU-2026-11626,Private,Rural,Female,Masters,Yes,Yes,Yes,17.4,63.2,2.32,5.9,4.2,54.0,Fail,F
STU-2026-11627,Public,Suburban,Male,Bachelors,No,Yes,Yes,4.8,74.5,3.97,4.8,12.6,63.2,Pass,D
STU-2026-11628,Public,Urban,Male,Some College,Yes,Yes,No,16.1,63.7,2.1,5.1,6.7,49.0,Fail,F
STU-2026-11629,Public,Suburban,Female,Doctorate,Yes,No,No,9.6,87.5,2.36,9.0,7.2,62.0,Pass,D
STU-2026-11630,Public,Suburban,Female,Bachelors,No,Yes,Yes,33.7,99.1,3.11,7.1,3.8,83.3,Pass,B
STU-2026-11631,Public,Suburban,Male,Masters,Yes,Yes,No,10.9,97.4,1.9,8.7,14.8,60.4,Pass,D
STU-2026-11632,Public,Suburban,Male,Some College,Yes,Yes,Yes,25.1,89.4,2.58,6.2,3.8,70.3,Pass,C
STU-2026-11633,Charter,Urban,Male,Bachelors,Yes,No,Yes,2.5,78.3,3.27,9.1,13.4,67.1,Pass,D
STU-2026-11634,Public,Suburban,Female,High School,Yes,No,No,20.0,87.8,2.46,7.4,4.7,60.4,Pass,D
STU-2026-11635,Private,Suburban,Female,High School,Yes,No,Yes,2.6,87.2,2.52,4.5,6.6,53.1,Fail,F
STU-2026-11636,Private,Suburban,Male,Bachelors,Yes,Yes,No,28.6,71.3,3.05,5.1,2.2,62.5,Pass,D
STU-2026-11637,Public,Rural,Female,Some College,Yes,Yes,Yes,3.7,90.8,3.77,5.3,12.7,70.4,Pass,C
STU-2026-11638,Charter,Suburban,Female,High School,Yes,Yes,Yes,12.7,67.5,2.06,7.9,1.0,40.3,Fail,F
STU-2026-11639,Private,Suburban,Female,Doctorate,Yes,Yes,No,22.2,97.8,2.34,9.0,1.4,74.0,Pass,C
STU-2026-11640,Public,Rural,Male,Some College,Yes,No,No,11.6,92.4,2.66,8.4,10.4,47.6,Fail,F
STU-2026-11641,Public,Urban,Female,Bachelors,Yes,No,Yes,25.6,79.6,3.48,9.1,8.2,74.8,Pass,C
STU-2026-11642,Public,Urban,Male,Some College,Yes,Yes,Yes,33.3,79.2,2.93,4.9,0.9,73.4,Pass,C
STU-2026-11643,Public,Suburban,Female,Masters,No,Yes,No,25.2,92.5,2.43,4.5,7.9,69.7,Pass,D
STU-2026-11644,Public,Suburban,Male,Bachelors,Yes,Yes,No,24.7,71.7,2.86,8.9,10.4,66.9,Pass,D
STU-2026-11645,Public,Rural,Female,High School,Yes,Yes,No,19.1,64.7,3.99,6.9,1.9,64.5,Pass,D
STU-2026-11646,Public,Urban,Female,High School,Yes,No,No,30.7,96.8,2.8,6.3,11.3,68.8,Pass,D
STU-2026-11647,Private,Urban,Female,High School,Yes,No,No,28.6,96.1,2.54,5.2,5.9,69.0,Pass,D
STU-2026-11648,Public,Urban,Male,Masters,Yes,Yes,No,28.9,98.4,3.26,8.1,11.1,78.0,Pass,C
STU-2026-11649,Private,Urban,Male,High School,No,Yes,No,26.3,78.7,2.3,4.9,1.3,50.6,Fail,F
STU-2026-11650,Public,Urban,Female,Some College,Yes,No,No,24.2,77.3,3.46,7.2,0.4,71.4,Pass,C
STU-2026-11651,Private,Urban,Male,Masters,Yes,Yes,No,24.3,82.5,2.43,4.7,12.6,63.6,Pass,D
STU-2026-11652,Public,Suburban,Male,High School,Yes,Yes,Yes,3.9,98.9,1.79,8.5,10.4,52.5,Fail,F
STU-2026-11653,Public,Urban,Male,Some College,Yes,Yes,No,2.5,62.8,3.64,7.1,1.2,55.3,Fail,F
STU-2026-11654,Public,Urban,Male,Bachelors,Yes,Yes,Yes,13.6,68.0,3.43,5.0,8.6,68.0,Pass,D
STU-2026-11655,Public,Suburban,Female,Masters,Yes,No,No,4.0,75.4,2.0,7.1,2.5,48.7,Fail,F
STU-2026-11656,Public,Suburban,Male,Masters,Yes,Yes,No,4.0,79.8,2.1,8.1,9.4,53.1,Fail,F
STU-2026-11657,Private,Suburban,Female,Bachelors,Yes,Yes,Yes,20.1,71.3,3.88,5.1,7.9,77.5,Pass,C
STU-2026-11658,Public,Suburban,Female,Bachelors,Yes,No,No,31.6,73.7,3.38,7.5,0.5,81.3,Pass,B
STU-2026-11659,Public,Suburban,Female,Bachelors,No,No,No,24.1,68.9,1.54,6.7,5.3,42.5,Fail,F
STU-2026-11660,Public,Suburban,Male,Doctorate,Yes,No,No,4.6,73.8,3.11,7.9,7.4,65.8,Pass,D
STU-2026-11661,Public,Urban,Female,Bachelors,Yes,Yes,No,11.5,79.5,2.11,6.6,1.4,43.5,Fail,F
STU-2026-11662,Public,Urban,Female,Masters,Yes,Yes,No,28.9,88.2,3.44,7.3,1.5,78.6,Pass,C
STU-2026-11663,Public,Urban,Female,Some College,Yes,Yes,No,7.5,82.2,3.06,5.0,4.6,60.2,Pass,D
STU-2026-11664,Private,Rural,Male,Bachelors,Yes,Yes,Yes,4.6,82.1,1.52,7.3,8.9,44.6,Fail,F
STU-2026-11665,Charter,Urban,Female,Some College,Yes,Yes,No,30.9,73.6,3.01,4.8,1.7,69.1,Pass,D
STU-2026-11666,Private,Urban,Female,Some College,Yes,Yes,No,4.4,78.3,1.58,8.4,13.5,41.7,Fail,F
STU-2026-11667,Public,Urban,Female,Bachelors,No,No,No,28.8,72.3,2.51,6.7,14.9,55.9,Fail,F
STU-2026-11668,Public,Rural,Male,Bachelors,Yes,Yes,No,27.4,68.6,3.99,8.8,14.3,74.7,Pass,C
STU-2026-11669,Public,Suburban,Female,High School,Yes,Yes,No,9.2,97.0,2.28,9.2,3.4,49.7,Fail,F
STU-2026-11670,Public,Suburban,Male,Bachelors,Yes,Yes,No,19.2,89.1,2.17,6.2,0.2,60.1,Pass,D
STU-2026-11671,Public,Suburban,Male,Bachelors,Yes,Yes,No,16.6,80.9,3.17,4.5,2.0,60.6,Pass,D
STU-2026-11672,Private,Urban,Male,High School,Yes,Yes,No,23.4,73.7,3.23,5.8,11.1,66.2,Pass,D
STU-2026-11673,Public,Urban,Female,Masters,Yes,Yes,Yes,28.0,75.0,3.35,6.6,3.1,80.5,Pass,B
STU-2026-11674,Charter,Urban,Female,Some College,Yes,Yes,No,27.5,71.8,2.2,5.7,7.3,52.6,Fail,F
STU-2026-11675,Private,Urban,Male,Some College,Yes,No,Yes,15.0,62.8,3.87,6.7,6.3,62.3,Pass,D
STU-2026-11676,Public,Suburban,Male,Some College,Yes,Yes,No,33.4,67.5,3.81,7.7,11.8,71.7,Pass,C
STU-2026-11677,Public,Suburban,Female,Bachelors,Yes,Yes,Yes,11.2,73.5,2.56,5.5,12.4,53.9,Fail,F
STU-2026-11678,Private,Suburban,Female,Bachelors,Yes,Yes,Yes,6.4,95.7,2.69,6.1,7.8,63.3,Pass,D
STU-2026-11679,Public,Urban,Female,High School,Yes,Yes,Yes,29.9,60.3,1.78,6.3,7.8,57.1,Fail,F
STU-2026-11680,Public,Suburban,Male,Some College,Yes,Yes,No,22.3,61.6,2.45,8.4,14.2,61.5,Pass,D
STU-2026-11681,Public,Rural,Male,High School,Yes,No,Yes,7.9,88.7,2.46,7.0,13.1,53.7,Fail,F
STU-2026-11682,Public,Rural,Female,Masters,Yes,No,No,26.7,92.0,3.67,6.3,5.5,81.5,Pass,B
STU-2026-11683,Private,Rural,Female,Some College,Yes,No,No,8.3,66.7,2.55,7.8,1.7,47.7,Fail,F
STU-2026-11684,Public,Urban,Male,Doctorate,Yes,No,Yes,11.9,69.7,3.33,5.1,1.5,66.3,Pass,D
STU-2026-11685,Private,Urban,Female,Some College,Yes,Yes,Yes,10.7,66.6,2.51,5.7,13.0,55.1,Fail,F
STU-2026-11686,Public,Urban,Female,High School,Yes,No,No,9.3,88.5,2.49,6.0,2.1,54.4,Fail,F
STU-2026-11687,Private,Urban,Female,High School,Yes,Yes,No,17.1,67.5,2.59,7.9,1.5,52.9,Fail,F
STU-2026-11688,Public,Urban,Male,High School,Yes,Yes,Yes,24.6,92.0,3.03,7.1,12.2,71.4,Pass,C
STU-2026-11689,Public,Rural,Female,Some College,No,No,Yes,29.9,81.1,3.16,4.9,1.6,67.8,Pass,D
STU-2026-11690,Public,Urban,Female,High School,Yes,Yes,No,21.5,74.5,1.64,4.9,13.5,46.5,Fail,F
STU-2026-11691,Private,Urban,Female,Some College,No,No,Yes,6.0,62.3,3.71,6.8,5.6,53.1,Fail,F
STU-2026-11692,Charter,Urban,Female,Bachelors,Yes,Yes,No,32.3,95.2,2.26,8.8,6.3,72.0,Pass,C
STU-2026-11693,Private,Rural,Male,High School,Yes,Yes,No,14.2,82.9,3.93,8.6,12.8,68.5,Pass,D
STU-2026-11694,Public,Urban,Male,Some College,No,Yes,No,34.0,85.1,1.89,9.4,13.5,58.2,Fail,F
STU-2026-11695,Private,Urban,Male,Doctorate,Yes,Yes,No,29.6,89.4,2.59,8.8,14.6,73.6,Pass,C
STU-2026-11696,Public,Urban,Male,Some College,Yes,Yes,No,16.5,94.8,1.65,6.7,4.4,59.1,Fail,F
STU-2026-11697,Public,Urban,Male,Bachelors,Yes,No,Yes,27.8,75.7,2.94,6.1,5.5,73.2,Pass,C
STU-2026-11698,Public,Urban,Female,Bachelors,Yes,Yes,Yes,4.5,80.1,3.42,5.4,12.3,64.6,Pass,D
STU-2026-11699,Private,Rural,Female,Bachelors,Yes,No,No,3.8,81.8,2.9,7.3,14.9,63.0,Pass,D
STU-2026-11700,Charter,Urban,Male,Bachelors,Yes,Yes,No,15.0,64.0,3.98,7.8,7.5,71.4,Pass,C
STU-2026-11701,Public,Suburban,Female,Some College,Yes,Yes,Yes,9.0,73.9,3.13,5.7,14.2,61.6,Pass,D
STU-2026-11702,Public,Rural,Female,High School,Yes,No,No,25.7,76.3,2.61,6.4,0.6,60.4,Pass,D
STU-2026-11703,Public,Rural,Female,Some College,Yes,No,No,4.0,86.6,2.37,7.5,13.9,51.6,Fail,F
STU-2026-11704,Private,Suburban,Male,High School,Yes,Yes,No,3.0,71.7,2.86,6.1,12.6,42.4,Fail,F
STU-2026-11705,Private,Suburban,Male,High School,Yes,Yes,Yes,16.6,95.1,2.31,8.8,8.7,62.9,Pass,D
STU-2026-11706,Private,Urban,Female,Masters,Yes,Yes,No,26.1,74.8,2.69,7.5,6.2,69.0,Pass,D
STU-2026-11707,Public,Urban,Female,Some College,Yes,No,Yes,8.3,99.1,2.92,8.9,13.7,64.2,Pass,D
STU-2026-11708,Private,Urban,Female,Bachelors,Yes,No,Yes,31.5,77.0,2.09,9.2,4.8,64.7,Pass,D
STU-2026-11709,Public,Suburban,Male,Masters,Yes,No,No,33.7,96.8,3.5,4.7,5.2,83.1,Pass,B
STU-2026-11710,Public,Suburban,Male,Masters,Yes,Yes,No,13.9,87.4,1.67,8.9,4.2,54.8,Fail,F
STU-2026-11711,Charter,Rural,Male,Bachelors,Yes,No,No,23.5,79.7,2.79,5.5,2.9,68.7,Pass,D
STU-2026-11712,Private,Suburban,Female,Some College,Yes,No,No,24.9,89.1,3.62,6.5,7.7,75.0,Pass,C
STU-2026-11713,Private,Urban,Male,High School,Yes,No,No,9.7,80.9,3.53,7.8,6.5,61.7,Pass,D
STU-2026-11714,Public,Urban,Male,Masters,Yes,Yes,No,11.2,74.1,2.55,8.6,1.6,52.5,Fail,F
STU-2026-11715,Public,Suburban,Female,Some College,Yes,No,No,24.3,89.9,3.74,7.9,14.9,69.5,Pass,D
STU-2026-11716,Private,Urban,Female,Masters,Yes,Yes,No,5.4,86.8,1.78,7.9,14.7,45.7,Fail,F
STU-2026-11717,Public,Urban,Female,High School,Yes,No,No,14.3,77.5,2.87,6.6,8.9,55.4,Fail,F
STU-2026-11718,Public,Urban,Male,High School,Yes,Yes,No,7.3,62.3,1.7,6.9,13.6,35.0,Fail,F
STU-2026-11719,Public,Suburban,Female,Bachelors,Yes,No,No,19.4,82.0,2.44,6.3,8.4,58.9,Fail,F
STU-2026-11720,Charter,Rural,Female,High School,Yes,No,No,33.0,68.5,3.32,5.2,1.0,64.5,Pass,D
STU-2026-11721,Public,Urban,Female,Masters,Yes,Yes,Yes,10.2,85.6,2.76,4.9,8.5,64.8,Pass,D
STU-2026-11722,Charter,Rural,Female,High School,Yes,Yes,Yes,19.7,70.6,2.45,7.1,10.6,58.0,Fail,F
STU-2026-11723,Private,Rural,Female,Some College,Yes,Yes,No,31.2,89.9,3.01,7.4,8.9,72.8,Pass,C
STU-2026-11724,Private,Rural,Female,Masters,Yes,Yes,No,13.6,88.5,1.69,5.5,7.5,53.4,Fail,F
STU-2026-11725,Public,Suburban,Male,Bachelors,Yes,Yes,Yes,29.5,71.4,3.83,9.2,0.9,85.0,Pass,B
STU-2026-11726,Charter,Suburban,Male,High School,Yes,No,No,8.7,67.0,2.77,8.5,14.7,43.2,Fail,F
STU-2026-11727,Public,Urban,Female,High School,Yes,No,No,2.6,64.2,3.83,9.5,6.3,53.8,Fail,F
STU-2026-11728,Private,Suburban,Female,Some College,Yes,Yes,No,11.0,85.8,2.27,8.0,3.9,59.0,Fail,F
STU-2026-11729,Public,Suburban,Male,Masters,Yes,Yes,Yes,5.7,66.0,3.19,6.2,14.3,59.2,Fail,F
STU-2026-11730,Public,Suburban,Female,High School,Yes,Yes,No,5.5,62.7,3.11,6.5,13.1,45.2,Fail,F
STU-2026-11731,Private,Urban,Female,Bachelors,Yes,Yes,Yes,24.0,90.1,2.13,8.3,11.2,68.6,Pass,D
STU-2026-11732,Private,Urban,Male,Masters,Yes,Yes,No,9.7,93.4,3.83,6.2,9.9,75.2,Pass,C
STU-2026-11733,Private,Urban,Female,Masters,No,Yes,No,13.0,62.0,2.04,5.4,12.5,46.9,Fail,F
STU-2026-11734,Private,Urban,Male,Masters,Yes,Yes,No,10.7,91.8,2.25,4.9,8.2,55.6,Fail,F
STU-2026-11735,Public,Urban,Male,Bachelors,Yes,No,Yes,7.2,80.4,3.28,8.0,11.2,63.7,Pass,D
STU-2026-11736,Public,Urban,Female,Some College,Yes,Yes,No,12.1,97.3,2.92,8.6,9.9,64.5,Pass,D
STU-2026-11737,Public,Urban,Male,Some College,Yes,No,Yes,11.9,84.9,2.2,8.1,12.0,64.0,Pass,D
STU-2026-11738,Private,Suburban,Male,Some College,Yes,Yes,Yes,14.2,75.2,3.18,6.0,1.5,54.1,Fail,F
STU-2026-11739,Private,Suburban,Male,Bachelors,Yes,No,No,19.1,90.9,2.57,8.1,8.1,64.7,Pass,D
STU-2026-11740,Private,Suburban,Male,High School,Yes,No,Yes,29.5,64.6,2.96,8.7,4.6,68.8,Pass,D
STU-2026-11741,Public,Rural,Male,High School,Yes,No,No,27.2,80.6,3.55,5.0,1.2,70.3,Pass,C
STU-2026-11742,Public,Suburban,Male,Masters,Yes,Yes,No,8.3,75.7,2.69,5.6,9.1,54.2,Fail,F
STU-2026-11743,Public,Urban,Male,Some College,Yes,Yes,Yes,9.7,99.2,3.02,6.5,13.2,72.8,Pass,C
STU-2026-11744,Charter,Rural,Male,Bachelors,No,Yes,No,4.5,65.2,3.44,8.2,6.7,49.1,Fail,F
STU-2026-11745,Private,Suburban,Male,High School,Yes,Yes,Yes,6.4,72.1,3.06,5.1,11.9,57.2,Fail,F
STU-2026-11746,Public,Suburban,Female,High School,Yes,No,Yes,14.7,90.1,2.5,5.8,10.3,59.2,Fail,F
STU-2026-11747,Private,Suburban,Male,Some College,Yes,No,No,2.7,63.2,3.65,6.3,4.9,55.7,Fail,F
STU-2026-11748,Public,Urban,Female,Bachelors,Yes,Yes,Yes,2.5,91.7,3.76,9.1,14.9,71.2,Pass,C
STU-2026-11749,Private,Suburban,Male,Bachelors,Yes,Yes,No,9.3,76.4,2.44,9.4,14.2,50.3,Fail,F
STU-2026-11750,Public,Urban,Male,Some College,Yes,Yes,No,30.4,96.7,2.54,7.2,6.0,65.2,Pass,D
STU-2026-11751,Public,Suburban,Male,High School,No,No,No,27.8,93.1,3.03,6.3,2.5,62.7,Pass,D
STU-2026-11752,Public,Urban,Female,High School,No,Yes,No,11.7,92.4,2.0,6.7,13.6,48.9,Fail,F
STU-2026-11753,Public,Urban,Female,Masters,Yes,Yes,No,10.2,91.8,2.95,7.3,2.3,60.2,Pass,D
STU-2026-11754,Public,Suburban,Male,Bachelors,Yes,No,No,22.1,82.5,2.97,7.1,3.9,72.3,Pass,C
STU-2026-11755,Private,Urban,Female,Some College,Yes,No,No,5.9,68.0,1.64,9.2,5.3,43.7,Fail,F
STU-2026-11756,Public,Urban,Female,Bachelors,Yes,No,No,9.5,63.6,3.62,8.4,2.8,59.3,Fail,F
STU-2026-11757,Public,Urban,Female,Some College,Yes,No,No,23.1,63.9,2.03,4.8,11.7,53.0,Fail,F
STU-2026-11758,Public,Urban,Female,Bachelors,Yes,Yes,No,6.9,61.0,4.0,7.8,2.4,68.3,Pass,D
STU-2026-11759,Public,Urban,Male,Bachelors,Yes,Yes,Yes,16.8,63.9,2.74,5.3,12.3,69.9,Pass,D
STU-2026-11760,Public,Suburban,Female,Some College,Yes,No,No,16.5,98.4,2.45,7.6,1.3,57.0,Fail,F
STU-2026-11761,Public,Rural,Female,Bachelors,Yes,No,Yes,12.7,85.2,2.63,5.8,0.6,59.0,Fail,F
STU-2026-11762,Public,Suburban,Male,High School,Yes,No,Yes,17.0,61.1,3.45,5.9,5.3,68.4,Pass,D
STU-2026-11763,Public,Suburban,Male,Masters,Yes,Yes,No,9.0,98.5,1.51,8.2,10.3,57.5,Fail,F
STU-2026-11764,Public,Suburban,Female,Masters,No,Yes,Yes,3.1,66.8,3.99,7.7,11.3,69.1,Pass,D
STU-2026-11765,Public,Suburban,Male,High School,Yes,No,No,14.2,77.7,3.61,6.7,7.4,63.4,Pass,D
STU-2026-11766,Public,Suburban,Female,Masters,Yes,Yes,No,7.1,63.1,3.31,6.5,8.3,56.6,Fail,F
STU-2026-11767,Public,Rural,Male,Some College,Yes,Yes,No,10.2,97.5,3.21,7.3,7.1,66.4,Pass,D
STU-2026-11768,Public,Urban,Male,High School,Yes,Yes,No,16.0,88.0,2.85,7.7,9.3,62.9,Pass,D
STU-2026-11769,Public,Suburban,Female,Bachelors,Yes,No,Yes,18.2,67.9,1.84,7.0,0.9,57.2,Fail,F
STU-2026-11770,Public,Urban,Female,Some College,Yes,Yes,Yes,2.2,85.5,2.45,6.3,10.6,46.7,Fail,F
STU-2026-11771,Private,Suburban,Male,Bachelors,Yes,No,No,4.3,60.2,1.51,8.0,3.9,39.3,Fail,F
STU-2026-11772,Public,Urban,Male,Bachelors,Yes,No,No,7.9,83.7,2.89,6.7,9.6,44.8,Fail,F
STU-2026-11773,Private,Suburban,Female,Some College,Yes,No,Yes,33.2,93.0,2.42,8.9,12.1,75.7,Pass,C
STU-2026-11774,Private,Suburban,Male,Bachelors,Yes,Yes,No,27.6,90.0,1.78,7.2,1.7,64.1,Pass,D
STU-2026-11775,Charter,Urban,Female,Bachelors,Yes,Yes,Yes,13.2,71.8,2.16,5.1,4.7,56.6,Fail,F
STU-2026-11776,Private,Suburban,Female,Bachelors,Yes,No,No,5.2,64.0,2.43,5.2,5.7,41.6,Fail,F
STU-2026-11777,Public,Suburban,Male,Some College,Yes,Yes,Yes,29.7,97.0,1.51,5.0,0.1,65.3,Pass,D
STU-2026-11778,Public,Suburban,Male,High School,Yes,No,Yes,32.8,64.7,3.84,8.6,10.6,69.0,Pass,D
STU-2026-11779,Public,Urban,Female,High School,Yes,Yes,Yes,28.6,82.7,2.93,8.3,9.5,74.4,Pass,C
STU-2026-11780,Private,Urban,Male,Some College,Yes,Yes,No,33.9,77.9,2.93,5.8,5.5,64.1,Pass,D
STU-2026-11781,Private,Suburban,Male,Bachelors,Yes,No,No,21.6,88.8,3.47,9.1,1.5,81.0,Pass,B
STU-2026-11782,Public,Urban,Male,Bachelors,Yes,No,No,8.9,71.5,1.74,7.1,8.8,48.4,Fail,F
STU-2026-11783,Private,Urban,Female,High School,Yes,Yes,Yes,11.0,93.1,2.16,7.6,1.9,53.6,Fail,F
STU-2026-11784,Public,Urban,Male,High School,Yes,No,No,9.6,84.8,1.79,8.1,4.0,43.7,Fail,F
STU-2026-11785,Private,Urban,Female,Some College,Yes,No,No,18.6,63.2,1.58,8.3,6.7,52.7,Fail,F
STU-2026-11786,Public,Suburban,Female,High School,No,Yes,Yes,22.9,91.0,2.58,4.9,0.0,63.4,Pass,D
STU-2026-11787,Public,Urban,Male,Bachelors,Yes,Yes,Yes,11.1,81.2,3.24,6.3,7.9,66.7,Pass,D
STU-2026-11788,Public,Urban,Female,Masters,Yes,Yes,Yes,14.0,80.6,2.33,7.9,13.5,59.9,Fail,F
STU-2026-11789,Private,Urban,Female,Bachelors,Yes,No,Yes,8.0,85.1,2.63,5.3,9.6,61.2,Pass,D
STU-2026-11790,Public,Suburban,Male,Some College,Yes,Yes,No,13.8,99.5,1.91,7.9,1.7,57.1,Fail,F
STU-2026-11791,Public,Suburban,Female,Masters,Yes,No,Yes,9.6,87.4,3.3,5.8,0.0,74.4,Pass,C
STU-2026-11792,Public,Urban,Female,Masters,Yes,Yes,No,11.9,90.6,2.73,4.6,9.5,58.3,Fail,F
STU-2026-11793,Private,Urban,Female,Doctorate,Yes,Yes,Yes,34.1,85.0,1.66,8.5,7.7,65.4,Pass,D
STU-2026-11794,Public,Urban,Male,Some College,No,No,No,10.3,87.9,2.25,5.2,7.1,50.7,Fail,F
STU-2026-11795,Public,Urban,Female,High School,Yes,No,No,5.0,65.9,3.63,6.5,7.3,50.2,Fail,F
STU-2026-11796,Public,Urban,Male,Bachelors,Yes,Yes,No,17.2,83.7,2.01,8.3,6.7,59.2,Fail,F
STU-2026-11797,Private,Rural,Female,Masters,Yes,Yes,No,3.1,89.7,1.79,7.5,10.3,47.9,Fail,F
STU-2026-11798,Public,Suburban,Male,Some College,Yes,No,No,22.0,64.1,2.56,5.8,4.7,54.2,Fail,F
STU-2026-11799,Public,Urban,Male,High School,Yes,Yes,No,22.9,61.2,2.86,5.6,7.5,53.4,Fail,F
STU-2026-11800,Public,Urban,Male,Bachelors,Yes,Yes,Yes,13.3,93.6,3.65,8.7,2.4,69.3,Pass,D
STU-2026-11801,Public,Rural,Female,Bachelors,Yes,Yes,Yes,28.2,61.1,1.92,5.5,14.3,59.6,Fail,F
STU-2026-11802,Charter,Suburban,Male,Bachelors,Yes,Yes,No,33.6,63.8,3.01,9.1,14.5,70.9,Pass,C
STU-2026-11803,Private,Suburban,Female,Some College,Yes,Yes,No,8.7,86.1,3.78,4.6,9.5,66.7,Pass,D
STU-2026-11804,Public,Urban,Male,Some College,Yes,No,No,31.9,64.8,3.27,9.2,9.9,61.1,Pass,D
STU-2026-11805,Public,Urban,Female,Bachelors,Yes,No,No,32.6,74.4,3.18,9.5,10.4,68.8,Pass,D
STU-2026-11806,Private,Rural,Male,Bachelors,Yes,No,No,3.3,73.4,1.68,5.1,3.9,43.1,Fail,F
STU-2026-11807,Public,Urban,Male,Some College,Yes,Yes,No,18.7,87.7,2.17,6.1,9.2,61.2,Pass,D
STU-2026-11808,Private,Suburban,Male,Doctorate,Yes,No,Yes,13.9,99.4,1.77,5.7,11.9,63.6,Pass,D
STU-2026-11809,Private,Rural,Female,High School,Yes,No,No,24.1,78.3,2.19,4.6,4.1,60.3,Pass,D
STU-2026-11810,Public,Suburban,Female,High School,Yes,No,No,2.2,62.1,3.41,5.5,1.6,43.5,Fail,F
STU-2026-11811,Public,Urban,Male,Some College,Yes,Yes,Yes,33.1,83.8,3.67,7.9,6.7,83.8,Pass,B
STU-2026-11812,Private,Urban,Female,Bachelors,Yes,No,No,21.0,91.9,3.25,4.9,14.9,73.8,Pass,C
STU-2026-11813,Charter,Rural,Male,Bachelors,Yes,No,No,7.1,88.2,3.57,9.4,13.3,60.7,Pass,D
STU-2026-11814,Public,Urban,Female,High School,Yes,Yes,Yes,11.9,90.7,3.02,8.1,2.0,61.0,Pass,D
STU-2026-11815,Public,Urban,Male,High School,Yes,Yes,No,27.6,75.4,3.54,6.4,12.0,73.4,Pass,C
STU-2026-11816,Charter,Urban,Female,Some College,No,No,No,16.0,81.0,2.33,8.8,11.3,47.6,Fail,F
STU-2026-11817,Private,Suburban,Female,Some College,Yes,Yes,No,23.3,86.0,2.86,9.5,1.5,72.2,Pass,C
STU-2026-11818,Private,Urban,Female,Masters,Yes,Yes,No,2.3,70.8,3.84,9.4,11.4,62.9,Pass,D
STU-2026-11819,Public,Suburban,Male,Doctorate,Yes,Yes,No,18.3,94.9,1.56,8.6,13.9,64.3,Pass,D
STU-2026-11820,Private,Rural,Male,Bachelors,No,No,Yes,23.6,78.6,2.5,4.9,1.9,63.7,Pass,D
STU-2026-11821,Charter,Suburban,Female,High School,Yes,No,Yes,34.7,68.2,2.53,6.5,14.7,69.7,Pass,D
STU-2026-11822,Public,Urban,Female,Some College,Yes,Yes,Yes,20.6,76.3,1.71,7.8,10.9,56.8,Fail,F
STU-2026-11823,Private,Suburban,Female,Doctorate,Yes,Yes,No,32.9,61.4,2.75,6.7,3.9,74.5,Pass,C
STU-2026-11824,Private,Urban,Female,High School,Yes,Yes,No,9.1,87.7,2.97,6.5,7.8,57.5,Fail,F
STU-2026-11825,Public,Rural,Male,High School,Yes,Yes,No,10.4,81.4,2.32,6.2,10.9,46.8,Fail,F
STU-2026-11826,Private,Rural,Male,Masters,Yes,Yes,No,3.4,85.8,3.25,8.5,6.6,63.8,Pass,D
STU-2026-11827,Charter,Suburban,Male,Some College,Yes,No,No,30.4,60.6,2.08,8.8,5.5,49.2,Fail,F
STU-2026-11828,Public,Urban,Female,High School,Yes,No,No,5.6,95.1,3.79,6.8,10.0,66.7,Pass,D
STU-2026-11829,Private,Urban,Female,High School,Yes,Yes,No,15.9,69.1,2.76,6.9,9.7,47.6,Fail,F
STU-2026-11830,Private,Urban,Female,High School,Yes,Yes,No,13.5,81.1,3.13,6.2,1.0,60.8,Pass,D
STU-2026-11831,Charter,Urban,Female,Some College,Yes,Yes,Yes,4.2,73.4,1.6,9.3,3.9,49.6,Fail,F
STU-2026-11832,Public,Suburban,Female,Some College,Yes,Yes,Yes,6.9,75.7,1.55,6.8,5.5,43.1,Fail,F
STU-2026-11833,Public,Suburban,Female,Bachelors,Yes,Yes,No,32.2,78.5,2.16,5.9,12.6,51.1,Fail,F
STU-2026-11834,Private,Suburban,Female,High School,Yes,No,No,17.5,78.0,3.53,6.1,2.2,60.3,Pass,D
STU-2026-11835,Private,Urban,Male,Doctorate,Yes,No,No,21.1,72.6,2.29,8.0,5.2,60.6,Pass,D
STU-2026-11836,Public,Urban,Female,Some College,Yes,Yes,Yes,15.6,93.9,2.58,6.4,8.0,67.6,Pass,D
STU-2026-11837,Private,Urban,Female,Bachelors,Yes,Yes,Yes,10.3,95.8,2.12,7.8,5.3,61.3,Pass,D
STU-2026-11838,Private,Suburban,Female,Masters,Yes,No,No,26.8,74.1,2.87,5.6,5.7,69.4,Pass,D
STU-2026-11839,Public,Urban,Male,Masters,Yes,Yes,Yes,3.1,92.2,2.62,5.7,3.0,60.8,Pass,D
STU-2026-11840,Public,Suburban,Male,Bachelors,Yes,No,No,7.5,90.9,3.43,8.9,6.8,61.7,Pass,D
STU-2026-11841,Charter,Suburban,Male,Some College,Yes,Yes,No,31.6,99.2,3.43,8.8,3.1,80.7,Pass,B
STU-2026-11842,Public,Suburban,Male,Some College,Yes,No,No,22.3,95.1,1.85,8.6,7.9,61.0,Pass,D
STU-2026-11843,Private,Urban,Male,Masters,Yes,No,Yes,33.1,79.7,2.57,8.9,0.2,74.2,Pass,C
STU-2026-11844,Public,Urban,Female,Some College,No,Yes,No,13.3,67.7,3.82,8.2,6.7,58.0,Fail,F
STU-2026-11845,Public,Suburban,Male,Some College,Yes,No,No,29.7,83.8,3.38,9.1,1.0,73.1,Pass,C
STU-2026-11846,Public,Suburban,Female,Masters,Yes,Yes,No,18.3,81.0,2.21,5.3,7.6,59.4,Fail,F
STU-2026-11847,Charter,Urban,Male,Bachelors,Yes,Yes,No,28.1,83.5,1.96,6.5,3.0,59.8,Fail,F
STU-2026-11848,Public,Urban,Male,Bachelors,Yes,No,No,4.3,65.0,1.63,5.3,8.2,35.0,Fail,F
STU-2026-11849,Public,Rural,Female,Bachelors,Yes,No,No,24.3,85.2,3.02,6.3,10.3,70.4,Pass,C
STU-2026-11850,Public,Urban,Male,Some College,Yes,Yes,No,35.0,60.2,1.78,6.7,12.9,56.4,Fail,F
STU-2026-11851,Public,Suburban,Female,High School,Yes,No,No,5.6,98.2,3.33,6.0,11.5,59.2,Fail,F
STU-2026-11852,Public,Suburban,Female,Some College,Yes,Yes,No,31.7,83.7,2.55,9.2,13.5,74.4,Pass,C
STU-2026-11853,Private,Urban,Female,Some College,Yes,Yes,No,12.4,95.8,3.8,7.3,3.1,66.6,Pass,D
STU-2026-11854,Public,Urban,Male,Bachelors,No,Yes,No,33.7,98.4,3.38,9.1,14.3,80.1,Pass,B
STU-2026-11855,Private,Rural,Female,High School,Yes,Yes,No,3.8,93.9,3.64,5.3,9.8,66.4,Pass,D
STU-2026-11856,Public,Urban,Female,Some College,Yes,No,Yes,23.2,93.0,3.89,6.8,11.8,79.3,Pass,C
STU-2026-11857,Public,Suburban,Female,Some College,Yes,Yes,No,17.3,61.5,3.73,6.3,0.9,61.4,Pass,D
STU-2026-11858,Public,Urban,Female,High School,Yes,Yes,No,27.0,95.5,2.26,6.1,3.2,58.7,Fail,F
STU-2026-11859,Public,Urban,Male,Masters,Yes,Yes,Yes,9.1,61.9,3.9,6.5,9.6,72.1,Pass,C
STU-2026-11860,Public,Suburban,Female,Some College,Yes,Yes,Yes,10.2,66.3,2.0,7.7,2.5,52.4,Fail,F
STU-2026-11861,Charter,Urban,Female,Masters,Yes,Yes,No,9.7,98.1,3.45,9.0,11.8,70.6,Pass,C
STU-2026-11862,Private,Suburban,Male,Bachelors,Yes,No,Yes,32.4,60.7,1.93,8.3,7.8,57.3,Fail,F
STU-2026-11863,Private,Suburban,Male,Some College,Yes,No,No,12.8,69.5,3.57,9.0,5.3,63.2,Pass,D
STU-2026-11864,Charter,Rural,Female,Some College,Yes,No,Yes,4.9,79.2,2.97,5.1,10.4,48.7,Fail,F
STU-2026-11865,Private,Urban,Male,Some College,Yes,No,Yes,28.2,97.9,1.73,4.7,8.6,71.3,Pass,C
STU-2026-11866,Public,Suburban,Female,Bachelors,No,Yes,No,19.4,98.2,3.72,8.8,2.1,75.9,Pass,C
STU-2026-11867,Public,Urban,Male,Some College,Yes,Yes,No,26.6,75.9,3.68,6.1,6.5,69.3,Pass,D
STU-2026-11868,Private,Urban,Female,Some College,Yes,Yes,No,29.3,75.8,2.4,8.4,6.3,62.6,Pass,D
STU-2026-11869,Public,Urban,Male,Doctorate,Yes,No,No,24.1,82.3,3.41,8.5,9.2,78.1,Pass,C
STU-2026-11870,Public,Suburban,Male,High School,Yes,No,No,10.3,70.4,2.74,8.4,0.2,50.2,Fail,F
STU-2026-11871,Private,Rural,Male,Bachelors,Yes,Yes,No,7.2,63.9,3.24,6.9,13.3,57.8,Fail,F
STU-2026-11872,Public,Suburban,Male,Some College,No,No,Yes,25.5,67.2,3.97,8.5,5.0,71.1,Pass,C
STU-2026-11873,Public,Suburban,Female,Masters,Yes,Yes,No,10.3,70.6,1.88,6.5,8.1,49.8,Fail,F
STU-2026-11874,Public,Urban,Male,Some College,Yes,Yes,No,32.6,93.2,3.05,5.0,1.5,70.8,Pass,C
STU-2026-11875,Public,Urban,Female,High School,Yes,No,No,11.1,93.1,3.55,4.6,9.6,69.2,Pass,D
STU-2026-11876,Public,Urban,Female,Some College,Yes,Yes,No,5.3,78.8,3.02,6.0,10.4,49.4,Fail,F
STU-2026-11877,Public,Urban,Female,Some College,Yes,No,Yes,20.5,88.4,1.73,4.9,7.1,60.1,Pass,D
STU-2026-11878,Private,Suburban,Male,Some College,Yes,Yes,Yes,16.8,67.5,2.76,5.0,7.0,64.6,Pass,D
STU-2026-11879,Private,Urban,Male,Bachelors,Yes,Yes,No,19.0,98.7,2.37,9.2,0.9,70.8,Pass,C
STU-2026-11880,Private,Urban,Female,High School,Yes,No,No,15.2,83.5,2.02,8.2,3.5,52.2,Fail,F
STU-2026-11881,Public,Rural,Female,Bachelors,Yes,No,No,10.8,90.1,1.64,6.1,13.2,48.0,Fail,F
STU-2026-11882,Public,Urban,Male,High School,Yes,Yes,Yes,10.0,73.1,2.36,6.4,12.8,56.8,Fail,F
STU-2026-11883,Public,Suburban,Male,Bachelors,Yes,No,No,2.5,67.1,2.12,7.0,9.7,37.0,Fail,F
STU-2026-11884,Private,Urban,Female,Masters,Yes,Yes,No,6.6,65.0,2.48,7.7,11.3,48.4,Fail,F
STU-2026-11885,Public,Urban,Female,High School,Yes,No,No,31.3,94.5,3.66,7.3,9.3,69.9,Pass,D
STU-2026-11886,Private,Urban,Female,Bachelors,Yes,Yes,No,12.4,84.4,2.78,8.4,12.1,61.6,Pass,D
STU-2026-11887,Public,Suburban,Male,Some College,Yes,No,No,28.3,77.2,3.13,4.8,4.4,65.1,Pass,D
STU-2026-11888,Charter,Suburban,Male,High School,Yes,Yes,Yes,14.5,77.6,1.8,6.3,4.6,57.1,Fail,F
STU-2026-11889,Public,Urban,Male,Some College,Yes,Yes,No,21.6,65.1,2.29,7.6,6.3,59.4,Fail,F
STU-2026-11890,Private,Suburban,Female,Masters,Yes,No,Yes,4.2,73.0,3.39,7.1,2.8,66.5,Pass,D
STU-2026-11891,Private,Urban,Male,Bachelors,Yes,No,No,28.7,62.6,1.99,4.5,12.0,53.0,Fail,F
STU-2026-11892,Private,Rural,Male,Some College,Yes,Yes,Yes,25.3,73.8,2.7,7.3,1.7,62.7,Pass,D
STU-2026-11893,Public,Urban,Male,Some College,Yes,Yes,Yes,28.2,97.6,3.74,7.1,7.2,81.0,Pass,B
STU-2026-11894,Public,Suburban,Female,Some College,Yes,No,No,13.3,60.5,3.74,8.3,5.2,60.4,Pass,D
STU-2026-11895,Public,Rural,Female,High School,Yes,Yes,Yes,33.2,90.6,3.97,5.4,6.7,80.2,Pass,B
STU-2026-11896,Public,Urban,Female,Bachelors,Yes,No,No,17.5,90.9,2.69,9.1,4.5,61.4,Pass,D
STU-2026-11897,Private,Suburban,Female,High School,Yes,Yes,Yes,23.4,75.9,3.82,5.9,13.5,76.3,Pass,C
STU-2026-11898,Public,Urban,Male,Bachelors,Yes,Yes,Yes,33.3,70.8,3.57,9.2,8.1,75.5,Pass,C
STU-2026-11899,Private,Urban,Female,High School,Yes,Yes,No,30.3,94.0,2.39,5.7,8.9,61.6,Pass,D
STU-2026-11900,Private,Urban,Female,Masters,No,Yes,Yes,10.3,82.7,2.28,7.8,11.2,61.5,Pass,D
STU-2026-11901,Charter,Rural,Female,Some College,No,No,Yes,15.2,90.0,1.99,6.5,9.3,55.6,Fail,F
STU-2026-11902,Public,Suburban,Male,Some College,Yes,Yes,No,14.6,63.5,3.63,5.4,13.8,57.1,Fail,F
STU-2026-11903,Public,Suburban,Female,Some College,Yes,No,No,13.2,77.3,1.54,5.8,8.8,50.0,Fail,F
STU-2026-11904,Public,Suburban,Female,High School,Yes,Yes,No,2.5,67.3,2.7,7.2,8.6,47.3,Fail,F
STU-2026-11905,Charter,Urban,Male,Doctorate,Yes,Yes,Yes,24.6,83.2,1.9,6.3,14.6,61.4,Pass,D
STU-2026-11906,Private,Suburban,Female,High School,Yes,Yes,No,25.1,93.3,3.89,9.4,1.2,70.6,Pass,C
STU-2026-11907,Public,Urban,Female,Bachelors,No,Yes,No,10.7,65.0,3.94,9.0,7.1,60.2,Pass,D
STU-2026-11908,Public,Urban,Female,Some College,Yes,No,Yes,22.4,89.2,3.94,5.6,3.1,80.1,Pass,B
STU-2026-11909,Public,Urban,Female,High School,Yes,No,No,7.5,78.2,1.63,8.6,9.7,41.2,Fail,F
STU-2026-11910,Public,Rural,Female,Doctorate,Yes,Yes,No,25.3,97.9,1.74,6.7,1.2,60.4,Pass,D
STU-2026-11911,Public,Suburban,Male,Masters,Yes,No,Yes,20.1,79.8,1.66,4.5,13.8,59.7,Fail,F
STU-2026-11912,Public,Rural,Male,Some College,Yes,No,Yes,7.3,88.6,1.53,7.2,10.0,45.7,Fail,F
STU-2026-11913,Private,Suburban,Male,Some College,Yes,No,Yes,10.7,78.0,3.12,7.5,8.2,71.5,Pass,C
STU-2026-11914,Public,Suburban,Male,Bachelors,Yes,Yes,No,2.7,74.1,2.05,6.1,5.4,43.0,Fail,F
STU-2026-11915,Public,Urban,Male,Masters,Yes,Yes,No,27.9,85.3,3.1,6.7,9.5,70.8,Pass,C
STU-2026-11916,Private,Urban,Female,Doctorate,Yes,Yes,No,2.7,76.5,2.37,9.0,0.3,45.0,Fail,F
STU-2026-11917,Private,Urban,Female,Bachelors,Yes,Yes,No,12.2,82.4,1.71,6.3,12.8,50.4,Fail,F
STU-2026-11918,Public,Urban,Female,Bachelors,Yes,Yes,No,20.4,63.8,2.73,8.8,3.0,58.5,Fail,F
STU-2026-11919,Public,Suburban,Female,High School,Yes,Yes,No,25.3,77.0,2.66,4.9,1.8,60.9,Pass,D
STU-2026-11920,Public,Urban,Female,High School,Yes,Yes,Yes,20.7,93.7,2.12,6.1,11.1,63.1,Pass,D
STU-2026-11921,Public,Urban,Female,Some College,Yes,No,Yes,2.5,88.5,3.38,5.5,13.9,64.8,Pass,D
STU-2026-11922,Public,Suburban,Male,Some College,No,Yes,Yes,11.9,65.0,2.11,7.6,13.4,46.8,Fail,F
STU-2026-11923,Public,Suburban,Male,Bachelors,Yes,Yes,No,30.5,73.3,2.21,7.4,10.4,62.2,Pass,D
STU-2026-11924,Public,Suburban,Male,High School,Yes,Yes,No,24.2,87.5,3.74,7.4,1.9,70.8,Pass,C
STU-2026-11925,Public,Rural,Male,High School,Yes,Yes,Yes,29.8,88.9,1.65,8.6,4.2,54.4,Fail,F
STU-2026-11926,Charter,Urban,Female,Masters,Yes,No,Yes,32.2,82.8,2.32,7.1,1.0,64.8,Pass,D
STU-2026-11927,Private,Urban,Male,Some College,Yes,Yes,No,12.4,61.2,3.27,8.3,0.1,61.2,Pass,D
STU-2026-11928,Public,Urban,Female,High School,Yes,Yes,No,19.3,88.0,1.93,7.0,3.7,53.2,Fail,F
STU-2026-11929,Private,Rural,Male,Doctorate,Yes,No,Yes,14.6,81.7,1.94,7.3,3.2,65.6,Pass,D
STU-2026-11930,Private,Suburban,Male,Doctorate,No,Yes,No,28.0,99.6,3.73,8.1,11.5,73.5,Pass,C
STU-2026-11931,Private,Suburban,Female,Some College,Yes,Yes,No,33.1,72.7,1.78,4.7,5.2,59.7,Fail,F
STU-2026-11932,Private,Urban,Male,High School,Yes,No,Yes,14.3,99.3,3.43,9.4,0.1,69.8,Pass,D
STU-2026-11933,Public,Suburban,Female,High School,Yes,Yes,No,18.7,88.7,3.35,6.2,6.8,69.6,Pass,D
STU-2026-11934,Public,Suburban,Male,Bachelors,Yes,Yes,No,32.9,81.4,2.51,6.0,6.6,56.5,Fail,F
STU-2026-11935,Public,Urban,Female,Doctorate,Yes,Yes,No,30.5,88.7,3.15,8.5,1.4,72.4,Pass,C
STU-2026-11936,Public,Urban,Female,High School,Yes,No,No,14.1,68.9,1.85,6.9,0.7,44.4,Fail,F
STU-2026-11937,Private,Suburban,Female,Some College,Yes,No,No,33.9,94.2,3.8,8.5,6.9,82.5,Pass,B
STU-2026-11938,Private,Rural,Male,Masters,Yes,Yes,No,30.8,90.0,3.15,7.5,8.8,74.8,Pass,C
STU-2026-11939,Private,Urban,Male,Bachelors,Yes,Yes,Yes,9.9,76.9,2.01,9.3,1.6,57.3,Fail,F
STU-2026-11940,Private,Suburban,Male,Some College,Yes,Yes,No,12.8,76.3,2.06,6.0,11.4,54.0,Fail,F
STU-2026-11941,Public,Urban,Male,High School,Yes,No,No,25.5,91.2,2.23,5.4,12.0,58.7,Fail,F
STU-2026-11942,Public,Suburban,Female,Some College,No,Yes,Yes,31.8,86.2,2.4,7.3,6.7,70.9,Pass,C
STU-2026-11943,Private,Rural,Female,Bachelors,Yes,No,No,33.3,68.7,3.02,7.1,2.6,71.7,Pass,C
STU-2026-11944,Public,Suburban,Female,Doctorate,No,No,Yes,17.6,94.4,3.46,7.2,4.8,82.6,Pass,B
STU-2026-11945,Public,Suburban,Male,Some College,Yes,Yes,Yes,10.1,91.5,2.58,7.2,10.1,61.2,Pass,D
STU-2026-11946,Charter,Rural,Female,Masters,Yes,Yes,Yes,23.1,75.3,1.84,8.9,2.9,63.9,Pass,D
STU-2026-11947,Public,Urban,Female,High School,No,Yes,Yes,12.2,68.1,3.07,8.7,5.3,57.2,Fail,F
STU-2026-11948,Public,Urban,Male,Some College,Yes,Yes,No,21.6,96.4,3.49,6.2,6.1,69.7,Pass,D
STU-2026-11949,Public,Suburban,Male,Bachelors,Yes,Yes,No,29.5,80.1,3.64,4.6,12.7,72.0,Pass,C
STU-2026-11950,Private,Urban,Female,Bachelors,Yes,Yes,No,22.7,65.4,1.65,7.0,12.5,51.0,Fail,F
STU-2026-11951,Private,Urban,Female,Masters,Yes,Yes,No,13.3,90.4,1.69,7.0,12.6,52.4,Fail,F
STU-2026-11952,Private,Rural,Female,Masters,Yes,No,No,21.1,61.8,3.85,4.6,12.5,68.6,Pass,D
STU-2026-11953,Public,Urban,Female,Some College,Yes,No,No,2.3,65.5,1.89,7.7,7.9,45.9,Fail,F
STU-2026-11954,Charter,Urban,Male,High School,Yes,Yes,No,18.7,93.6,1.87,9.1,6.3,55.3,Fail,F
STU-2026-11955,Public,Suburban,Female,High School,Yes,Yes,Yes,15.4,68.6,2.55,5.5,0.2,49.5,Fail,F
STU-2026-11956,Public,Urban,Female,Some College,Yes,No,Yes,7.3,72.1,3.62,6.9,14.0,65.4,Pass,D
STU-2026-11957,Private,Urban,Male,Some College,Yes,No,No,7.8,61.6,2.9,8.5,7.1,48.9,Fail,F
STU-2026-11958,Charter,Urban,Male,Some College,Yes,Yes,No,34.8,65.3,3.0,9.4,1.9,74.7,Pass,C
STU-2026-11959,Charter,Suburban,Male,Some College,Yes,Yes,Yes,18.4,80.1,2.34,8.4,9.8,59.4,Fail,F
STU-2026-11960,Private,Urban,Male,Bachelors,Yes,No,No,17.4,78.8,2.38,7.1,10.6,56.6,Fail,F
STU-2026-11961,Charter,Urban,Male,Masters,Yes,No,No,8.4,88.8,2.45,6.2,13.8,60.8,Pass,D
STU-2026-11962,Public,Suburban,Female,Masters,Yes,No,No,16.7,84.7,1.52,7.0,7.0,50.1,Fail,F
STU-2026-11963,Private,Urban,Male,Bachelors,Yes,No,No,22.3,98.9,1.59,8.4,9.0,60.7,Pass,D
STU-2026-11964,Charter,Urban,Male,Bachelors,Yes,Yes,No,21.6,80.1,1.67,4.8,5.4,56.0,Fail,F
STU-2026-11965,Private,Rural,Male,Some College,Yes,Yes,No,17.0,89.5,1.65,7.9,2.5,50.2,Fail,F
STU-2026-11966,Public,Suburban,Male,Some College,Yes,No,No,18.8,98.1,2.44,4.9,6.6,65.5,Pass,D
STU-2026-11967,Public,Rural,Female,Some College,Yes,Yes,Yes,28.9,75.4,2.79,6.7,13.6,68.3,Pass,D
STU-2026-11968,Private,Suburban,Male,Bachelors,Yes,No,No,15.9,86.1,2.67,9.0,3.9,55.7,Fail,F
STU-2026-11969,Public,Urban,Female,High School,Yes,Yes,Yes,27.2,74.5,2.92,6.1,13.4,69.9,Pass,D
STU-2026-11970,Public,Urban,Male,Bachelors,Yes,No,Yes,21.4,80.5,3.65,9.4,7.8,79.6,Pass,C
STU-2026-11971,Public,Urban,Female,Bachelors,Yes,Yes,No,21.0,65.9,2.57,6.0,14.1,51.4,Fail,F
STU-2026-11972,Charter,Urban,Female,Some College,Yes,Yes,No,29.1,61.0,3.61,5.7,2.5,67.0,Pass,D
STU-2026-11973,Public,Urban,Female,Masters,Yes,Yes,Yes,27.9,96.6,1.84,6.7,6.9,72.8,Pass,C
STU-2026-11974,Public,Urban,Male,Masters,Yes,Yes,No,24.5,99.3,3.9,5.2,1.8,83.4,Pass,B
STU-2026-11975,Public,Suburban,Male,Bachelors,Yes,Yes,No,8.1,88.6,2.39,6.6,12.6,51.2,Fail,F
STU-2026-11976,Public,Rural,Female,Doctorate,Yes,No,No,7.5,64.3,1.69,7.2,3.4,41.9,Fail,F
STU-2026-11977,Public,Rural,Male,Masters,Yes,Yes,Yes,13.5,63.5,3.62,9.2,0.5,69.5,Pass,D
STU-2026-11978,Public,Suburban,Female,Masters,Yes,Yes,No,29.6,76.2,2.08,8.0,8.9,62.4,Pass,D
STU-2026-11979,Public,Suburban,Female,Some College,Yes,Yes,Yes,11.6,67.8,3.21,7.7,2.7,62.9,Pass,D
STU-2026-11980,Public,Urban,Male,High School,No,No,No,26.9,94.1,3.49,6.3,8.0,69.9,Pass,D
STU-2026-11981,Charter,Suburban,Female,High School,Yes,No,No,18.3,65.6,3.78,5.5,13.7,62.2,Pass,D
STU-2026-11982,Charter,Urban,Female,Masters,Yes,No,No,25.5,83.5,3.71,5.1,0.5,79.2,Pass,C
STU-2026-11983,Public,Urban,Female,Masters,Yes,No,No,22.5,78.7,1.71,5.7,1.8,56.0,Fail,F
STU-2026-11984,Public,Urban,Female,Some College,Yes,Yes,No,16.7,98.6,3.94,7.6,4.2,71.7,Pass,C
STU-2026-11985,Private,Urban,Female,Bachelors,Yes,No,No,11.1,87.7,2.73,5.0,13.2,60.3,Pass,D
STU-2026-11986,Public,Urban,Female,Masters,Yes,No,No,10.3,84.3,2.54,7.8,10.2,59.4,Fail,F
STU-2026-11987,Private,Suburban,Female,Bachelors,Yes,No,No,30.2,82.3,3.06,4.9,0.5,72.6,Pass,C
STU-2026-11988,Public,Urban,Female,Bachelors,Yes,Yes,No,20.5,89.4,3.96,4.8,3.0,65.5,Pass,D
STU-2026-11989,Public,Urban,Female,Masters,Yes,Yes,Yes,12.6,99.1,2.92,5.2,5.1,70.8,Pass,C
STU-2026-11990,Public,Suburban,Female,High School,Yes,Yes,Yes,4.2,76.9,1.8,6.6,8.3,39.5,Fail,F
STU-2026-11991,Private,Suburban,Male,Bachelors,Yes,Yes,Yes,14.0,82.8,2.38,8.9,3.1,53.2,Fail,F
STU-2026-11992,Public,Urban,Male,High School,No,Yes,No,5.3,90.0,3.34,8.8,4.0,57.8,Fail,F
STU-2026-11993,Public,Suburban,Female,Bachelors,Yes,No,No,22.4,96.4,1.59,6.7,13.0,62.8,Pass,D
STU-2026-11994,Public,Suburban,Female,Some College,Yes,No,No,21.5,91.1,3.48,5.8,2.9,68.7,Pass,D
STU-2026-11995,Public,Urban,Female,Bachelors,Yes,Yes,No,12.3,98.2,3.86,9.1,5.3,69.5,Pass,D
STU-2026-11996,Public,Suburban,Female,Some College,Yes,No,Yes,27.7,72.0,1.55,6.3,11.1,56.0,Fail,F
STU-2026-11997,Private,Suburban,Female,Some College,Yes,No,No,19.8,85.2,1.99,7.6,6.6,56.5,Fail,F
STU-2026-11998,Public,Urban,Male,Some College,Yes,No,No,11.3,79.0,2.64,9.1,14.0,55.3,Fail,F
STU-2026-11999,Public,Urban,Female,Masters,No,No,Yes,7.0,68.2,2.35,5.1,1.7,54.2,Fail,F
STU-2026-12000,Charter,Rural,Male,Some College,Yes,Yes,Yes,4.7,86.9,2.6,5.3,9.3,56.7,Fail,F
STU-2026-12001,Public,Suburban,Female,Masters,Yes,Yes,Yes,15.1,69.0,1.92,5.2,7.6,55.5,Fail,F
STU-2026-12002,Public,Suburban,Male,Bachelors,No,No,No,28.8,75.1,3.69,6.8,4.7,76.5,Pass,C
STU-2026-12003,Public,Suburban,Male,Bachelors,Yes,Yes,No,12.8,64.7,3.92,5.5,10.9,58.1,Fail,F
STU-2026-12004,Public,Suburban,Male,Bachelors,Yes,No,Yes,18.5,95.8,1.53,5.5,12.0,57.3,Fail,F
STU-2026-12005,Public,Urban,Male,Bachelors,Yes,Yes,No,12.0,68.5,1.83,8.6,3.7,46.3,Fail,F
STU-2026-12006,Charter,Suburban,Male,Some College,Yes,No,No,18.2,63.8,3.9,8.1,13.7,68.1,Pass,D
STU-2026-12007,Public,Suburban,Male,Bachelors,Yes,Yes,No,10.6,66.2,2.11,5.9,5.6,56.5,Fail,F
STU-2026-12008,Public,Suburban,Male,Some College,Yes,No,No,27.1,63.0,2.45,4.6,2.7,59.5,Fail,F
STU-2026-12009,Private,Suburban,Male,Some College,Yes,No,No,23.8,88.3,3.86,8.3,11.1,69.3,Pass,D
STU-2026-12010,Private,Rural,Male,Bachelors,Yes,Yes,Yes,33.7,72.4,1.57,9.1,0.8,64.5,Pass,D
STU-2026-12011,Public,Urban,Male,Bachelors,Yes,No,No,4.8,62.0,2.61,8.4,13.0,47.5,Fail,F
STU-2026-12012,Private,Suburban,Female,Bachelors,Yes,No,Yes,17.8,74.5,2.9,6.6,2.0,67.7,Pass,D
STU-2026-12013,Private,Suburban,Male,Some College,Yes,Yes,No,10.3,70.0,3.97,8.8,8.8,61.9,Pass,D
STU-2026-12014,Public,Rural,Female,High School,Yes,No,Yes,3.5,63.5,3.65,7.6,1.4,57.2,Fail,F
STU-2026-12015,Public,Rural,Male,Masters,Yes,No,Yes,19.3,88.1,1.8,5.4,6.9,62.3,Pass,D
STU-2026-12016,Public,Suburban,Male,Some College,Yes,No,No,11.5,99.2,3.94,9.1,11.7,73.9,Pass,C
STU-2026-12017,Public,Urban,Female,High School,No,No,No,17.0,71.9,1.54,7.4,12.1,35.0,Fail,F
STU-2026-12018,Private,Urban,Female,Some College,Yes,Yes,No,29.2,62.2,2.22,7.6,13.3,54.5,Fail,F
STU-2026-12019,Charter,Suburban,Male,Bachelors,Yes,Yes,No,17.5,61.9,1.55,8.2,10.3,45.6,Fail,F
STU-2026-12020,Private,Suburban,Female,Some College,Yes,No,Yes,31.0,70.2,2.05,4.9,9.7,60.0,Pass,D
STU-2026-12021,Public,Urban,Male,Bachelors,Yes,Yes,Yes,2.1,86.6,1.97,8.8,8.1,53.1,Fail,F
STU-2026-12022,Public,Suburban,Female,Masters,No,Yes,No,22.3,88.2,1.52,9.4,8.2,58.2,Fail,F
STU-2026-12023,Private,Urban,Male,Doctorate,Yes,No,No,9.4,73.0,2.75,9.5,9.6,66.2,Pass,D
STU-2026-12024,Public,Urban,Female,Bachelors,Yes,Yes,No,19.4,70.6,3.99,8.2,3.0,71.4,Pass,C
STU-2026-12025,Private,Urban,Female,Some College,Yes,Yes,No,14.4,89.6,2.83,7.0,4.3,65.9,Pass,D
STU-2026-12026,Private,Urban,Female,High School,Yes,No,No,7.1,89.1,3.25,5.2,9.5,59.6,Fail,F
STU-2026-12027,Public,Rural,Female,Bachelors,Yes,No,No,12.2,82.3,3.33,7.3,5.9,61.9,Pass,D
STU-2026-12028,Public,Urban,Female,Masters,Yes,Yes,No,14.6,79.6,2.53,6.6,13.9,57.7,Fail,F
STU-2026-12029,Public,Rural,Male,Bachelors,No,Yes,Yes,11.4,91.1,3.23,6.0,5.7,63.7,Pass,D
STU-2026-12030,Private,Urban,Female,High School,Yes,No,No,27.2,66.3,3.85,7.0,13.5,62.2,Pass,D
STU-2026-12031,Public,Urban,Male,Some College,Yes,Yes,Yes,21.9,65.4,3.47,8.6,6.1,65.3,Pass,D
STU-2026-12032,Public,Suburban,Female,High School,Yes,No,Yes,10.1,84.9,2.46,9.3,11.4,60.1,Pass,D
STU-2026-12033,Private,Rural,Female,Bachelors,Yes,Yes,No,29.6,99.0,1.82,5.1,11.4,63.6,Pass,D
STU-2026-12034,Public,Urban,Male,Some College,Yes,No,No,22.5,82.3,2.86,7.9,14.7,67.5,Pass,D
STU-2026-12035,Public,Urban,Female,Some College,Yes,No,No,15.7,63.6,2.81,6.0,5.1,59.3,Fail,F
STU-2026-12036,Public,Urban,Female,Bachelors,No,Yes,No,25.5,88.0,1.56,8.8,3.2,48.9,Fail,F
STU-2026-12037,Private,Urban,Male,Bachelors,Yes,Yes,No,17.2,72.5,3.84,8.3,2.5,69.2,Pass,D
STU-2026-12038,Public,Urban,Female,Bachelors,Yes,Yes,Yes,3.7,79.4,3.82,5.3,9.6,73.4,Pass,C
STU-2026-12039,Private,Suburban,Male,Bachelors,Yes,Yes,Yes,3.3,76.3,3.37,7.7,10.2,62.8,Pass,D
STU-2026-12040,Private,Suburban,Male,Bachelors,Yes,Yes,No,13.3,72.2,3.02,7.4,13.7,58.5,Fail,F
STU-2026-12041,Public,Urban,Male,High School,Yes,Yes,Yes,30.4,79.4,3.03,5.9,6.8,72.6,Pass,C
STU-2026-12042,Private,Urban,Female,Some College,Yes,Yes,Yes,9.6,91.0,2.82,7.6,13.6,62.1,Pass,D
STU-2026-12043,Private,Urban,Female,Masters,Yes,Yes,No,26.0,94.0,3.2,8.5,1.1,81.4,Pass,B
STU-2026-12044,Public,Rural,Male,Masters,Yes,Yes,No,9.6,94.2,2.49,7.0,11.3,53.3,Fail,F
STU-2026-12045,Private,Suburban,Female,High School,Yes,No,No,34.1,84.6,1.69,7.3,5.1,52.6,Fail,F
STU-2026-12046,Public,Suburban,Male,Doctorate,Yes,Yes,No,24.4,62.7,3.19,9.5,8.9,66.4,Pass,D
STU-2026-12047,Public,Urban,Male,Bachelors,Yes,Yes,No,33.9,74.4,3.96,5.6,1.7,80.4,Pass,B
STU-2026-12048,Public,Suburban,Female,High School,Yes,Yes,No,9.8,89.0,3.79,4.9,13.2,69.3,Pass,D
STU-2026-12049,Public,Suburban,Male,Some College,Yes,No,No,15.0,86.4,3.96,8.7,9.0,71.9,Pass,C
STU-2026-12050,Private,Urban,Female,High School,Yes,No,Yes,9.0,71.6,3.69,6.8,10.1,60.6,Pass,D
STU-2026-12051,Charter,Urban,Female,Some College,Yes,Yes,Yes,10.7,98.3,3.42,4.8,0.6,66.3,Pass,D
STU-2026-12052,Public,Suburban,Female,High School,Yes,Yes,Yes,18.4,88.6,2.93,5.9,12.0,63.4,Pass,D
STU-2026-12053,Charter,Urban,Female,Bachelors,Yes,Yes,Yes,11.4,78.9,2.67,6.2,6.1,59.6,Fail,F
STU-2026-12054,Public,Suburban,Female,Bachelors,Yes,No,No,2.5,89.2,1.63,5.5,0.1,41.6,Fail,F
STU-2026-12055,Charter,Suburban,Male,Masters,Yes,Yes,Yes,28.1,77.2,1.83,7.6,9.0,62.4,Pass,D
STU-2026-12056,Public,Suburban,Female,Masters,Yes,Yes,No,21.6,75.3,2.27,6.3,9.2,62.2,Pass,D
STU-2026-12057,Charter,Urban,Female,Bachelors,Yes,Yes,Yes,12.4,88.2,2.05,4.7,3.6,60.2,Pass,D
STU-2026-12058,Private,Suburban,Female,Some College,Yes,Yes,No,25.5,97.2,2.34,5.2,12.8,64.7,Pass,D
STU-2026-12059,Charter,Urban,Female,Some College,Yes,No,Yes,2.3,85.5,3.62,8.4,14.3,59.8,Fail,F
STU-2026-12060,Private,Suburban,Male,Masters,Yes,No,No,30.3,68.4,1.62,4.8,11.6,47.8,Fail,F
STU-2026-12061,Public,Rural,Male,Some College,Yes,Yes,No,21.7,78.4,2.62,4.6,3.4,67.5,Pass,D
STU-2026-12062,Public,Rural,Female,Bachelors,Yes,No,No,24.1,96.7,1.63,6.5,4.1,57.9,Fail,F
STU-2026-12063,Charter,Rural,Male,Masters,No,No,No,22.4,88.8,2.2,4.8,0.4,54.2,Fail,F
STU-2026-12064,Public,Suburban,Female,High School,Yes,Yes,No,26.4,83.1,3.01,7.9,9.9,61.8,Pass,D
STU-2026-12065,Public,Suburban,Male,Bachelors,Yes,No,No,29.2,80.2,2.03,5.7,15.0,61.8,Pass,D
STU-2026-12066,Public,Suburban,Female,High School,Yes,No,Yes,25.4,99.8,3.76,8.3,12.5,84.6,Pass,B
STU-2026-12067,Private,Urban,Female,Bachelors,Yes,Yes,No,19.0,61.9,1.56,9.4,7.8,54.8,Fail,F
STU-2026-12068,Public,Suburban,Female,High School,Yes,Yes,No,17.2,84.5,2.13,7.6,5.0,52.4,Fail,F
STU-2026-12069,Public,Urban,Female,Bachelors,Yes,Yes,No,20.4,81.0,1.93,6.4,6.1,50.5,Fail,F
STU-2026-12070,Public,Rural,Male,High School,Yes,No,No,11.5,70.2,3.21,7.5,7.0,57.6,Fail,F
STU-2026-12071,Private,Urban,Female,Some College,Yes,No,Yes,10.1,78.9,1.58,4.5,11.9,56.2,Fail,F
STU-2026-12072,Public,Urban,Male,Bachelors,Yes,No,Yes,19.7,80.0,1.86,5.1,11.7,67.7,Pass,D
STU-2026-12073,Private,Urban,Male,Bachelors,Yes,Yes,No,3.5,63.3,3.96,6.6,1.8,59.6,Fail,F
STU-2026-12074,Public,Suburban,Female,Some College,Yes,Yes,No,21.1,68.2,2.2,5.4,1.5,54.2,Fail,F
STU-2026-12075,Private,Suburban,Female,Bachelors,Yes,Yes,No,10.3,99.9,2.14,6.0,14.3,60.1,Pass,D
STU-2026-12076,Public,Rural,Male,Some College,No,Yes,Yes,22.2,69.0,3.4,8.4,3.1,66.9,Pass,D
STU-2026-12077,Public,Suburban,Female,High School,Yes,Yes,Yes,2.0,75.8,3.31,8.7,7.6,60.9,Pass,D
STU-2026-12078,Public,Urban,Female,Masters,Yes,No,No,25.3,85.7,3.62,9.0,12.5,85.8,Pass,B
STU-2026-12079,Charter,Suburban,Male,Bachelors,Yes,No,No,7.2,95.4,2.95,8.8,3.7,58.2,Fail,F
STU-2026-12080,Public,Urban,Female,Bachelors,Yes,No,No,6.2,75.3,2.06,5.8,13.6,41.1,Fail,F
STU-2026-12081,Private,Urban,Male,Some College,No,Yes,No,32.3,84.7,1.61,4.8,3.9,57.1,Fail,F
STU-2026-12082,Private,Suburban,Female,High School,Yes,Yes,No,11.1,78.4,1.8,7.1,8.1,43.4,Fail,F
STU-2026-12083,Charter,Suburban,Male,High School,Yes,Yes,No,23.7,77.8,1.97,7.8,13.4,50.7,Fail,F
STU-2026-12084,Private,Rural,Female,Some College,Yes,Yes,No,7.1,61.3,3.12,7.1,4.5,48.7,Fail,F
STU-2026-12085,Public,Urban,Female,Bachelors,Yes,No,No,21.1,99.9,3.99,8.8,6.0,78.6,Pass,C
STU-2026-12086,Public,Suburban,Male,Some College,Yes,Yes,No,18.8,93.3,1.5,6.8,5.2,51.6,Fail,F
STU-2026-12087,Private,Suburban,Male,Bachelors,Yes,No,Yes,29.7,73.3,1.93,6.2,4.4,65.3,Pass,D
STU-2026-12088,Public,Suburban,Male,Some College,Yes,Yes,No,29.4,93.1,2.84,7.1,5.0,72.3,Pass,C
STU-2026-12089,Private,Suburban,Female,Bachelors,No,No,Yes,18.7,93.6,1.54,4.8,10.7,56.0,Fail,F
STU-2026-12090,Public,Urban,Female,Bachelors,Yes,No,No,4.6,75.3,2.25,7.0,13.5,42.4,Fail,F
STU-2026-12091,Private,Urban,Male,Bachelors,Yes,No,No,4.2,80.1,3.75,5.9,13.9,63.6,Pass,D
STU-2026-12092,Public,Suburban,Male,High School,Yes,Yes,No,29.8,85.2,1.68,8.9,10.0,55.4,Fail,F
STU-2026-12093,Public,Suburban,Male,Bachelors,Yes,Yes,Yes,13.4,69.7,1.54,4.8,1.2,45.7,Fail,F
STU-2026-12094,Private,Urban,Male,High School,No,No,No,18.0,89.6,2.63,6.9,2.9,60.9,Pass,D
STU-2026-12095,Public,Rural,Female,Some College,No,Yes,Yes,8.0,73.9,2.89,8.6,6.0,53.1,Fail,F
STU-2026-12096,Public,Suburban,Female,High School,Yes,Yes,No,20.4,98.9,3.21,8.0,2.8,66.7,Pass,D
STU-2026-12097,Public,Urban,Female,Some College,No,Yes,Yes,28.3,73.0,3.82,6.8,13.5,82.0,Pass,B
STU-2026-12098,Public,Urban,Male,Some College,Yes,No,Yes,19.6,60.9,3.11,5.1,3.3,69.5,Pass,D
STU-2026-12099,Public,Rural,Male,Some College,Yes,Yes,No,3.4,81.1,3.39,4.5,11.0,63.1,Pass,D
STU-2026-12100,Private,Suburban,Female,Masters,Yes,Yes,Yes,21.2,89.1,2.63,9.1,8.2,75.6,Pass,C
STU-2026-12101,Private,Suburban,Female,High School,Yes,Yes,Yes,19.2,72.6,3.78,8.9,12.4,80.9,Pass,B
STU-2026-12102,Public,Urban,Female,Masters,Yes,No,No,13.4,66.4,1.93,5.6,7.6,54.1,Fail,F
STU-2026-12103,Public,Urban,Female,High School,Yes,No,Yes,26.3,91.3,2.59,5.6,2.9,68.7,Pass,D
STU-2026-12104,Public,Rural,Female,High School,Yes,Yes,No,17.3,73.5,2.44,8.2,1.5,47.5,Fail,F
STU-2026-12105,Public,Suburban,Male,Bachelors,No,No,Yes,15.4,92.9,1.89,9.4,3.7,53.7,Fail,F
STU-2026-12106,Private,Urban,Male,Some College,Yes,Yes,Yes,23.9,91.1,3.16,4.9,10.8,63.7,Pass,D
STU-2026-12107,Private,Urban,Female,Bachelors,Yes,Yes,No,30.3,61.1,3.87,6.3,9.2,66.6,Pass,D
STU-2026-12108,Private,Urban,Female,Masters,Yes,No,No,21.5,69.7,3.76,6.9,6.0,74.9,Pass,C
STU-2026-12109,Public,Rural,Male,High School,Yes,No,Yes,27.3,85.0,2.26,5.5,3.9,74.8,Pass,C
STU-2026-12110,Public,Urban,Female,Some College,Yes,No,No,5.1,80.1,2.83,7.6,13.9,53.4,Fail,F
STU-2026-12111,Public,Rural,Male,Bachelors,Yes,Yes,No,15.4,68.2,2.03,5.5,9.1,54.9,Fail,F
STU-2026-12112,Private,Urban,Female,Bachelors,Yes,Yes,Yes,20.2,66.7,3.79,9.3,13.3,73.6,Pass,C
STU-2026-12113,Public,Suburban,Male,Bachelors,No,Yes,Yes,26.6,63.9,2.04,6.1,2.3,57.5,Fail,F
STU-2026-12114,Public,Suburban,Female,Bachelors,Yes,Yes,Yes,7.8,94.5,3.34,6.7,9.1,72.8,Pass,C
STU-2026-12115,Private,Rural,Male,Bachelors,Yes,No,No,17.0,74.2,3.58,5.4,10.5,66.7,Pass,D
STU-2026-12116,Public,Rural,Male,Some College,Yes,Yes,Yes,2.8,72.7,1.7,6.4,1.4,38.7,Fail,F
STU-2026-12117,Charter,Rural,Male,Bachelors,Yes,No,No,2.3,66.7,3.26,7.3,2.7,50.9,Fail,F
STU-2026-12118,Charter,Urban,Male,Some College,Yes,No,No,8.0,73.3,2.84,5.4,6.5,49.1,Fail,F
STU-2026-12119,Charter,Rural,Female,High School,Yes,Yes,No,25.6,96.3,2.51,6.1,3.3,61.2,Pass,D
STU-2026-12120,Private,Rural,Female,Doctorate,No,No,No,9.8,80.3,3.79,8.6,0.1,65.8,Pass,D
STU-2026-12121,Public,Urban,Male,Bachelors,Yes,Yes,No,33.5,90.1,3.19,6.2,3.2,77.7,Pass,C
STU-2026-12122,Public,Suburban,Female,Bachelors,Yes,Yes,Yes,2.6,98.2,3.43,8.7,3.1,70.7,Pass,C
STU-2026-12123,Public,Urban,Female,High School,Yes,No,No,15.6,91.2,1.72,5.3,4.6,46.1,Fail,F
STU-2026-12124,Public,Suburban,Male,Some College,Yes,No,Yes,21.3,86.6,3.92,5.9,8.3,77.2,Pass,C
STU-2026-12125,Private,Suburban,Female,Bachelors,Yes,No,No,19.0,60.0,3.66,7.0,14.6,66.9,Pass,D
STU-2026-12126,Private,Urban,Male,Bachelors,Yes,Yes,No,6.0,62.2,2.09,4.6,2.9,48.1,Fail,F
STU-2026-12127,Public,Urban,Female,Doctorate,Yes,Yes,No,24.2,74.5,2.75,4.7,7.5,64.7,Pass,D
STU-2026-12128,Charter,Suburban,Male,Bachelors,Yes,Yes,Yes,22.9,65.3,2.11,9.0,8.4,60.2,Pass,D
STU-2026-12129,Private,Urban,Male,Bachelors,Yes,Yes,No,17.7,96.7,3.13,4.6,12.7,66.6,Pass,D
STU-2026-12130,Private,Urban,Male,High School,Yes,No,Yes,13.5,66.0,3.46,6.9,6.1,68.4,Pass,D
STU-2026-12131,Public,Urban,Female,High School,Yes,Yes,No,6.7,63.4,3.99,5.7,1.8,53.0,Fail,F
STU-2026-12132,Public,Urban,Female,Bachelors,Yes,Yes,Yes,21.5,95.4,2.84,6.9,12.9,66.4,Pass,D
STU-2026-12133,Public,Suburban,Male,Bachelors,Yes,No,No,3.8,98.9,2.69,6.8,14.1,56.6,Fail,F
STU-2026-12134,Private,Urban,Female,Doctorate,Yes,Yes,No,24.5,95.0,3.15,5.1,11.3,77.6,Pass,C
STU-2026-12135,Private,Urban,Female,Some College,Yes,No,No,21.6,79.2,3.74,9.4,1.7,66.2,Pass,D
STU-2026-12136,Charter,Suburban,Female,Masters,Yes,No,Yes,26.7,94.5,3.46,4.9,4.6,85.7,Pass,B
STU-2026-12137,Public,Suburban,Female,Some College,Yes,No,Yes,21.7,91.0,3.43,5.3,12.9,76.9,Pass,C
STU-2026-12138,Public,Rural,Male,Masters,Yes,Yes,No,15.5,62.6,2.33,5.8,6.2,56.7,Fail,F
STU-2026-12139,Private,Suburban,Male,Bachelors,Yes,No,Yes,7.9,91.2,2.77,7.2,8.2,60.4,Pass,D
STU-2026-12140,Public,Urban,Female,Some College,Yes,Yes,No,18.6,70.1,2.6,5.9,14.7,64.8,Pass,D
STU-2026-12141,Public,Rural,Female,Some College,Yes,Yes,No,25.1,90.3,2.09,4.8,7.2,59.5,Fail,F
STU-2026-12142,Public,Rural,Female,Some College,Yes,Yes,No,21.9,62.3,2.85,5.3,2.2,59.9,Fail,F
STU-2026-12143,Public,Suburban,Female,Doctorate,Yes,Yes,Yes,4.2,74.2,2.11,6.0,4.5,57.7,Fail,F
STU-2026-12144,Public,Rural,Male,High School,Yes,Yes,No,20.0,96.7,2.95,7.4,11.0,70.3,Pass,C
STU-2026-12145,Public,Urban,Male,Some College,No,Yes,Yes,23.9,95.5,3.76,6.2,8.3,86.8,Pass,B
STU-2026-12146,Public,Urban,Male,Masters,Yes,Yes,No,10.6,69.4,3.53,8.6,2.6,68.6,Pass,D
STU-2026-12147,Public,Urban,Female,Some College,Yes,Yes,No,30.2,75.1,2.07,8.7,14.4,58.1,Fail,F
STU-2026-12148,Public,Rural,Male,Some College,Yes,Yes,No,33.5,76.9,2.93,8.7,8.1,63.3,Pass,D
STU-2026-12149,Public,Urban,Female,Bachelors,Yes,Yes,No,25.6,78.0,2.29,8.6,7.0,61.0,Pass,D
STU-2026-12150,Private,Suburban,Female,Masters,Yes,Yes,No,20.1,81.7,1.56,5.8,2.6,54.8,Fail,F
STU-2026-12151,Charter,Urban,Female,Bachelors,No,Yes,No,32.2,82.8,1.83,5.1,5.9,56.6,Fail,F
STU-2026-12152,Public,Suburban,Male,Bachelors,Yes,Yes,Yes,23.6,69.9,1.64,5.2,4.9,53.7,Fail,F
STU-2026-12153,Public,Urban,Female,Some College,Yes,No,No,15.0,70.7,1.91,9.1,8.3,48.9,Fail,F
STU-2026-12154,Public,Urban,Female,Some College,Yes,No,Yes,34.6,76.5,2.93,9.3,12.2,81.7,Pass,B
STU-2026-12155,Public,Suburban,Female,High School,Yes,Yes,No,24.6,82.6,3.0,6.9,3.5,67.6,Pass,D
STU-2026-12156,Charter,Rural,Male,Bachelors,Yes,No,No,26.1,61.0,3.49,5.7,7.4,75.1,Pass,C
STU-2026-12157,Public,Urban,Male,Some College,No,No,No,5.5,68.9,1.73,5.0,10.3,39.3,Fail,F
STU-2026-12158,Public,Rural,Female,Some College,Yes,Yes,Yes,31.1,83.4,3.45,7.4,4.6,82.2,Pass,B
STU-2026-12159,Public,Suburban,Male,Bachelors,Yes,No,No,31.7,66.8,3.88,8.8,0.9,73.4,Pass,C
STU-2026-12160,Public,Rural,Female,Masters,No,Yes,Yes,32.5,90.0,1.56,5.6,5.4,63.5,Pass,D
STU-2026-12161,Public,Urban,Male,Some College,Yes,No,No,12.7,89.0,3.14,5.2,4.2,59.8,Fail,F
STU-2026-12162,Private,Urban,Male,Masters,Yes,Yes,No,17.7,75.2,1.68,6.5,8.5,54.8,Fail,F
STU-2026-12163,Charter,Suburban,Female,Bachelors,Yes,No,No,27.7,96.5,3.13,4.6,3.4,69.1,Pass,D
STU-2026-12164,Public,Suburban,Female,Some College,Yes,No,Yes,10.3,90.5,3.09,6.3,3.8,66.2,Pass,D
STU-2026-12165,Public,Urban,Female,Bachelors,Yes,Yes,Yes,15.0,83.6,2.58,7.8,8.2,54.2,Fail,F
STU-2026-12166,Public,Urban,Male,Bachelors,Yes,Yes,Yes,9.1,75.7,2.11,7.4,10.4,51.4,Fail,F
STU-2026-12167,Public,Urban,Female,Some College,Yes,No,Yes,3.8,85.0,2.25,6.9,10.2,56.9,Fail,F
STU-2026-12168,Private,Urban,Female,Bachelors,Yes,Yes,No,16.8,97.5,2.22,6.9,4.5,50.5,Fail,F
STU-2026-12169,Public,Urban,Male,Some College,Yes,Yes,Yes,16.7,72.0,3.4,7.2,12.6,65.1,Pass,D
STU-2026-12170,Public,Suburban,Male,Some College,Yes,No,Yes,10.6,84.8,3.85,7.5,14.2,70.1,Pass,C
STU-2026-12171,Public,Urban,Female,Some College,Yes,No,Yes,24.9,98.7,3.66,9.2,2.4,88.5,Pass,B
STU-2026-12172,Charter,Rural,Male,Doctorate,Yes,No,No,25.6,84.3,2.98,4.9,10.0,70.8,Pass,C
STU-2026-12173,Charter,Suburban,Female,Bachelors,Yes,No,No,22.7,99.6,3.64,6.5,6.2,75.3,Pass,C
STU-2026-12174,Public,Suburban,Female,Some College,Yes,Yes,Yes,33.1,71.8,3.39,5.8,2.5,79.8,Pass,C
STU-2026-12175,Private,Urban,Female,Some College,Yes,Yes,Yes,6.4,99.1,1.95,5.7,1.6,66.3,Pass,D
STU-2026-12176,Charter,Suburban,Female,Some College,Yes,Yes,Yes,20.6,99.9,1.83,6.1,0.6,56.8,Fail,F
STU-2026-12177,Private,Urban,Female,Bachelors,Yes,Yes,No,4.3,67.8,2.52,7.9,13.3,44.1,Fail,F
STU-2026-12178,Charter,Urban,Male,Bachelors,Yes,No,No,2.4,88.1,2.08,8.3,2.6,46.4,Fail,F
STU-2026-12179,Public,Urban,Male,Bachelors,Yes,No,No,2.3,67.7,2.03,8.9,0.3,37.8,Fail,F
STU-2026-12180,Public,Urban,Male,Some College,Yes,Yes,Yes,21.6,72.7,3.48,7.9,11.7,72.2,Pass,C
STU-2026-12181,Public,Urban,Female,Some College,Yes,No,No,3.1,92.6,3.81,7.8,1.1,66.3,Pass,D
STU-2026-12182,Public,Rural,Male,High School,Yes,Yes,No,22.0,71.3,2.7,8.5,8.6,60.5,Pass,D
STU-2026-12183,Public,Suburban,Male,Bachelors,Yes,Yes,No,28.7,80.1,2.89,9.3,9.4,65.6,Pass,D
STU-2026-12184,Public,Suburban,Male,Masters,Yes,No,Yes,2.4,75.4,3.44,7.0,14.0,66.0,Pass,D
STU-2026-12185,Public,Rural,Female,Bachelors,Yes,Yes,Yes,5.0,67.6,3.11,4.7,13.9,55.8,Fail,F
STU-2026-12186,Public,Suburban,Female,Bachelors,Yes,No,No,33.7,89.3,1.59,8.7,9.9,52.9,Fail,F
STU-2026-12187,Private,Suburban,Female,Some College,Yes,Yes,No,21.7,69.3,2.19,6.7,1.5,52.1,Fail,F
STU-2026-12188,Public,Rural,Female,Bachelors,Yes,No,No,20.7,61.2,2.15,5.6,6.1,49.7,Fail,F
STU-2026-12189,Public,Urban,Female,Some College,Yes,Yes,No,19.0,64.0,1.99,7.1,3.0,50.1,Fail,F
STU-2026-12190,Charter,Suburban,Male,Bachelors,Yes,Yes,Yes,6.5,84.6,3.51,5.4,8.8,70.2,Pass,C
STU-2026-12191,Charter,Rural,Male,Some College,No,No,No,14.9,71.5,3.78,8.6,10.6,62.0,Pass,D
STU-2026-12192,Private,Urban,Male,Some College,Yes,No,No,18.2,93.5,2.97,8.6,13.4,57.4,Fail,F
STU-2026-12193,Public,Urban,Male,High School,No,Yes,Yes,25.3,71.5,2.08,6.4,11.6,64.5,Pass,D
STU-2026-12194,Private,Urban,Female,Masters,Yes,No,No,33.7,82.4,2.62,6.0,9.1,70.7,Pass,C
STU-2026-12195,Private,Rural,Female,Some College,Yes,Yes,No,21.3,73.7,2.79,8.3,1.6,58.5,Fail,F
STU-2026-12196,Public,Urban,Female,High School,Yes,No,No,33.4,68.2,2.6,7.4,7.2,59.0,Fail,F
STU-2026-12197,Public,Rural,Male,Some College,Yes,No,No,8.8,97.0,2.75,7.8,7.0,60.1,Pass,D
STU-2026-12198,Private,Rural,Female,Masters,Yes,Yes,No,14.3,67.0,2.49,6.6,5.0,60.9,Pass,D
STU-2026-12199,Public,Suburban,Female,Some College,Yes,Yes,Yes,9.5,79.3,1.64,9.5,4.9,51.8,Fail,F
STU-2026-12200,Public,Suburban,Male,Bachelors,Yes,Yes,No,6.9,74.6,2.0,8.6,6.6,41.1,Fail,F
STU-2026-12201,Public,Urban,Male,Some College,Yes,Yes,No,32.0,84.0,2.67,8.1,4.4,68.5,Pass,D
STU-2026-12202,Public,Urban,Female,Bachelors,Yes,No,Yes,10.1,78.8,3.71,8.6,4.7,77.0,Pass,C
STU-2026-12203,Public,Suburban,Male,Some College,Yes,Yes,Yes,15.2,86.5,3.24,7.4,2.4,65.1,Pass,D
STU-2026-12204,Private,Suburban,Female,Bachelors,No,No,No,12.6,77.0,3.75,6.2,3.5,67.7,Pass,D
STU-2026-12205,Public,Suburban,Male,High School,Yes,Yes,No,25.3,90.8,2.78,8.1,12.2,65.4,Pass,D
STU-2026-12206,Public,Suburban,Male,Some College,Yes,No,No,3.8,88.2,2.97,5.8,14.4,56.8,Fail,F
STU-2026-12207,Public,Urban,Male,Bachelors,Yes,No,Yes,10.3,75.8,3.99,8.3,3.3,80.7,Pass,B
STU-2026-12208,Private,Suburban,Male,Some College,Yes,No,No,6.8,62.5,3.67,5.9,12.2,51.7,Fail,F
STU-2026-12209,Public,Urban,Male,Masters,Yes,No,Yes,31.2,72.4,2.33,8.4,10.9,72.3,Pass,C
STU-2026-12210,Public,Rural,Male,Some College,Yes,Yes,Yes,19.8,96.2,2.86,5.6,3.5,68.8,Pass,D
STU-2026-12211,Public,Urban,Female,Bachelors,Yes,No,No,16.1,99.1,3.58,6.7,14.1,76.4,Pass,C
STU-2026-12212,Public,Urban,Female,Some College,Yes,Yes,No,24.3,62.6,3.16,6.9,4.2,61.0,Pass,D
STU-2026-12213,Public,Suburban,Female,Bachelors,Yes,No,No,26.0,89.2,1.63,4.6,5.8,61.7,Pass,D
STU-2026-12214,Private,Suburban,Female,Some College,Yes,No,Yes,16.0,88.9,3.79,6.6,8.6,75.1,Pass,C
STU-2026-12215,Charter,Suburban,Female,High School,Yes,Yes,Yes,9.6,93.2,1.91,9.5,8.4,54.7,Fail,F
STU-2026-12216,Public,Urban,Female,High School,Yes,No,Yes,24.8,67.8,3.53,6.6,4.5,69.9,Pass,D
STU-2026-12217,Public,Suburban,Female,Doctorate,Yes,Yes,No,29.0,78.7,3.47,9.5,1.0,76.3,Pass,C
STU-2026-12218,Private,Suburban,Female,Bachelors,No,Yes,No,35.0,63.7,4.0,4.7,7.8,78.9,Pass,C
STU-2026-12219,Public,Urban,Female,Bachelors,Yes,No,Yes,31.5,92.0,2.85,9.4,6.8,77.3,Pass,C
STU-2026-12220,Public,Rural,Male,Bachelors,Yes,No,No,21.1,77.0,2.98,8.9,1.2,62.6,Pass,D
STU-2026-12221,Public,Suburban,Female,Some College,Yes,Yes,No,24.6,70.0,1.62,6.9,12.6,45.4,Fail,F
STU-2026-12222,Public,Suburban,Female,High School,Yes,No,Yes,28.0,69.7,3.27,6.3,4.6,68.5,Pass,D
STU-2026-12223,Charter,Suburban,Male,Masters,Yes,No,No,8.4,68.9,2.71,4.7,7.4,50.5,Fail,F
STU-2026-12224,Private,Suburban,Male,Bachelors,Yes,No,No,14.9,91.0,2.11,6.3,10.0,55.3,Fail,F
STU-2026-12225,Public,Urban,Female,Some College,Yes,No,No,32.4,67.7,2.22,6.5,5.4,63.4,Pass,D
STU-2026-12226,Public,Rural,Female,Doctorate,Yes,Yes,No,30.2,70.2,2.56,8.2,1.0,64.9,Pass,D
STU-2026-12227,Public,Urban,Female,Masters,Yes,No,Yes,9.7,96.0,3.82,5.6,3.2,82.2,Pass,B
STU-2026-12228,Public,Urban,Female,Some College,Yes,Yes,No,27.4,69.3,3.45,5.8,13.6,61.8,Pass,D
STU-2026-12229,Private,Urban,Male,Some College,Yes,Yes,No,32.5,90.2,2.82,4.9,7.8,73.2,Pass,C
STU-2026-12230,Public,Urban,Male,Masters,Yes,Yes,No,26.7,75.5,3.38,4.5,2.1,73.2,Pass,C
STU-2026-12231,Public,Suburban,Male,Bachelors,Yes,Yes,Yes,16.0,61.3,1.91,6.0,6.7,56.9,Fail,F
STU-2026-12232,Private,Suburban,Male,Bachelors,Yes,Yes,No,26.0,73.4,3.57,8.6,4.1,68.4,Pass,D
STU-2026-12233,Public,Suburban,Male,Some College,Yes,Yes,Yes,14.1,90.1,3.08,6.4,1.5,73.5,Pass,C
STU-2026-12234,Private,Suburban,Female,High School,Yes,Yes,No,9.4,65.8,3.66,9.0,10.4,55.7,Fail,F
STU-2026-12235,Public,Urban,Female,Masters,Yes,Yes,No,18.7,85.4,3.83,9.0,10.0,72.0,Pass,C
STU-2026-12236,Public,Suburban,Female,Bachelors,No,Yes,Yes,28.8,80.2,3.8,8.0,14.3,77.3,Pass,C
STU-2026-12237,Private,Suburban,Female,Bachelors,Yes,Yes,No,29.2,98.6,2.61,4.7,14.8,67.7,Pass,D
STU-2026-12238,Public,Suburban,Female,High School,Yes,No,No,32.9,91.9,4.0,8.7,0.3,83.5,Pass,B
STU-2026-12239,Public,Rural,Male,High School,Yes,Yes,Yes,26.4,81.9,3.11,8.0,14.8,65.7,Pass,D
STU-2026-12240,Public,Urban,Female,Doctorate,Yes,No,No,5.8,62.2,3.18,8.8,1.9,57.5,Fail,F
STU-2026-12241,Public,Urban,Male,Bachelors,Yes,No,Yes,5.2,71.6,3.89,9.4,12.1,70.4,Pass,C
STU-2026-12242,Public,Urban,Female,Some College,Yes,No,Yes,16.0,77.6,2.6,5.1,4.2,59.9,Fail,F
STU-2026-12243,Private,Rural,Male,Bachelors,Yes,Yes,No,3.9,67.4,3.23,5.0,0.4,51.0,Fail,F
STU-2026-12244,Public,Rural,Male,Bachelors,Yes,Yes,No,11.6,91.4,2.61,9.0,14.7,51.9,Fail,F
STU-2026-12245,Public,Urban,Male,Some College,Yes,No,No,7.5,99.5,3.09,6.1,4.2,63.0,Pass,D
STU-2026-12246,Public,Urban,Female,High School,Yes,Yes,Yes,14.9,85.9,2.73,8.7,3.6,58.0,Fail,F
STU-2026-12247,Public,Suburban,Male,High School,Yes,No,Yes,12.2,93.7,2.98,7.0,8.7,61.8,Pass,D
STU-2026-12248,Public,Urban,Male,Bachelors,No,Yes,Yes,32.7,87.2,1.85,5.9,6.7,65.2,Pass,D
STU-2026-12249,Private,Suburban,Female,Masters,Yes,No,No,23.1,87.3,3.5,8.0,8.5,74.9,Pass,C
STU-2026-12250,Public,Suburban,Male,Bachelors,Yes,No,No,32.8,62.5,1.57,5.9,4.5,57.4,Fail,F
STU-2026-12251,Private,Suburban,Male,High School,Yes,No,Yes,13.9,79.8,3.02,5.5,9.3,62.3,Pass,D
STU-2026-12252,Public,Urban,Female,Some College,Yes,No,No,30.7,62.4,3.9,6.5,4.7,73.0,Pass,C
STU-2026-12253,Public,Urban,Female,Bachelors,Yes,Yes,No,5.8,61.1,1.81,8.6,7.0,36.3,Fail,F
STU-2026-12254,Public,Suburban,Male,Masters,Yes,Yes,Yes,7.2,68.2,1.75,4.7,3.8,54.0,Fail,F
STU-2026-12255,Public,Suburban,Male,Bachelors,Yes,Yes,No,11.6,95.2,3.95,7.9,5.2,64.4,Pass,D
STU-2026-12256,Public,Urban,Male,Some College,Yes,No,No,10.5,86.7,1.63,6.2,2.5,47.0,Fail,F
STU-2026-12257,Private,Urban,Male,Bachelors,No,Yes,No,6.9,64.7,1.64,4.8,2.2,40.4,Fail,F
STU-2026-12258,Private,Rural,Female,Some College,Yes,Yes,No,12.5,81.3,3.83,4.6,9.2,61.2,Pass,D
STU-2026-12259,Charter,Suburban,Male,High School,Yes,Yes,Yes,33.4,77.2,4.0,6.5,2.9,78.2,Pass,C
STU-2026-12260,Public,Urban,Male,Bachelors,Yes,No,No,5.5,74.2,3.17,8.4,3.2,54.7,Fail,F
STU-2026-12261,Public,Urban,Male,Bachelors,Yes,Yes,No,21.4,92.7,1.69,7.4,10.0,58.9,Fail,F
STU-2026-12262,Private,Urban,Female,Masters,Yes,No,Yes,6.7,83.2,2.04,9.2,5.0,60.1,Pass,D
STU-2026-12263,Public,Suburban,Male,Doctorate,Yes,Yes,No,16.4,96.6,1.93,6.8,5.4,63.9,Pass,D
STU-2026-12264,Public,Suburban,Female,Masters,No,No,No,32.9,61.2,1.91,5.4,1.9,54.9,Fail,F
STU-2026-12265,Private,Urban,Male,Bachelors,Yes,No,No,8.6,97.7,3.68,9.3,7.4,68.7,Pass,D
STU-2026-12266,Public,Urban,Male,Masters,Yes,Yes,No,23.3,64.6,2.66,7.8,12.0,56.6,Fail,F
STU-2026-12267,Public,Suburban,Female,High School,Yes,No,No,3.9,87.0,2.51,6.6,5.0,43.8,Fail,F
STU-2026-12268,Charter,Urban,Male,Some College,Yes,Yes,Yes,17.3,81.0,2.96,5.3,3.7,68.8,Pass,D
STU-2026-12269,Public,Urban,Female,Some College,Yes,Yes,Yes,9.3,93.2,3.07,8.0,11.9,70.2,Pass,C
STU-2026-12270,Charter,Suburban,Male,High School,Yes,Yes,Yes,15.2,84.0,3.4,7.2,7.4,68.8,Pass,D
STU-2026-12271,Public,Suburban,Male,Some College,Yes,No,No,23.5,60.2,2.31,6.3,1.9,53.7,Fail,F
STU-2026-12272,Public,Suburban,Female,Bachelors,Yes,No,Yes,31.8,99.7,3.21,5.3,10.6,79.1,Pass,C
STU-2026-12273,Public,Urban,Male,Bachelors,Yes,No,Yes,28.8,78.7,3.13,6.4,7.4,70.8,Pass,C
STU-2026-12274,Public,Urban,Male,Masters,Yes,Yes,Yes,9.5,67.4,3.11,8.4,6.5,60.1,Pass,D
STU-2026-12275,Private,Urban,Female,Masters,Yes,No,Yes,10.9,77.1,2.12,8.8,2.4,65.1,Pass,D
STU-2026-12276,Public,Urban,Male,High School,Yes,No,No,25.4,64.2,2.27,9.0,3.9,47.8,Fail,F
STU-2026-12277,Public,Rural,Male,Bachelors,Yes,No,Yes,15.4,70.5,2.3,8.2,6.6,58.9,Fail,F
STU-2026-12278,Public,Urban,Male,Bachelors,Yes,Yes,No,12.8,73.9,3.98,7.1,1.3,69.5,Pass,D
STU-2026-12279,Private,Urban,Female,Some College,Yes,Yes,No,27.3,66.6,2.97,7.1,10.9,63.6,Pass,D
STU-2026-12280,Public,Urban,Male,Bachelors,Yes,No,Yes,2.1,68.3,3.43,9.4,11.6,54.1,Fail,F
STU-2026-12281,Private,Suburban,Male,Bachelors,Yes,Yes,Yes,7.4,78.8,3.54,5.5,9.3,65.7,Pass,D
STU-2026-12282,Public,Urban,Female,Some College,Yes,Yes,Yes,12.0,78.3,1.81,5.7,7.5,53.6,Fail,F
STU-2026-12283,Private,Suburban,Female,High School,No,No,Yes,10.7,93.5,2.78,7.3,6.6,59.2,Fail,F
STU-2026-12284,Public,Urban,Female,Some College,Yes,No,No,3.4,74.6,3.13,7.5,9.2,53.8,Fail,F
STU-2026-12285,Private,Urban,Female,Masters,Yes,No,No,11.9,62.4,2.23,7.9,3.5,56.3,Fail,F
STU-2026-12286,Private,Urban,Female,Some College,No,No,Yes,23.8,71.2,1.55,5.3,0.4,53.3,Fail,F
STU-2026-12287,Public,Urban,Female,Some College,Yes,No,No,18.5,70.7,1.65,6.3,2.6,46.5,Fail,F
STU-2026-12288,Public,Suburban,Male,Bachelors,Yes,Yes,No,17.0,77.8,2.68,8.9,0.2,57.4,Fail,F
STU-2026-12289,Private,Urban,Female,High School,Yes,Yes,No,7.7,98.9,2.6,5.2,6.4,55.9,Fail,F
STU-2026-12290,Public,Urban,Female,Masters,Yes,Yes,No,12.1,88.7,3.93,8.0,14.7,78.0,Pass,C
STU-2026-12291,Public,Rural,Female,Some College,Yes,Yes,Yes,27.7,87.5,3.36,9.5,5.6,75.2,Pass,C
STU-2026-12292,Public,Suburban,Male,Some College,Yes,No,No,15.2,92.1,3.87,8.2,4.5,64.3,Pass,D
STU-2026-12293,Public,Urban,Female,Doctorate,Yes,Yes,Yes,4.8,85.0,2.67,5.8,10.6,58.3,Fail,F
STU-2026-12294,Private,Suburban,Female,Bachelors,Yes,Yes,Yes,28.8,70.2,1.88,8.2,4.6,63.3,Pass,D
STU-2026-12295,Private,Urban,Male,High School,Yes,Yes,Yes,18.8,93.2,3.02,5.3,2.7,68.3,Pass,D
STU-2026-12296,Public,Suburban,Male,Bachelors,Yes,No,No,10.9,86.4,2.31,5.5,6.6,58.9,Fail,F
STU-2026-12297,Public,Suburban,Male,Some College,Yes,Yes,Yes,13.5,83.7,2.38,5.7,5.7,52.5,Fail,F
STU-2026-12298,Public,Rural,Male,Masters,Yes,No,No,31.4,72.5,3.88,5.2,5.8,81.4,Pass,B
STU-2026-12299,Public,Suburban,Male,Bachelors,Yes,Yes,No,31.0,87.6,3.3,9.0,6.1,75.0,Pass,C
STU-2026-12300,Charter,Suburban,Female,Bachelors,Yes,Yes,Yes,2.1,81.6,3.95,8.0,5.8,69.0,Pass,D
STU-2026-12301,Private,Suburban,Male,Some College,No,Yes,Yes,12.3,71.1,3.33,7.1,11.4,66.7,Pass,D
STU-2026-12302,Public,Urban,Female,High School,Yes,Yes,No,11.1,92.7,1.63,4.9,7.6,37.3,Fail,F
STU-2026-12303,Private,Urban,Female,High School,Yes,No,Yes,12.6,61.2,3.04,6.4,6.8,53.7,Fail,F
STU-2026-12304,Public,Urban,Female,Some College,No,No,No,26.2,90.9,2.35,8.9,9.2,61.1,Pass,D
STU-2026-12305,Public,Urban,Male,Some College,Yes,Yes,No,34.1,82.7,2.52,8.9,1.7,72.0,Pass,C
STU-2026-12306,Public,Urban,Male,High School,Yes,No,No,14.3,97.4,2.4,8.0,5.2,52.8,Fail,F
STU-2026-12307,Public,Urban,Female,Bachelors,Yes,No,No,32.5,99.3,2.48,9.0,11.5,69.7,Pass,D
STU-2026-12308,Public,Suburban,Female,Bachelors,Yes,No,No,12.3,62.5,2.21,8.4,0.6,43.3,Fail,F
STU-2026-12309,Private,Suburban,Female,Some College,Yes,No,No,17.7,65.0,2.79,7.8,3.3,54.4,Fail,F
STU-2026-12310,Public,Suburban,Male,High School,No,Yes,No,17.7,94.0,3.6,8.4,8.1,62.5,Pass,D
STU-2026-12311,Public,Suburban,Female,High School,Yes,Yes,No,33.5,96.4,1.8,8.6,2.2,63.5,Pass,D
STU-2026-12312,Public,Suburban,Female,Some College,Yes,Yes,Yes,15.1,82.9,2.33,7.2,12.0,55.3,Fail,F
STU-2026-12313,Public,Rural,Male,Some College,Yes,Yes,No,3.3,61.9,3.05,9.1,13.4,49.2,Fail,F
STU-2026-12314,Public,Urban,Male,Some College,Yes,Yes,Yes,7.5,85.0,2.77,6.4,6.5,58.7,Fail,F
STU-2026-12315,Private,Urban,Female,High School,Yes,No,No,2.9,83.2,2.32,4.8,10.2,49.9,Fail,F
STU-2026-12316,Public,Rural,Male,Doctorate,Yes,Yes,No,18.2,84.6,2.88,6.1,8.9,69.7,Pass,D
STU-2026-12317,Private,Urban,Female,High School,No,No,No,11.1,79.6,2.07,6.5,10.3,44.4,Fail,F
STU-2026-12318,Public,Rural,Male,Some College,Yes,Yes,No,11.6,100.0,2.36,7.6,10.1,56.7,Fail,F
STU-2026-12319,Public,Urban,Female,Masters,No,Yes,Yes,31.3,85.5,3.94,9.4,5.2,85.4,Pass,B
STU-2026-12320,Public,Urban,Male,Bachelors,Yes,Yes,No,13.3,70.9,2.24,6.8,0.6,65.4,Pass,D
STU-2026-12321,Public,Urban,Male,Bachelors,Yes,No,No,9.9,73.7,3.35,5.1,12.0,63.4,Pass,D
STU-2026-12322,Charter,Suburban,Male,Some College,Yes,Yes,Yes,8.8,95.8,3.06,9.4,11.8,63.9,Pass,D
STU-2026-12323,Private,Suburban,Male,Bachelors,Yes,Yes,Yes,4.5,83.2,3.96,6.9,11.9,69.6,Pass,D
STU-2026-12324,Public,Rural,Female,Some College,No,No,Yes,2.7,95.7,3.85,4.7,6.3,61.6,Pass,D
STU-2026-12325,Private,Suburban,Female,Some College,Yes,No,Yes,20.0,89.4,2.95,7.0,4.9,65.8,Pass,D
STU-2026-12326,Public,Urban,Female,High School,Yes,Yes,No,24.3,85.9,3.62,5.0,7.5,65.5,Pass,D
STU-2026-12327,Public,Urban,Male,High School,Yes,Yes,Yes,10.2,61.1,2.4,6.4,9.9,48.8,Fail,F
STU-2026-12328,Public,Urban,Male,Bachelors,Yes,Yes,No,10.0,79.1,2.42,5.4,2.8,56.0,Fail,F
STU-2026-12329,Public,Urban,Male,Some College,Yes,Yes,Yes,7.8,92.0,1.96,7.1,7.4,60.3,Pass,D
STU-2026-12330,Public,Suburban,Male,Masters,Yes,Yes,No,26.4,75.6,2.66,7.3,3.3,64.2,Pass,D
STU-2026-12331,Public,Urban,Female,Some College,Yes,No,No,6.4,61.2,3.67,6.2,14.5,57.5,Fail,F
STU-2026-12332,Private,Urban,Female,Bachelors,Yes,No,No,34.8,93.4,3.22,5.0,5.7,89.0,Pass,B
STU-2026-12333,Public,Urban,Female,Doctorate,Yes,No,No,5.0,96.5,3.14,6.9,5.0,65.2,Pass,D
STU-2026-12334,Public,Suburban,Female,Some College,No,No,Yes,10.0,69.3,2.02,5.1,2.2,50.4,Fail,F
STU-2026-12335,Public,Urban,Female,High School,Yes,Yes,No,28.1,90.6,2.76,5.3,0.5,67.6,Pass,D
STU-2026-12336,Public,Suburban,Female,Masters,No,Yes,No,31.7,100.0,3.9,5.6,14.7,81.4,Pass,B
STU-2026-12337,Public,Urban,Female,Masters,Yes,Yes,No,21.7,64.1,2.08,6.1,9.6,56.4,Fail,F
STU-2026-12338,Private,Urban,Male,Some College,Yes,Yes,No,27.0,81.1,1.51,7.2,3.0,46.6,Fail,F
STU-2026-12339,Public,Suburban,Male,Masters,Yes,No,No,32.0,78.3,3.53,6.0,11.6,85.4,Pass,B
STU-2026-12340,Charter,Suburban,Male,Bachelors,Yes,Yes,No,27.3,85.4,3.48,7.9,14.0,68.7,Pass,D
STU-2026-12341,Public,Urban,Male,High School,Yes,Yes,No,22.7,94.2,2.61,6.7,4.9,60.0,Pass,D
STU-2026-12342,Public,Suburban,Male,Bachelors,No,Yes,No,30.4,66.8,3.09,4.6,8.7,64.4,Pass,D
STU-2026-12343,Public,Urban,Male,Bachelors,Yes,Yes,Yes,3.6,71.4,2.53,5.9,12.9,53.7,Fail,F
STU-2026-12344,Private,Suburban,Male,Bachelors,Yes,Yes,No,29.8,93.5,1.81,8.0,12.9,57.5,Fail,F
STU-2026-12345,Private,Suburban,Male,Some College,Yes,No,No,21.1,62.3,2.47,5.5,3.1,50.1,Fail,F
STU-2026-12346,Public,Suburban,Female,Some College,Yes,Yes,No,16.6,85.5,1.63,8.4,9.6,51.0,Fail,F
STU-2026-12347,Public,Rural,Male,Some College,Yes,Yes,Yes,8.5,98.2,3.15,7.5,7.4,66.0,Pass,D
STU-2026-12348,Charter,Suburban,Female,Bachelors,Yes,No,Yes,30.2,83.5,2.75,8.9,12.6,71.5,Pass,C
STU-2026-12349,Public,Suburban,Female,Some College,Yes,No,No,9.9,64.6,3.05,9.0,0.4,51.1,Fail,F
STU-2026-12350,Charter,Suburban,Female,Some College,Yes,No,No,29.8,62.2,2.42,8.9,12.3,57.9,Fail,F
STU-2026-12351,Private,Urban,Female,Some College,No,Yes,No,30.9,86.0,1.6,8.7,0.2,55.4,Fail,F
STU-2026-12352,Private,Suburban,Male,Masters,Yes,Yes,No,23.1,91.4,2.94,9.3,3.3,71.2,Pass,C
STU-2026-12353,Public,Rural,Male,Masters,Yes,Yes,No,30.7,86.2,1.97,9.2,6.8,73.6,Pass,C
STU-2026-12354,Public,Urban,Male,Bachelors,Yes,No,No,2.5,86.4,2.4,8.7,7.0,50.8,Fail,F
STU-2026-12355,Public,Urban,Female,Doctorate,Yes,No,Yes,15.0,99.0,1.67,8.1,9.5,61.9,Pass,D
STU-2026-12356,Public,Urban,Female,Bachelors,Yes,No,No,14.1,77.9,3.08,7.8,2.8,59.7,Fail,F
STU-2026-12357,Public,Suburban,Male,Masters,No,Yes,No,18.0,65.5,2.04,8.3,3.6,49.4,Fail,F
STU-2026-12358,Public,Suburban,Male,Bachelors,Yes,No,No,10.4,86.1,2.35,6.0,13.7,54.2,Fail,F
STU-2026-12359,Public,Rural,Male,Some College,Yes,Yes,No,9.6,60.4,2.37,5.1,1.4,48.8,Fail,F
STU-2026-12360,Public,Urban,Female,High School,Yes,No,Yes,15.0,95.0,1.93,7.7,8.0,53.7,Fail,F
STU-2026-12361,Private,Urban,Male,Bachelors,Yes,No,No,20.9,82.3,2.63,6.6,9.3,56.3,Fail,F
STU-2026-12362,Private,Urban,Female,Doctorate,No,Yes,Yes,33.2,71.0,3.13,6.0,8.5,81.5,Pass,B
STU-2026-12363,Public,Urban,Male,High School,Yes,Yes,No,21.3,71.5,2.17,7.5,0.1,60.1,Pass,D
STU-2026-12364,Private,Urban,Male,High School,Yes,Yes,No,33.7,73.2,3.37,7.0,11.9,66.4,Pass,D
STU-2026-12365,Public,Urban,Female,Bachelors,Yes,No,Yes,8.1,96.0,3.99,5.0,10.1,78.9,Pass,C
STU-2026-12366,Private,Suburban,Female,Bachelors,Yes,No,Yes,30.3,84.4,2.91,7.8,6.1,71.4,Pass,C
STU-2026-12367,Private,Urban,Female,Doctorate,Yes,Yes,No,27.0,93.2,2.66,8.3,2.4,73.9,Pass,C
STU-2026-12368,Public,Urban,Female,Bachelors,Yes,No,No,8.0,91.1,2.25,6.0,9.8,54.9,Fail,F
STU-2026-12369,Charter,Urban,Male,Some College,No,Yes,Yes,6.3,71.8,2.58,6.0,5.5,48.8,Fail,F
STU-2026-12370,Private,Suburban,Male,Bachelors,Yes,Yes,No,8.6,91.1,3.03,5.8,9.0,58.5,Fail,F
STU-2026-12371,Private,Urban,Male,Doctorate,Yes,Yes,No,4.4,94.7,1.87,7.0,13.2,52.1,Fail,F
STU-2026-12372,Public,Rural,Female,Bachelors,Yes,Yes,Yes,10.8,75.6,3.11,4.9,13.2,70.9,Pass,C
STU-2026-12373,Public,Suburban,Male,High School,Yes,Yes,Yes,28.4,66.7,1.53,4.6,1.3,46.9,Fail,F
STU-2026-12374,Public,Urban,Female,Bachelors,Yes,No,No,10.2,83.1,2.04,9.1,12.6,54.0,Fail,F
STU-2026-12375,Public,Suburban,Male,Some College,No,No,Yes,15.3,67.7,1.58,6.1,13.7,41.2,Fail,F
STU-2026-12376,Public,Suburban,Female,Some College,Yes,Yes,No,23.1,61.3,1.6,8.1,10.7,44.2,Fail,F
STU-2026-12377,Public,Suburban,Male,Bachelors,Yes,Yes,Yes,34.2,89.2,2.42,6.4,1.0,75.6,Pass,C
STU-2026-12378,Private,Urban,Female,Some College,Yes,No,Yes,19.2,70.2,3.31,9.4,3.1,64.3,Pass,D
STU-2026-12379,Public,Urban,Male,Bachelors,Yes,No,No,29.0,96.2,3.61,8.7,7.9,67.3,Pass,D
STU-2026-12380,Public,Suburban,Male,Some College,Yes,No,Yes,27.7,83.0,3.62,9.0,4.3,75.9,Pass,C
STU-2026-12381,Public,Suburban,Male,Masters,No,No,No,30.2,79.2,2.18,5.6,6.2,54.7,Fail,F
STU-2026-12382,Charter,Suburban,Female,Bachelors,Yes,Yes,No,24.5,85.9,3.03,7.4,1.1,66.4,Pass,D
STU-2026-12383,Private,Suburban,Male,High School,Yes,Yes,No,31.9,99.5,2.39,8.7,13.2,67.7,Pass,D
STU-2026-12384,Public,Urban,Female,Bachelors,Yes,Yes,Yes,26.7,97.8,2.57,4.6,9.2,73.3,Pass,C
STU-2026-12385,Charter,Urban,Female,Bachelors,No,No,No,4.3,97.2,1.53,5.3,13.4,44.1,Fail,F
STU-2026-12386,Charter,Urban,Male,Bachelors,Yes,Yes,No,32.3,65.7,3.55,6.0,14.1,73.9,Pass,C
STU-2026-12387,Public,Rural,Female,Some College,Yes,Yes,No,23.1,83.7,2.1,4.6,11.3,54.6,Fail,F
STU-2026-12388,Public,Urban,Female,High School,Yes,No,Yes,23.0,68.5,3.53,9.0,1.4,72.0,Pass,C
STU-2026-12389,Private,Suburban,Female,High School,Yes,Yes,Yes,2.7,70.9,3.36,9.0,11.0,63.6,Pass,D
STU-2026-12390,Public,Urban,Male,High School,Yes,No,No,9.7,64.8,2.25,7.4,10.2,42.4,Fail,F
STU-2026-12391,Charter,Suburban,Female,Some College,Yes,Yes,Yes,29.9,80.4,1.55,4.8,12.5,63.6,Pass,D
STU-2026-12392,Public,Urban,Male,Some College,Yes,Yes,Yes,8.5,82.1,1.74,4.8,15.0,50.4,Fail,F
STU-2026-12393,Charter,Suburban,Male,Bachelors,Yes,Yes,No,33.6,61.5,2.09,8.3,5.8,56.1,Fail,F
STU-2026-12394,Public,Suburban,Female,Some College,Yes,No,No,11.6,66.9,2.44,5.8,0.2,50.6,Fail,F
STU-2026-12395,Public,Urban,Male,Bachelors,Yes,No,Yes,29.7,92.8,3.56,6.5,7.0,86.1,Pass,B
STU-2026-12396,Public,Rural,Male,Masters,Yes,No,Yes,34.5,74.0,3.14,7.5,2.5,74.9,Pass,C
STU-2026-12397,Private,Urban,Female,Masters,Yes,No,No,17.1,96.2,2.23,4.9,11.5,62.7,Pass,D
STU-2026-12398,Public,Urban,Male,Some College,Yes,Yes,No,21.5,80.6,2.79,6.3,0.7,62.7,Pass,D
STU-2026-12399,Public,Suburban,Female,Masters,Yes,Yes,Yes,4.2,91.1,3.2,9.4,9.0,65.2,Pass,D
STU-2026-12400,Private,Rural,Female,Some College,Yes,Yes,Yes,33.8,67.6,3.25,5.0,14.3,69.0,Pass,D
STU-2026-12401,Private,Urban,Female,Bachelors,Yes,No,No,7.8,84.3,2.33,6.3,5.6,57.3,Fail,F
STU-2026-12402,Public,Rural,Male,High School,Yes,Yes,Yes,23.8,94.3,2.79,7.1,11.3,71.1,Pass,C
STU-2026-12403,Public,Rural,Male,Some College,Yes,Yes,No,6.4,91.7,2.03,5.6,0.9,50.9,Fail,F
STU-2026-12404,Public,Suburban,Male,Some College,Yes,Yes,Yes,32.7,81.4,1.93,6.4,5.1,60.8,Pass,D
STU-2026-12405,Private,Rural,Male,High School,Yes,Yes,Yes,30.1,62.4,3.7,4.7,5.0,67.3,Pass,D
STU-2026-12406,Public,Suburban,Male,Masters,Yes,No,No,30.8,88.0,2.17,9.5,6.0,70.0,Pass,C
STU-2026-12407,Public,Urban,Male,Masters,Yes,No,No,25.3,69.5,3.96,7.6,8.3,76.8,Pass,C
STU-2026-12408,Public,Urban,Male,Masters,Yes,Yes,Yes,33.9,73.7,3.99,9.4,12.0,86.6,Pass,B
STU-2026-12409,Private,Rural,Female,Masters,Yes,No,Yes,23.8,97.7,2.56,9.0,0.0,72.6,Pass,C
STU-2026-12410,Private,Rural,Female,Doctorate,Yes,Yes,Yes,23.6,77.6,2.97,6.8,4.9,74.0,Pass,C
STU-2026-12411,Private,Urban,Male,Some College,Yes,No,Yes,25.4,67.8,3.7,6.3,3.7,70.9,Pass,C
STU-2026-12412,Charter,Suburban,Female,Masters,Yes,Yes,No,28.4,84.3,2.27,6.5,14.8,77.4,Pass,C
STU-2026-12413,Charter,Suburban,Male,Bachelors,Yes,Yes,Yes,30.2,72.6,3.75,8.0,12.5,86.6,Pass,B
STU-2026-12414,Private,Suburban,Female,Bachelors,Yes,No,Yes,35.0,71.6,3.5,9.1,0.9,90.6,Pass,A
STU-2026-12415,Public,Rural,Male,Bachelors,Yes,Yes,No,30.0,92.6,2.99,4.7,8.9,78.7,Pass,C
STU-2026-12416,Charter,Suburban,Female,Masters,Yes,No,Yes,2.5,65.5,3.35,7.6,12.7,61.4,Pass,D
STU-2026-12417,Private,Suburban,Female,Masters,Yes,Yes,Yes,24.1,96.2,1.76,7.9,2.4,73.9,Pass,C
STU-2026-12418,Private,Urban,Male,High School,Yes,No,No,14.4,63.4,1.94,7.7,6.2,48.6,Fail,F
STU-2026-12419,Public,Suburban,Male,Bachelors,Yes,Yes,Yes,20.2,92.5,2.75,5.5,3.3,71.8,Pass,C
STU-2026-12420,Public,Suburban,Male,Some College,Yes,No,No,11.9,76.0,2.52,6.3,8.5,49.8,Fail,F
STU-2026-12421,Private,Urban,Female,Masters,Yes,No,No,12.8,99.1,3.72,6.1,3.2,73.4,Pass,C
STU-2026-12422,Public,Urban,Male,Masters,Yes,No,No,23.2,73.7,2.96,9.2,6.7,65.6,Pass,D
STU-2026-12423,Public,Urban,Male,Bachelors,Yes,No,No,13.9,99.5,3.29,7.6,10.0,67.9,Pass,D
STU-2026-12424,Public,Suburban,Male,Masters,Yes,No,Yes,31.5,71.7,3.3,8.5,7.2,77.1,Pass,C
STU-2026-12425,Public,Suburban,Female,Bachelors,Yes,No,Yes,5.0,86.0,3.31,7.5,12.6,64.6,Pass,D
STU-2026-12426,Public,Urban,Male,High School,Yes,No,No,13.4,93.0,2.84,8.7,13.1,56.2,Fail,F
STU-2026-12427,Public,Suburban,Female,Bachelors,Yes,Yes,No,25.6,75.2,2.44,6.1,2.7,69.6,Pass,D
STU-2026-12428,Private,Urban,Male,Bachelors,Yes,Yes,No,25.0,61.4,3.66,9.1,3.3,68.5,Pass,D
STU-2026-12429,Private,Urban,Female,Bachelors,Yes,No,Yes,31.2,62.2,1.77,5.6,11.3,57.6,Fail,F
STU-2026-12430,Public,Urban,Female,Some College,No,Yes,Yes,6.1,86.3,1.71,7.7,11.9,41.5,Fail,F
STU-2026-12431,Public,Urban,Female,Masters,Yes,No,No,12.1,93.5,2.47,7.7,5.8,62.5,Pass,D
STU-2026-12432,Public,Rural,Male,Some College,Yes,Yes,Yes,29.7,68.0,1.7,8.5,0.8,58.1,Fail,F
STU-2026-12433,Private,Urban,Female,Bachelors,Yes,No,Yes,4.9,95.0,2.77,6.2,7.3,62.9,Pass,D
STU-2026-12434,Public,Urban,Female,High School,Yes,No,No,6.9,89.8,2.57,5.1,0.9,49.2,Fail,F
STU-2026-12435,Public,Suburban,Male,Masters,No,No,Yes,26.1,94.7,3.02,5.2,4.8,74.8,Pass,C
STU-2026-12436,Public,Urban,Female,Masters,Yes,Yes,No,4.3,92.6,2.91,8.9,0.2,56.5,Fail,F
STU-2026-12437,Public,Rural,Female,High School,No,Yes,No,16.9,78.6,2.04,5.1,14.1,43.4,Fail,F
STU-2026-12438,Public,Rural,Female,Bachelors,Yes,Yes,No,15.6,61.3,1.92,7.7,11.2,49.4,Fail,F
STU-2026-12439,Public,Urban,Male,Masters,Yes,Yes,No,11.9,79.3,2.29,7.1,12.5,58.6,Fail,F
STU-2026-12440,Public,Rural,Female,High School,Yes,Yes,No,26.1,89.3,1.51,4.5,14.8,52.2,Fail,F
STU-2026-12441,Private,Urban,Male,Some College,No,Yes,No,5.5,71.2,1.55,8.4,9.3,35.2,Fail,F
STU-2026-12442,Public,Suburban,Male,High School,Yes,No,No,32.0,74.9,3.65,7.9,1.5,71.4,Pass,C
STU-2026-12443,Public,Suburban,Male,Bachelors,Yes,No,No,9.4,97.4,2.61,8.7,10.7,57.6,Fail,F
STU-2026-12444,Private,Suburban,Female,High School,Yes,Yes,No,14.1,85.9,2.57,7.1,1.1,59.6,Fail,F
STU-2026-12445,Public,Urban,Male,High School,No,Yes,No,32.5,94.4,1.93,8.2,9.4,65.0,Pass,D
STU-2026-12446,Public,Urban,Male,Bachelors,Yes,Yes,No,31.5,78.0,1.53,6.0,4.3,56.6,Fail,F
STU-2026-12447,Public,Suburban,Female,Bachelors,Yes,Yes,No,4.4,83.2,1.69,4.7,0.9,46.4,Fail,F
STU-2026-12448,Private,Urban,Female,Some College,Yes,Yes,No,14.3,86.6,3.95,8.7,14.1,66.1,Pass,D
STU-2026-12449,Public,Rural,Male,High School,Yes,No,Yes,14.9,71.7,2.78,7.9,13.4,49.4,Fail,F
STU-2026-12450,Public,Suburban,Female,Masters,Yes,Yes,Yes,33.1,78.7,1.81,8.8,0.8,71.9,Pass,C
STU-2026-12451,Public,Suburban,Female,High School,Yes,Yes,No,6.4,90.6,1.89,6.4,10.9,46.9,Fail,F
STU-2026-12452,Public,Suburban,Male,Some College,No,Yes,Yes,25.3,95.7,2.67,6.8,12.5,69.2,Pass,D
STU-2026-12453,Public,Urban,Male,Bachelors,Yes,Yes,No,33.5,65.9,2.5,8.0,1.8,69.6,Pass,D
STU-2026-12454,Public,Suburban,Male,Bachelors,Yes,No,No,4.3,78.1,3.89,8.4,12.2,66.2,Pass,D
STU-2026-12455,Public,Rural,Female,High School,Yes,Yes,No,19.8,71.7,3.89,7.5,8.6,60.0,Pass,D
STU-2026-12456,Public,Suburban,Female,Some College,Yes,No,No,18.6,87.3,1.96,6.7,2.6,58.9,Fail,F
STU-2026-12457,Public,Suburban,Female,High School,Yes,No,No,11.2,85.3,3.26,4.6,13.1,56.1,Fail,F
STU-2026-12458,Public,Urban,Female,Some College,Yes,Yes,No,21.9,63.5,2.23,7.8,5.5,43.6,Fail,F
STU-2026-12459,Public,Suburban,Female,Bachelors,No,Yes,No,11.7,86.9,2.38,7.4,6.0,53.4,Fail,F
STU-2026-12460,Private,Urban,Female,Some College,Yes,No,No,7.0,67.3,3.41,4.8,11.6,61.9,Pass,D
STU-2026-12461,Public,Urban,Female,Some College,Yes,No,Yes,17.2,65.4,1.68,5.7,8.7,52.0,Fail,F
STU-2026-12462,Public,Urban,Female,Bachelors,Yes,No,Yes,8.0,85.1,3.79,7.6,10.4,70.1,Pass,C
STU-2026-12463,Public,Urban,Female,Bachelors,Yes,Yes,Yes,12.9,67.8,1.73,7.4,0.7,49.5,Fail,F
STU-2026-12464,Public,Suburban,Female,Bachelors,Yes,Yes,No,30.2,64.2,1.95,8.1,9.7,58.9,Fail,F
STU-2026-12465,Public,Suburban,Male,Some College,Yes,Yes,No,12.6,74.9,3.58,6.8,9.2,64.6,Pass,D
STU-2026-12466,Public,Urban,Male,Bachelors,Yes,No,Yes,19.8,82.7,2.25,8.1,13.9,60.3,Pass,D
STU-2026-12467,Private,Urban,Female,High School,Yes,Yes,Yes,4.0,86.4,2.17,6.1,14.6,47.9,Fail,F
STU-2026-12468,Public,Rural,Male,Some College,No,Yes,No,19.5,82.2,2.66,8.8,8.1,50.5,Fail,F
STU-2026-12469,Charter,Suburban,Male,Bachelors,Yes,Yes,No,29.2,75.8,2.25,5.5,11.8,59.1,Fail,F
STU-2026-12470,Charter,Urban,Male,Masters,Yes,Yes,Yes,17.8,81.0,3.49,8.8,11.5,69.9,Pass,D
STU-2026-12471,Private,Urban,Female,High School,Yes,Yes,Yes,28.3,86.6,3.73,4.8,7.1,78.6,Pass,C
STU-2026-12472,Public,Urban,Female,High School,Yes,No,No,5.3,64.9,3.48,5.3,3.4,56.6,Fail,F
STU-2026-12473,Public,Suburban,Female,Bachelors,Yes,Yes,Yes,16.5,88.0,2.26,6.4,4.2,63.1,Pass,D
STU-2026-12474,Public,Suburban,Female,Some College,Yes,No,No,34.9,96.0,3.94,7.5,0.0,82.7,Pass,B
STU-2026-12475,Public,Suburban,Male,Some College,Yes,No,No,20.2,61.2,3.62,8.9,14.9,67.3,Pass,D
STU-2026-12476,Public,Suburban,Female,Masters,Yes,Yes,No,12.6,63.8,2.71,7.5,10.7,55.9,Fail,F
STU-2026-12477,Private,Urban,Male,Doctorate,Yes,No,Yes,19.5,90.8,1.79,5.8,0.9,64.6,Pass,D
STU-2026-12478,Public,Urban,Female,Masters,Yes,Yes,No,9.7,99.9,3.83,7.8,1.2,77.2,Pass,C
STU-2026-12479,Private,Rural,Male,Masters,Yes,Yes,Yes,7.7,80.3,3.12,9.3,5.1,64.0,Pass,D
STU-2026-12480,Public,Suburban,Male,Some College,Yes,Yes,No,14.6,88.1,1.83,4.8,8.9,52.2,Fail,F
STU-2026-12481,Public,Urban,Male,Bachelors,Yes,Yes,No,22.4,90.9,3.52,7.3,10.1,71.5,Pass,C
STU-2026-12482,Public,Suburban,Male,Doctorate,Yes,Yes,No,28.3,94.3,2.8,8.6,13.7,69.4,Pass,D
STU-2026-12483,Charter,Rural,Male,Masters,Yes,Yes,No,18.9,80.1,3.74,4.5,1.4,77.0,Pass,C
STU-2026-12484,Charter,Suburban,Female,Some College,No,No,No,7.1,82.8,3.13,6.4,0.4,51.1,Fail,F
STU-2026-12485,Private,Rural,Female,Bachelors,Yes,No,Yes,33.1,97.0,3.25,5.2,10.9,89.0,Pass,B
STU-2026-12486,Public,Urban,Male,High School,No,No,No,7.2,85.1,3.35,8.2,11.8,62.9,Pass,D
STU-2026-12487,Public,Suburban,Female,Bachelors,Yes,No,Yes,13.4,69.3,3.23,6.5,12.7,67.6,Pass,D
STU-2026-12488,Public,Suburban,Male,Some College,Yes,No,No,27.6,86.6,3.56,5.3,4.8,75.7,Pass,C
STU-2026-12489,Public,Urban,Female,High School,No,No,No,32.2,81.3,3.6,5.9,4.3,65.5,Pass,D
STU-2026-12490,Public,Rural,Female,Some College,Yes,Yes,No,7.4,85.7,3.87,6.7,14.8,64.3,Pass,D
STU-2026-12491,Public,Suburban,Male,Masters,No,No,No,14.3,60.7,3.64,6.1,0.9,68.6,Pass,D
STU-2026-12492,Public,Suburban,Male,Some College,Yes,Yes,No,32.5,100.0,3.44,9.2,2.0,77.9,Pass,C
STU-2026-12493,Public,Urban,Male,Some College,Yes,Yes,Yes,25.2,84.3,3.1,4.8,0.1,70.6,Pass,C
STU-2026-12494,Public,Urban,Male,Some College,Yes,No,Yes,24.6,67.8,3.1,7.2,9.9,73.2,Pass,C
STU-2026-12495,Public,Suburban,Male,Masters,Yes,No,Yes,5.7,82.8,2.24,5.8,13.0,62.4,Pass,D
STU-2026-12496,Public,Suburban,Male,Some College,Yes,Yes,Yes,7.1,60.6,1.93,5.9,9.8,52.3,Fail,F
STU-2026-12497,Private,Urban,Female,Bachelors,Yes,Yes,No,18.9,80.1,2.79,5.9,11.0,61.8,Pass,D
STU-2026-12498,Public,Urban,Male,Masters,Yes,No,Yes,24.8,70.5,2.77,8.1,4.6,70.4,Pass,C
STU-2026-12499,Public,Urban,Female,High School,Yes,Yes,No,30.9,85.3,1.94,5.2,1.2,58.5,Fail,F
STU-2026-12500,Public,Rural,Female,Bachelors,Yes,No,No,26.0,92.9,3.72,7.5,12.8,79.8,Pass,C
STU-2026-12501,Charter,Urban,Female,Bachelors,Yes,No,Yes,22.1,75.4,2.71,9.4,12.6,68.9,Pass,D
STU-2026-12502,Public,Rural,Female,High School,Yes,No,Yes,16.0,81.1,2.92,6.0,13.7,68.2,Pass,D
STU-2026-12503,Private,Suburban,Male,High School,Yes,No,No,6.7,97.0,3.15,9.1,13.8,59.2,Fail,F
STU-2026-12504,Private,Suburban,Female,Bachelors,Yes,No,Yes,29.2,86.5,3.43,5.4,10.2,82.4,Pass,B
STU-2026-12505,Private,Suburban,Male,Some College,Yes,Yes,No,10.7,60.0,2.82,7.5,6.2,50.9,Fail,F
STU-2026-12506,Private,Urban,Female,Doctorate,Yes,Yes,No,32.8,84.9,2.92,4.8,6.1,72.5,Pass,C
STU-2026-12507,Public,Suburban,Male,Some College,Yes,Yes,Yes,11.7,82.7,2.2,4.6,4.3,60.0,Pass,D
STU-2026-12508,Private,Suburban,Female,Bachelors,Yes,Yes,No,16.3,66.0,3.84,7.2,2.6,71.4,Pass,C
STU-2026-12509,Private,Urban,Female,Masters,Yes,Yes,No,17.4,67.2,2.68,8.0,13.9,60.7,Pass,D
STU-2026-12510,Public,Urban,Male,Masters,No,Yes,No,33.8,73.3,1.57,8.1,10.7,51.5,Fail,F
STU-2026-12511,Charter,Suburban,Male,Bachelors,Yes,Yes,No,17.6,71.9,2.45,7.2,2.7,52.4,Fail,F
STU-2026-12512,Private,Suburban,Female,Some College,Yes,Yes,Yes,9.2,70.5,1.78,5.8,0.3,49.1,Fail,F
STU-2026-12513,Public,Suburban,Female,Bachelors,Yes,No,No,14.1,79.8,2.88,5.9,1.0,64.6,Pass,D
STU-2026-12514,Public,Suburban,Female,Some College,No,No,Yes,16.2,83.3,3.62,6.1,0.7,70.3,Pass,C
STU-2026-12515,Public,Urban,Male,Some College,Yes,Yes,No,11.1,87.3,3.56,7.1,8.2,60.8,Pass,D
STU-2026-12516,Private,Urban,Female,Masters,Yes,No,Yes,30.5,96.8,3.78,7.4,14.3,89.5,Pass,B
STU-2026-12517,Public,Suburban,Female,Some College,Yes,No,No,26.9,61.5,2.81,5.7,9.6,60.1,Pass,D
STU-2026-12518,Private,Urban,Female,Bachelors,No,Yes,Yes,10.2,91.1,1.6,8.8,10.2,56.2,Fail,F
STU-2026-12519,Public,Suburban,Female,High School,No,Yes,Yes,12.0,66.8,2.07,7.9,8.4,50.1,Fail,F
STU-2026-12520,Public,Urban,Male,Masters,Yes,Yes,Yes,22.5,90.3,2.1,6.7,5.9,74.2,Pass,C
STU-2026-12521,Private,Suburban,Female,Bachelors,Yes,No,No,17.2,72.7,1.88,5.3,7.8,49.1,Fail,F
STU-2026-12522,Public,Urban,Female,High School,Yes,Yes,No,31.7,93.1,3.48,6.2,6.0,76.6,Pass,C
STU-2026-12523,Public,Rural,Female,Masters,Yes,No,No,4.1,86.9,3.45,7.8,2.6,65.9,Pass,D
STU-2026-12524,Private,Suburban,Male,High School,Yes,No,No,23.6,67.2,2.98,5.8,3.7,56.1,Fail,F
STU-2026-12525,Private,Suburban,Female,Bachelors,Yes,No,No,12.1,64.7,2.28,6.4,12.7,49.2,Fail,F
STU-2026-12526,Private,Urban,Female,Some College,Yes,Yes,No,23.5,89.6,2.45,7.5,9.9,55.9,Fail,F
STU-2026-12527,Public,Urban,Male,Bachelors,Yes,Yes,No,31.5,71.2,2.97,4.6,3.0,64.5,Pass,D
STU-2026-12528,Public,Suburban,Male,Some College,Yes,No,No,3.4,78.9,2.34,8.1,13.1,42.1,Fail,F
STU-2026-12529,Public,Suburban,Female,Bachelors,Yes,Yes,No,7.1,97.7,2.45,8.9,10.7,56.1,Fail,F
STU-2026-12530,Private,Suburban,Male,Some College,No,Yes,No,10.3,96.1,3.04,8.6,9.9,54.9,Fail,F
STU-2026-12531,Public,Urban,Female,Some College,Yes,No,No,26.9,89.5,2.35,6.9,11.7,58.4,Fail,F
STU-2026-12532,Private,Suburban,Male,Some College,Yes,No,No,21.5,61.6,2.97,7.0,12.3,61.6,Pass,D
STU-2026-12533,Private,Rural,Male,High School,Yes,Yes,No,24.2,98.4,1.71,7.6,7.5,59.4,Fail,F
STU-2026-12534,Charter,Urban,Female,Bachelors,No,No,No,19.3,71.0,3.49,9.4,9.2,70.5,Pass,C
STU-2026-12535,Private,Urban,Male,Bachelors,No,No,Yes,14.0,83.4,1.6,5.5,10.5,56.2,Fail,F
STU-2026-12536,Private,Suburban,Female,Bachelors,Yes,Yes,No,11.5,74.4,3.84,9.1,12.1,58.5,Fail,F
STU-2026-12537,Public,Suburban,Male,Bachelors,Yes,No,No,12.8,86.7,3.71,8.4,4.0,68.0,Pass,D
STU-2026-12538,Public,Urban,Female,Bachelors,No,Yes,No,20.4,84.2,3.96,7.4,4.8,77.8,Pass,C
STU-2026-12539,Private,Rural,Male,Bachelors,No,No,No,15.0,63.6,2.21,9.3,2.3,44.2,Fail,F
STU-2026-12540,Public,Urban,Male,Bachelors,Yes,Yes,No,31.3,75.1,3.15,5.9,14.4,72.5,Pass,C
STU-2026-12541,Public,Suburban,Female,Masters,Yes,No,No,12.6,97.4,3.49,9.4,3.8,70.6,Pass,C
STU-2026-12542,Private,Suburban,Female,Bachelors,Yes,Yes,Yes,4.5,73.5,2.57,8.4,2.8,56.0,Fail,F
STU-2026-12543,Charter,Suburban,Female,Some College,Yes,No,No,4.5,94.4,3.23,5.8,10.4,62.4,Pass,D
STU-2026-12544,Public,Rural,Male,Bachelors,No,Yes,Yes,14.5,89.4,3.08,7.1,3.4,73.0,Pass,C
STU-2026-12545,Public,Urban,Female,Some College,Yes,No,No,34.8,97.9,3.95,8.5,10.0,85.5,Pass,B
STU-2026-12546,Public,Suburban,Male,Some College,Yes,No,Yes,16.8,79.8,3.52,8.4,10.7,70.5,Pass,C
STU-2026-12547,Public,Suburban,Male,Some College,Yes,Yes,No,27.5,98.0,3.94,5.0,4.0,76.8,Pass,C
STU-2026-12548,Private,Urban,Male,Doctorate,No,Yes,Yes,3.6,85.3,1.79,6.4,9.2,59.3,Fail,F
STU-2026-12549,Public,Urban,Female,Some College,No,No,Yes,13.4,84.8,2.82,5.4,9.2,60.4,Pass,D
STU-2026-12550,Public,Urban,Male,Some College,Yes,No,No,24.0,86.6,3.24,6.3,13.5,72.0,Pass,C
STU-2026-12551,Private,Suburban,Female,Some College,Yes,No,Yes,19.0,80.7,3.63,9.2,2.0,68.5,Pass,D
STU-2026-12552,Public,Urban,Male,High School,Yes,No,No,5.5,74.5,2.93,5.0,0.3,55.1,Fail,F
STU-2026-12553,Charter,Rural,Male,Bachelors,Yes,No,No,13.1,97.2,3.25,8.2,12.3,72.5,Pass,C
STU-2026-12554,Private,Urban,Male,High School,Yes,No,No,33.6,61.6,2.66,6.6,10.6,63.0,Pass,D
STU-2026-12555,Private,Suburban,Female,Doctorate,Yes,Yes,No,29.2,90.3,2.08,5.3,2.4,65.8,Pass,D
STU-2026-12556,Private,Suburban,Female,Some College,Yes,No,No,10.0,64.8,3.46,6.7,11.8,58.2,Fail,F
STU-2026-12557,Private,Suburban,Male,Masters,Yes,No,No,17.2,87.1,1.67,7.4,3.4,58.7,Fail,F
STU-2026-12558,Private,Suburban,Female,Some College,Yes,Yes,Yes,24.3,70.7,3.28,8.6,7.2,67.4,Pass,D
STU-2026-12559,Private,Suburban,Male,Bachelors,No,Yes,No,20.3,82.4,3.73,5.9,5.6,70.3,Pass,C
STU-2026-12560,Public,Suburban,Male,Masters,Yes,Yes,No,30.7,98.3,1.64,7.5,3.6,69.2,Pass,D
STU-2026-12561,Private,Urban,Female,High School,Yes,No,Yes,13.2,90.9,1.96,7.9,1.0,54.6,Fail,F
STU-2026-12562,Charter,Urban,Male,High School,Yes,No,No,32.1,74.6,1.97,8.9,6.7,55.9,Fail,F
STU-2026-12563,Private,Rural,Female,Bachelors,Yes,No,No,27.0,75.6,3.13,7.3,6.0,72.3,Pass,C
STU-2026-12564,Public,Rural,Female,Some College,Yes,No,No,19.7,85.0,2.53,6.0,7.1,67.6,Pass,D
STU-2026-12565,Private,Suburban,Female,Some College,Yes,No,No,8.3,94.4,3.36,6.6,8.5,64.0,Pass,D
STU-2026-12566,Private,Suburban,Male,High School,Yes,No,Yes,16.1,65.2,3.35,9.4,1.4,60.2,Pass,D
STU-2026-12567,Public,Urban,Male,Some College,Yes,Yes,No,22.6,74.5,3.57,9.4,11.0,65.3,Pass,D
STU-2026-12568,Charter,Rural,Female,Some College,Yes,No,Yes,34.3,67.6,2.94,9.3,0.3,76.3,Pass,C
STU-2026-12569,Private,Urban,Female,High School,Yes,No,No,9.1,96.0,2.77,7.7,9.5,56.7,Fail,F
STU-2026-12570,Public,Urban,Female,Bachelors,Yes,Yes,No,18.7,74.5,1.7,7.5,14.9,52.3,Fail,F
STU-2026-12571,Private,Suburban,Male,Some College,Yes,Yes,No,13.3,83.6,2.42,6.6,9.2,54.9,Fail,F
STU-2026-12572,Public,Urban,Male,Bachelors,Yes,Yes,No,19.2,68.3,3.93,4.7,8.4,72.3,Pass,C
STU-2026-12573,Public,Suburban,Male,High School,Yes,Yes,No,4.7,79.2,3.26,6.5,5.3,47.6,Fail,F
STU-2026-12574,Public,Suburban,Female,Bachelors,Yes,No,Yes,20.6,71.0,3.76,9.2,7.8,72.4,Pass,C
STU-2026-12575,Public,Suburban,Male,Bachelors,Yes,No,Yes,24.1,85.9,3.84,5.7,12.9,86.1,Pass,B
STU-2026-12576,Private,Suburban,Female,Some College,Yes,No,No,18.8,98.9,3.95,4.6,13.3,75.3,Pass,C
STU-2026-12577,Public,Suburban,Male,High School,Yes,No,No,34.2,98.8,3.85,5.8,6.8,82.0,Pass,B
STU-2026-12578,Public,Suburban,Female,Masters,Yes,No,No,23.4,67.2,2.61,7.7,5.4,63.4,Pass,D
STU-2026-12579,Public,Suburban,Male,Some College,Yes,Yes,Yes,7.2,61.4,2.75,7.2,0.1,56.4,Fail,F
STU-2026-12580,Public,Urban,Male,Some College,Yes,Yes,Yes,21.4,63.3,3.56,8.5,13.6,65.4,Pass,D
STU-2026-12581,Charter,Suburban,Female,Masters,No,Yes,Yes,23.6,87.4,3.08,6.4,8.5,78.9,Pass,C
STU-2026-12582,Charter,Suburban,Female,Bachelors,Yes,No,No,26.9,90.5,1.62,4.9,2.5,51.4,Fail,F
STU-2026-12583,Public,Urban,Male,Doctorate,Yes,No,No,17.8,92.0,3.01,4.9,6.5,66.4,Pass,D
STU-2026-12584,Public,Urban,Male,Masters,Yes,Yes,No,2.4,92.4,1.88,9.4,2.5,51.3,Fail,F
STU-2026-12585,Public,Urban,Male,High School,Yes,Yes,No,12.4,85.0,3.91,5.8,9.3,65.5,Pass,D
STU-2026-12586,Public,Urban,Male,Masters,Yes,Yes,Yes,13.4,75.9,2.71,5.2,0.2,61.8,Pass,D
STU-2026-12587,Charter,Urban,Female,Bachelors,Yes,Yes,No,10.9,78.3,3.75,8.2,11.2,65.3,Pass,D
STU-2026-12588,Private,Urban,Female,Bachelors,Yes,No,No,21.1,90.7,2.27,5.8,10.2,62.8,Pass,D
STU-2026-12589,Public,Urban,Male,High School,Yes,Yes,No,2.7,90.0,3.29,6.0,7.9,58.2,Fail,F
STU-2026-12590,Private,Urban,Female,Some College,No,Yes,No,17.7,67.3,3.78,8.8,6.2,63.1,Pass,D
STU-2026-12591,Public,Urban,Male,Masters,No,No,No,3.8,72.1,2.13,4.9,2.9,38.1,Fail,F
STU-2026-12592,Private,Urban,Male,Some College,Yes,Yes,Yes,3.6,63.4,2.34,6.2,1.9,50.3,Fail,F
STU-2026-12593,Private,Rural,Male,Bachelors,Yes,No,No,29.6,75.0,1.8,7.9,14.6,64.9,Pass,D
STU-2026-12594,Public,Urban,Female,High School,Yes,No,No,29.5,66.1,1.74,8.7,13.8,50.5,Fail,F
STU-2026-12595,Public,Rural,Female,Bachelors,Yes,Yes,No,5.8,67.3,1.68,7.0,2.0,42.2,Fail,F
STU-2026-12596,Public,Urban,Male,Bachelors,Yes,No,Yes,26.3,81.0,2.61,8.9,5.4,63.0,Pass,D
STU-2026-12597,Private,Urban,Female,Bachelors,Yes,No,Yes,21.9,76.4,1.73,7.1,8.8,58.7,Fail,F
STU-2026-12598,Charter,Urban,Female,Bachelors,Yes,Yes,No,11.6,87.4,2.75,5.4,9.4,54.9,Fail,F
STU-2026-12599,Public,Urban,Male,Bachelors,Yes,No,Yes,5.6,83.0,2.29,4.7,0.0,57.0,Fail,F
STU-2026-12600,Public,Suburban,Female,Some College,Yes,Yes,No,26.2,60.6,3.47,7.5,13.6,61.5,Pass,D
STU-2026-12601,Private,Urban,Male,High School,Yes,Yes,Yes,27.3,99.4,2.84,5.0,8.1,76.0,Pass,C
STU-2026-12602,Public,Urban,Male,Masters,Yes,Yes,No,11.6,96.4,2.13,8.2,11.1,61.0,Pass,D
STU-2026-12603,Public,Urban,Male,Doctorate,Yes,No,Yes,26.7,93.9,3.56,8.3,8.7,86.2,Pass,B
STU-2026-12604,Public,Rural,Female,Masters,Yes,No,No,3.4,81.4,1.52,8.7,14.4,47.6,Fail,F
STU-2026-12605,Private,Suburban,Male,Some College,Yes,Yes,No,27.5,99.4,2.67,8.5,2.8,62.9,Pass,D
STU-2026-12606,Private,Suburban,Male,Some College,Yes,No,No,34.3,91.7,1.56,8.3,7.5,62.2,Pass,D
STU-2026-12607,Public,Urban,Male,High School,Yes,No,Yes,9.5,76.6,3.69,8.6,8.9,67.1,Pass,D
STU-2026-12608,Private,Suburban,Male,Some College,Yes,No,Yes,32.6,88.8,2.79,6.4,13.4,72.8,Pass,C
STU-2026-12609,Public,Suburban,Female,Bachelors,Yes,No,No,30.8,78.0,1.62,4.9,1.2,56.0,Fail,F
STU-2026-12610,Charter,Rural,Female,High School,Yes,Yes,No,21.0,64.7,2.32,8.9,10.0,51.2,Fail,F
STU-2026-12611,Public,Urban,Female,Some College,Yes,No,No,6.8,80.1,3.43,9.4,5.3,58.8,Fail,F
STU-2026-12612,Private,Suburban,Female,Bachelors,Yes,No,No,30.5,83.9,3.89,6.5,9.7,87.3,Pass,B
STU-2026-12613,Public,Urban,Male,Bachelors,Yes,No,Yes,3.9,73.6,2.17,9.4,13.3,51.1,Fail,F
STU-2026-12614,Charter,Rural,Female,Some College,Yes,Yes,No,16.6,96.3,1.54,6.4,11.5,57.7,Fail,F
STU-2026-12615,Private,Suburban,Female,Masters,Yes,Yes,No,4.4,73.4,2.97,6.7,0.3,57.4,Fail,F
STU-2026-12616,Charter,Urban,Female,High School,Yes,Yes,Yes,8.2,89.7,1.76,5.1,1.6,47.9,Fail,F
STU-2026-12617,Private,Urban,Male,Bachelors,No,Yes,No,18.5,76.2,3.62,8.6,12.7,62.7,Pass,D
STU-2026-12618,Public,Suburban,Male,Some College,Yes,No,Yes,17.1,63.8,2.81,9.3,4.2,59.4,Fail,F
STU-2026-12619,Public,Suburban,Male,High School,Yes,Yes,Yes,13.7,62.5,2.09,7.3,11.5,44.4,Fail,F
STU-2026-12620,Public,Suburban,Female,Bachelors,Yes,Yes,No,23.9,60.0,2.84,7.6,6.3,57.4,Fail,F
STU-2026-12621,Public,Urban,Female,Masters,Yes,Yes,Yes,24.9,90.2,3.86,8.6,12.4,91.9,Pass,A
STU-2026-12622,Public,Rural,Female,Doctorate,Yes,No,No,32.9,66.1,2.89,6.5,6.0,75.7,Pass,C
STU-2026-12623,Private,Suburban,Male,High School,No,Yes,No,30.1,81.5,3.82,6.7,9.4,74.5,Pass,C
STU-2026-12624,Public,Urban,Female,Some College,Yes,Yes,No,6.6,69.6,3.68,9.0,6.9,49.5,Fail,F
STU-2026-12625,Public,Urban,Female,Bachelors,Yes,Yes,No,25.8,78.5,2.02,9.4,4.7,55.6,Fail,F
STU-2026-12626,Private,Suburban,Female,Masters,Yes,No,Yes,11.1,78.4,2.42,6.5,6.8,67.3,Pass,D
STU-2026-12627,Private,Urban,Female,Bachelors,Yes,Yes,No,29.7,64.1,3.07,7.8,13.3,70.5,Pass,C
STU-2026-12628,Public,Urban,Female,Bachelors,Yes,Yes,Yes,6.0,91.2,3.92,4.7,6.0,73.4,Pass,C
STU-2026-12629,Public,Rural,Male,Bachelors,Yes,Yes,No,21.2,61.4,3.89,7.4,12.7,70.2,Pass,C
STU-2026-12630,Public,Suburban,Male,Bachelors,Yes,No,No,16.9,91.8,3.99,9.1,8.1,69.9,Pass,D
STU-2026-12631,Public,Rural,Male,Some College,Yes,Yes,No,20.5,96.4,2.45,7.9,1.0,63.3,Pass,D
STU-2026-12632,Private,Rural,Female,High School,Yes,Yes,Yes,7.6,75.7,3.83,5.6,11.0,62.5,Pass,D
STU-2026-12633,Public,Suburban,Male,High School,No,No,No,19.9,63.5,1.86,6.5,3.8,48.1,Fail,F
STU-2026-12634,Public,Rural,Female,Some College,No,Yes,No,25.4,83.7,2.87,8.4,11.5,70.6,Pass,C
STU-2026-12635,Private,Suburban,Female,Bachelors,Yes,No,No,27.3,75.0,2.13,6.9,14.2,57.3,Fail,F
STU-2026-12636,Public,Suburban,Female,Doctorate,Yes,Yes,No,25.5,86.6,3.02,8.4,3.4,72.5,Pass,C
STU-2026-12637,Public,Urban,Female,Some College,Yes,Yes,No,14.7,65.7,2.48,6.0,2.7,50.9,Fail,F
STU-2026-12638,Public,Suburban,Female,Masters,Yes,Yes,Yes,4.8,79.2,2.24,8.8,2.9,61.2,Pass,D
STU-2026-12639,Public,Urban,Female,High School,Yes,Yes,No,11.2,78.6,2.78,5.8,9.4,55.5,Fail,F
STU-2026-12640,Public,Urban,Female,Masters,Yes,Yes,No,30.3,61.1,1.9,7.3,5.7,54.9,Fail,F
STU-2026-12641,Private,Suburban,Male,Doctorate,Yes,No,No,2.7,66.3,1.68,7.8,3.4,44.8,Fail,F
STU-2026-12642,Public,Suburban,Female,High School,Yes,Yes,Yes,24.8,95.2,3.11,4.6,14.6,76.0,Pass,C
STU-2026-12643,Private,Rural,Female,Some College,No,No,Yes,32.6,79.0,3.78,7.3,8.6,73.5,Pass,C
STU-2026-12644,Public,Rural,Male,Bachelors,No,Yes,No,11.7,72.6,2.59,7.7,1.3,56.0,Fail,F
STU-2026-12645,Public,Urban,Male,Some College,Yes,No,No,27.3,97.7,3.37,6.5,7.4,75.2,Pass,C
STU-2026-12646,Charter,Suburban,Female,Masters,Yes,Yes,No,2.4,91.4,2.32,9.0,12.7,52.1,Fail,F
STU-2026-12647,Public,Suburban,Male,Some College,No,Yes,No,31.0,61.7,1.58,5.8,10.8,48.0,Fail,F
STU-2026-12648,Charter,Urban,Male,Bachelors,Yes,Yes,No,21.6,73.9,2.19,9.3,3.7,55.6,Fail,F
STU-2026-12649,Private,Urban,Male,Bachelors,Yes,Yes,Yes,14.4,80.6,1.68,6.2,9.0,56.3,Fail,F
STU-2026-12650,Public,Rural,Male,Bachelors,Yes,Yes,No,17.1,67.0,2.77,7.3,9.1,54.7,Fail,F
STU-2026-12651,Public,Rural,Male,Masters,Yes,Yes,Yes,32.8,82.6,2.75,7.7,4.5,78.1,Pass,C
STU-2026-12652,Private,Suburban,Female,Masters,Yes,Yes,No,4.0,82.3,3.05,6.2,0.8,53.4,Fail,F
STU-2026-12653,Charter,Rural,Female,Bachelors,Yes,Yes,Yes,32.1,78.5,2.22,6.8,10.3,66.9,Pass,D
STU-2026-12654,Private,Suburban,Male,Masters,Yes,Yes,No,12.8,97.9,2.44,4.9,14.0,58.4,Fail,F
STU-2026-12655,Private,Urban,Male,Some College,Yes,Yes,No,20.4,63.3,3.45,7.7,4.1,65.8,Pass,D
STU-2026-12656,Public,Urban,Female,Some College,Yes,No,No,8.0,71.9,1.99,7.4,4.9,48.1,Fail,F
STU-2026-12657,Private,Urban,Male,Bachelors,Yes,Yes,No,24.0,98.6,3.23,9.0,0.2,75.6,Pass,C
STU-2026-12658,Private,Suburban,Female,Doctorate,Yes,Yes,No,11.2,86.8,1.93,7.0,1.1,58.5,Fail,F
STU-2026-12659,Private,Urban,Female,Some College,Yes,No,No,17.6,60.4,1.75,5.8,10.5,50.2,Fail,F
STU-2026-12660,Private,Urban,Male,Masters,Yes,No,No,15.8,99.7,3.84,7.3,7.2,79.3,Pass,C
STU-2026-12661,Private,Rural,Female,Doctorate,Yes,Yes,No,7.8,81.1,3.45,7.3,12.4,68.6,Pass,D
STU-2026-12662,Private,Urban,Female,Masters,Yes,Yes,No,27.8,62.1,2.93,8.0,4.0,64.6,Pass,D
STU-2026-12663,Public,Urban,Female,Bachelors,Yes,No,No,31.0,80.9,3.64,6.2,3.6,74.9,Pass,C
STU-2026-12664,Public,Suburban,Female,High School,Yes,No,No,28.8,94.7,2.42,9.0,9.1,66.2,Pass,D
STU-2026-12665,Public,Rural,Male,Bachelors,Yes,No,Yes,20.1,81.0,3.12,5.3,4.3,76.6,Pass,C
STU-2026-12666,Public,Urban,Male,Masters,No,Yes,Yes,7.3,90.6,2.25,8.1,3.9,64.6,Pass,D
STU-2026-12667,Private,Urban,Female,Bachelors,Yes,Yes,Yes,30.7,83.0,3.02,5.7,14.3,74.0,Pass,C
STU-2026-12668,Charter,Urban,Female,Bachelors,Yes,No,Yes,17.1,99.3,3.7,4.9,13.2,78.5,Pass,C
STU-2026-12669,Public,Rural,Female,Masters,Yes,Yes,No,5.0,78.7,3.38,9.1,2.2,68.5,Pass,D
STU-2026-12670,Public,Rural,Male,Bachelors,Yes,No,No,24.0,74.2,2.17,8.4,1.8,57.7,Fail,F
STU-2026-12671,Public,Urban,Male,High School,Yes,Yes,Yes,4.0,78.7,2.81,6.4,8.9,57.1,Fail,F
STU-2026-12672,Private,Suburban,Female,High School,Yes,No,No,26.5,60.7,2.16,9.1,14.8,54.7,Fail,F
STU-2026-12673,Private,Rural,Female,High School,Yes,No,No,18.8,99.0,3.17,7.9,13.6,69.4,Pass,D
STU-2026-12674,Public,Suburban,Male,Masters,Yes,No,No,5.7,63.4,3.31,4.9,8.6,55.4,Fail,F
STU-2026-12675,Private,Suburban,Male,High School,Yes,No,Yes,11.6,79.7,3.22,7.8,4.5,60.0,Pass,D
STU-2026-12676,Public,Urban,Female,Some College,Yes,No,Yes,26.9,92.0,2.34,6.3,1.5,69.3,Pass,D
STU-2026-12677,Private,Urban,Female,Bachelors,No,Yes,No,24.2,60.2,2.69,6.1,14.4,52.4,Fail,F
STU-2026-12678,Private,Urban,Female,Some College,Yes,Yes,No,16.8,62.4,3.54,8.8,13.8,57.4,Fail,F
STU-2026-12679,Private,Urban,Male,Bachelors,Yes,Yes,Yes,30.9,64.4,1.84,8.5,0.5,57.8,Fail,F
STU-2026-12680,Public,Urban,Male,Some College,Yes,No,No,18.2,61.3,2.86,5.5,0.9,60.0,Pass,D
STU-2026-12681,Public,Suburban,Female,High School,Yes,No,No,19.4,80.6,1.5,7.2,3.4,41.4,Fail,F
STU-2026-12682,Public,Rural,Female,Some College,Yes,No,Yes,27.8,65.8,3.43,8.5,9.6,78.5,Pass,C
STU-2026-12683,Private,Suburban,Male,Bachelors,No,Yes,Yes,14.9,69.8,3.55,5.4,8.8,63.7,Pass,D
STU-2026-12684,Public,Suburban,Male,High School,Yes,No,Yes,17.4,63.8,3.19,5.7,1.3,63.0,Pass,D
STU-2026-12685,Public,Suburban,Female,Masters,Yes,No,Yes,31.7,74.6,2.74,6.4,12.2,80.2,Pass,B
STU-2026-12686,Public,Suburban,Male,Some College,Yes,Yes,No,5.4,67.2,3.9,8.3,0.7,62.4,Pass,D
STU-2026-12687,Private,Rural,Male,High School,Yes,No,No,13.5,65.6,2.48,8.2,3.3,49.1,Fail,F
STU-2026-12688,Charter,Suburban,Female,Masters,Yes,Yes,No,20.4,96.8,2.73,4.5,11.2,60.2,Pass,D
STU-2026-12689,Charter,Urban,Female,High School,Yes,No,No,10.5,79.4,2.84,8.1,14.7,51.1,Fail,F
STU-2026-12690,Private,Suburban,Male,Bachelors,Yes,Yes,Yes,16.0,81.1,2.56,9.1,2.8,63.7,Pass,D
STU-2026-12691,Public,Suburban,Female,Bachelors,Yes,Yes,No,31.6,83.7,1.64,8.5,12.5,57.5,Fail,F
STU-2026-12692,Private,Suburban,Female,High School,Yes,No,Yes,27.6,99.7,2.85,7.4,11.3,74.4,Pass,C
STU-2026-12693,Public,Rural,Female,Masters,Yes,Yes,No,4.1,79.6,2.42,5.0,2.3,53.9,Fail,F
STU-2026-12694,Public,Rural,Female,Some College,Yes,Yes,No,34.9,62.1,2.69,8.7,10.2,61.7,Pass,D
STU-2026-12695,Public,Urban,Male,Some College,Yes,Yes,No,24.0,74.1,3.23,6.4,10.7,68.9,Pass,D
STU-2026-12696,Private,Urban,Female,Some College,Yes,Yes,Yes,33.3,95.8,1.53,8.2,7.7,64.8,Pass,D
STU-2026-12697,Public,Urban,Female,Bachelors,Yes,Yes,Yes,15.7,70.6,3.63,7.6,5.7,74.3,Pass,C
STU-2026-12698,Private,Urban,Male,Masters,Yes,No,No,14.0,89.4,1.62,6.3,6.5,46.3,Fail,F
STU-2026-12699,Public,Suburban,Female,High School,Yes,No,No,12.7,81.7,2.37,8.7,8.5,56.6,Fail,F
STU-2026-12700,Private,Suburban,Male,Bachelors,Yes,No,No,21.8,96.7,2.7,9.1,12.0,68.9,Pass,D
STU-2026-12701,Public,Urban,Male,Some College,Yes,Yes,No,23.5,99.7,2.46,5.9,7.8,64.3,Pass,D
STU-2026-12702,Public,Suburban,Male,High School,No,Yes,No,34.9,98.4,3.07,5.6,11.1,70.6,Pass,C
STU-2026-12703,Private,Rural,Female,Some College,Yes,No,No,2.5,73.3,3.6,7.6,0.5,60.1,Pass,D
STU-2026-12704,Public,Suburban,Male,High School,Yes,Yes,Yes,7.2,93.5,2.37,7.7,9.8,51.5,Fail,F
STU-2026-12705,Private,Suburban,Male,Doctorate,Yes,No,Yes,21.2,68.2,2.46,9.4,7.9,59.0,Fail,F
STU-2026-12706,Public,Urban,Female,Bachelors,No,Yes,Yes,9.0,64.8,1.82,4.8,0.2,48.3,Fail,F
STU-2026-12707,Private,Rural,Female,Some College,Yes,No,No,3.9,65.3,2.68,5.9,5.5,56.5,Fail,F
STU-2026-12708,Public,Urban,Female,Bachelors,Yes,Yes,No,32.7,91.9,1.97,5.4,14.0,63.6,Pass,D
STU-2026-12709,Private,Urban,Female,High School,No,No,No,33.6,69.4,2.24,5.7,6.9,57.3,Fail,F
STU-2026-12710,Public,Urban,Male,Some College,Yes,No,Yes,2.3,81.4,3.88,7.4,8.9,66.2,Pass,D
STU-2026-12711,Public,Urban,Male,Masters,Yes,No,No,8.7,97.1,3.36,7.5,10.0,66.5,Pass,D
STU-2026-12712,Charter,Urban,Female,Bachelors,Yes,Yes,Yes,33.8,71.8,2.32,4.9,1.9,75.5,Pass,C
STU-2026-12713,Private,Urban,Male,Bachelors,Yes,Yes,No,26.9,80.7,3.23,5.2,4.1,69.8,Pass,D
STU-2026-12714,Public,Urban,Male,Masters,Yes,Yes,No,33.9,74.3,2.96,7.5,9.4,71.4,Pass,C
STU-2026-12715,Public,Urban,Female,Bachelors,Yes,No,Yes,29.0,60.2,3.58,9.2,6.7,78.2,Pass,C
STU-2026-12716,Private,Urban,Male,Bachelors,Yes,No,Yes,27.8,93.0,1.67,4.6,10.0,55.7,Fail,F
STU-2026-12717,Public,Urban,Male,Some College,Yes,No,No,11.1,61.4,3.55,5.1,10.9,52.5,Fail,F
STU-2026-12718,Private,Rural,Male,High School,Yes,No,No,21.7,61.7,2.49,8.1,1.7,55.7,Fail,F
STU-2026-12719,Public,Rural,Male,Some College,Yes,Yes,No,2.7,62.6,1.87,6.8,14.3,35.1,Fail,F
STU-2026-12720,Public,Suburban,Female,Some College,Yes,Yes,Yes,15.3,82.5,1.62,7.5,4.6,54.1,Fail,F
STU-2026-12721,Charter,Urban,Male,Bachelors,Yes,No,Yes,3.3,93.4,3.45,7.3,8.6,65.9,Pass,D
STU-2026-12722,Public,Suburban,Male,High School,Yes,No,Yes,4.1,100.0,3.28,8.7,9.0,67.0,Pass,D
STU-2026-12723,Public,Suburban,Female,Some College,Yes,No,No,27.9,96.3,2.94,5.1,6.9,71.4,Pass,C
STU-2026-12724,Private,Urban,Female,High School,Yes,Yes,No,3.7,90.2,1.95,6.3,4.2,49.0,Fail,F
STU-2026-12725,Private,Suburban,Male,Some College,Yes,No,Yes,24.5,61.2,1.92,8.9,11.1,60.4,Pass,D
STU-2026-12726,Public,Suburban,Male,Bachelors,No,Yes,Yes,10.8,90.1,3.58,7.3,4.8,73.3,Pass,C
STU-2026-12727,Charter,Suburban,Female,High School,Yes,Yes,No,23.7,73.0,3.39,4.9,11.5,60.1,Pass,D
STU-2026-12728,Charter,Urban,Male,Bachelors,Yes,Yes,Yes,34.2,90.0,2.65,5.7,13.0,80.7,Pass,B
STU-2026-12729,Public,Rural,Male,Bachelors,Yes,No,No,17.5,91.7,1.79,5.1,13.3,57.7,Fail,F
STU-2026-12730,Private,Rural,Male,High School,No,No,No,10.3,97.5,2.99,9.2,8.7,49.4,Fail,F
STU-2026-12731,Public,Urban,Male,Bachelors,Yes,Yes,Yes,14.8,97.7,2.45,8.2,9.5,61.4,Pass,D
STU-2026-12732,Private,Suburban,Female,Bachelors,Yes,Yes,Yes,30.0,82.4,3.78,6.9,10.0,85.5,Pass,B
STU-2026-12733,Public,Suburban,Female,Some College,Yes,No,No,8.1,76.5,2.81,4.7,13.9,53.2,Fail,F
STU-2026-12734,Public,Urban,Male,Masters,Yes,Yes,Yes,25.7,87.7,3.28,6.5,7.8,84.7,Pass,B
STU-2026-12735,Public,Urban,Male,Some College,Yes,Yes,Yes,14.8,77.2,3.01,7.2,6.4,64.9,Pass,D
STU-2026-12736,Private,Suburban,Female,High School,Yes,No,No,5.0,99.1,3.45,5.8,7.0,59.0,Fail,F
STU-2026-12737,Public,Urban,Male,Doctorate,Yes,Yes,Yes,14.2,64.7,3.65,7.1,7.9,71.3,Pass,C
STU-2026-12738,Public,Rural,Female,Doctorate,No,Yes,Yes,12.3,64.2,2.44,7.4,9.3,56.1,Fail,F
STU-2026-12739,Private,Urban,Female,Bachelors,Yes,Yes,No,29.8,93.1,2.07,8.0,10.2,62.7,Pass,D
STU-2026-12740,Public,Suburban,Male,High School,Yes,Yes,Yes,20.0,92.2,1.79,7.6,5.3,59.4,Fail,F
STU-2026-12741,Public,Rural,Female,High School,Yes,Yes,No,19.0,67.6,3.48,4.6,3.6,60.3,Pass,D
STU-2026-12742,Public,Urban,Female,Bachelors,Yes,Yes,No,8.9,92.0,2.82,5.9,7.4,64.4,Pass,D
STU-2026-12743,Public,Suburban,Male,Bachelors,No,Yes,No,23.6,72.9,1.63,7.8,12.8,43.7,Fail,F
STU-2026-12744,Public,Suburban,Male,High School,Yes,No,Yes,24.1,70.3,3.77,4.9,3.6,79.9,Pass,C
STU-2026-12745,Public,Suburban,Female,Masters,Yes,No,Yes,20.0,76.1,1.65,5.9,12.8,56.1,Fail,F
STU-2026-12746,Public,Urban,Male,Bachelors,Yes,Yes,No,13.6,74.8,3.32,6.6,6.5,54.2,Fail,F
STU-2026-12747,Private,Rural,Male,Doctorate,Yes,Yes,Yes,12.2,95.8,3.5,7.4,6.9,76.5,Pass,C
STU-2026-12748,Public,Suburban,Male,Some College,Yes,No,Yes,31.9,61.8,2.22,7.1,14.8,67.4,Pass,D
STU-2026-12749,Private,Suburban,Female,Some College,Yes,No,No,17.8,88.9,2.32,9.0,2.5,58.8,Fail,F
STU-2026-12750,Private,Rural,Male,Some College,Yes,No,No,25.4,62.1,2.69,5.1,4.4,58.0,Fail,F
STU-2026-12751,Public,Rural,Male,Bachelors,Yes,Yes,Yes,16.1,88.8,1.73,6.8,5.4,58.5,Fail,F
STU-2026-12752,Private,Suburban,Female,High School,Yes,Yes,No,24.9,72.2,3.03,5.4,6.4,62.4,Pass,D
STU-2026-12753,Private,Suburban,Male,Bachelors,No,Yes,No,8.2,72.7,2.07,7.1,11.5,45.9,Fail,F
STU-2026-12754,Public,Suburban,Female,Masters,Yes,No,No,17.3,91.5,2.12,6.5,12.0,58.7,Fail,F
STU-2026-12755,Charter,Urban,Male,Some College,Yes,Yes,No,19.8,75.6,2.47,6.1,4.4,62.0,Pass,D
STU-2026-12756,Public,Suburban,Male,Masters,Yes,Yes,Yes,13.8,69.2,3.19,8.1,12.1,71.4,Pass,C
STU-2026-12757,Public,Rural,Female,Bachelors,Yes,No,No,23.8,64.7,3.06,8.4,13.7,58.5,Fail,F
STU-2026-12758,Private,Urban,Female,Some College,Yes,No,No,3.8,90.0,1.78,7.4,4.6,48.7,Fail,F
STU-2026-12759,Public,Urban,Male,Bachelors,No,Yes,No,28.6,65.5,3.71,9.1,11.6,66.5,Pass,D
STU-2026-12760,Charter,Suburban,Female,High School,Yes,No,No,18.2,99.2,3.36,6.4,3.9,63.1,Pass,D
STU-2026-12761,Public,Rural,Male,High School,Yes,Yes,No,6.6,79.5,1.88,4.7,14.6,36.5,Fail,F
STU-2026-12762,Private,Urban,Female,Some College,Yes,Yes,No,33.9,65.2,2.7,5.0,7.7,65.5,Pass,D
STU-2026-12763,Public,Suburban,Male,Bachelors,No,Yes,No,32.0,98.2,3.2,8.0,9.3,80.3,Pass,B
STU-2026-12764,Public,Urban,Male,Masters,Yes,No,No,34.6,61.5,1.99,7.3,0.2,62.9,Pass,D
STU-2026-12765,Private,Urban,Female,High School,Yes,Yes,Yes,8.3,90.4,3.6,9.3,3.3,65.4,Pass,D
STU-2026-12766,Private,Suburban,Male,Some College,Yes,Yes,No,24.8,95.4,3.45,4.8,14.0,74.3,Pass,C
STU-2026-12767,Private,Urban,Male,Some College,Yes,Yes,No,8.7,73.4,2.25,5.8,12.0,46.2,Fail,F
STU-2026-12768,Public,Rural,Female,Some College,Yes,No,Yes,17.7,66.4,2.33,5.0,11.6,58.9,Fail,F
STU-2026-12769,Public,Urban,Female,High School,Yes,No,No,30.2,72.2,2.74,6.6,9.4,60.5,Pass,D
STU-2026-12770,Private,Suburban,Male,Masters,Yes,Yes,No,18.0,69.2,2.91,6.6,5.8,65.9,Pass,D
STU-2026-12771,Private,Urban,Male,High School,Yes,Yes,No,25.7,69.0,2.0,6.3,8.8,46.1,Fail,F
STU-2026-12772,Public,Urban,Male,Bachelors,Yes,No,No,7.7,74.4,3.43,8.3,7.3,57.7,Fail,F
STU-2026-12773,Public,Suburban,Female,Bachelors,Yes,Yes,No,31.0,95.5,3.16,6.3,4.1,73.7,Pass,C
STU-2026-12774,Public,Urban,Female,High School,Yes,No,No,33.1,86.4,3.11,8.7,5.5,78.6,Pass,C
STU-2026-12775,Private,Suburban,Male,Bachelors,Yes,Yes,No,21.0,62.9,1.96,8.2,2.1,52.5,Fail,F
STU-2026-12776,Charter,Suburban,Female,High School,Yes,No,No,12.2,61.9,3.45,7.6,4.0,58.1,Fail,F
STU-2026-12777,Private,Urban,Male,High School,Yes,No,No,34.5,62.9,2.67,8.2,6.5,53.5,Fail,F
STU-2026-12778,Public,Suburban,Male,Some College,Yes,No,No,15.8,67.5,3.55,7.2,6.5,66.5,Pass,D
STU-2026-12779,Private,Rural,Female,Doctorate,Yes,No,Yes,6.2,87.5,3.04,5.8,9.4,61.4,Pass,D
STU-2026-12780,Public,Suburban,Female,Masters,Yes,Yes,Yes,12.0,75.4,3.12,6.6,1.6,71.4,Pass,C
STU-2026-12781,Private,Suburban,Male,Some College,Yes,Yes,No,8.5,71.9,1.91,6.4,3.3,41.4,Fail,F
STU-2026-12782,Public,Urban,Male,Masters,Yes,Yes,No,31.3,64.0,3.99,8.5,12.2,78.8,Pass,C
STU-2026-12783,Private,Urban,Female,High School,Yes,Yes,No,4.2,92.5,1.64,5.7,14.3,39.0,Fail,F
STU-2026-12784,Charter,Suburban,Male,Doctorate,Yes,Yes,No,14.5,89.0,3.78,6.2,6.4,77.2,Pass,C
STU-2026-12785,Public,Suburban,Male,Some College,Yes,Yes,Yes,23.9,66.6,3.25,8.2,11.4,65.6,Pass,D
STU-2026-12786,Public,Suburban,Male,High School,Yes,No,Yes,24.7,84.9,2.88,5.1,10.1,68.6,Pass,D
STU-2026-12787,Private,Suburban,Female,Masters,No,Yes,No,18.7,94.9,2.44,5.6,10.0,56.0,Fail,F
STU-2026-12788,Public,Suburban,Female,High School,Yes,Yes,Yes,25.0,66.2,2.29,7.3,12.4,63.0,Pass,D
STU-2026-12789,Public,Suburban,Male,Masters,Yes,Yes,Yes,19.6,84.5,3.78,6.6,9.2,74.9,Pass,C
STU-2026-12790,Charter,Suburban,Male,Masters,Yes,Yes,No,27.2,99.2,2.39,8.3,11.8,69.5,Pass,D
STU-2026-12791,Private,Urban,Male,Some College,Yes,Yes,No,9.5,68.4,3.64,6.7,10.1,57.1,Fail,F
STU-2026-12792,Public,Urban,Female,Bachelors,Yes,Yes,No,19.1,78.5,1.57,5.7,3.9,47.9,Fail,F
STU-2026-12793,Public,Suburban,Male,Masters,Yes,No,No,26.1,90.5,3.2,6.1,0.7,76.3,Pass,C
STU-2026-12794,Public,Urban,Female,Bachelors,Yes,Yes,Yes,26.4,73.3,2.51,6.6,11.7,63.7,Pass,D
STU-2026-12795,Private,Urban,Male,Bachelors,Yes,No,Yes,34.0,87.3,3.98,7.3,5.2,83.3,Pass,B
STU-2026-12796,Charter,Suburban,Female,High School,Yes,No,Yes,29.7,82.2,3.57,6.5,13.4,80.9,Pass,B
STU-2026-12797,Public,Rural,Male,Masters,Yes,No,No,32.2,96.7,2.31,5.7,0.4,73.6,Pass,C
STU-2026-12798,Public,Urban,Female,Some College,Yes,No,No,8.4,60.0,3.75,5.9,14.9,50.7,Fail,F
STU-2026-12799,Public,Urban,Female,Masters,Yes,Yes,No,30.1,89.1,2.87,5.3,1.4,76.4,Pass,C
STU-2026-12800,Public,Rural,Male,Doctorate,Yes,Yes,No,7.2,94.0,2.64,4.7,4.6,65.5,Pass,D
STU-2026-12801,Private,Suburban,Male,Masters,No,Yes,No,3.0,84.2,3.83,6.7,10.2,60.1,Pass,D
STU-2026-12802,Charter,Urban,Male,Bachelors,Yes,Yes,No,11.3,87.3,1.94,7.7,9.6,51.5,Fail,F
STU-2026-12803,Private,Urban,Male,Masters,Yes,No,No,31.6,91.1,3.71,9.1,9.7,78.8,Pass,C
STU-2026-12804,Public,Rural,Male,Masters,No,No,No,2.9,98.8,3.91,6.2,10.1,65.1,Pass,D
STU-2026-12805,Public,Urban,Male,Masters,Yes,No,No,7.7,85.4,2.07,4.6,7.7,55.1,Fail,F
STU-2026-12806,Public,Suburban,Male,Some College,No,Yes,No,21.0,77.5,3.91,8.8,10.5,65.9,Pass,D
STU-2026-12807,Private,Suburban,Male,Bachelors,Yes,Yes,Yes,13.2,94.4,3.75,7.5,7.1,83.0,Pass,B
STU-2026-12808,Private,Urban,Male,High School,Yes,No,No,10.1,63.1,2.79,5.6,12.0,49.1,Fail,F
STU-2026-12809,Public,Urban,Female,Some College,No,Yes,No,5.9,85.2,3.47,6.1,1.6,57.1,Fail,F
STU-2026-12810,Private,Urban,Female,Bachelors,Yes,No,Yes,29.4,62.5,1.53,6.3,11.8,51.2,Fail,F
STU-2026-12811,Public,Suburban,Female,High School,Yes,No,No,10.7,82.1,2.54,8.5,12.2,43.7,Fail,F
STU-2026-12812,Public,Suburban,Male,Some College,Yes,Yes,No,3.3,85.8,2.28,9.3,12.4,48.4,Fail,F
STU-2026-12813,Public,Urban,Female,Some College,Yes,Yes,No,6.2,97.7,3.16,6.3,13.8,59.6,Fail,F
STU-2026-12814,Charter,Urban,Male,High School,Yes,No,No,8.2,82.8,3.98,4.5,12.2,64.9,Pass,D
STU-2026-12815,Charter,Urban,Female,Some College,Yes,Yes,No,9.9,90.9,3.17,4.6,10.2,61.4,Pass,D
STU-2026-12816,Private,Urban,Female,High School,Yes,Yes,No,21.8,86.9,3.41,4.8,11.2,66.9,Pass,D
STU-2026-12817,Charter,Suburban,Male,Masters,Yes,No,Yes,2.0,69.2,3.1,9.2,9.2,56.7,Fail,F
STU-2026-12818,Public,Urban,Female,Some College,Yes,No,No,34.4,73.8,3.03,7.9,11.0,69.9,Pass,D
STU-2026-12819,Public,Suburban,Female,Some College,Yes,No,No,16.5,98.1,2.76,5.2,0.0,65.8,Pass,D
STU-2026-12820,Public,Urban,Male,Some College,Yes,Yes,No,25.3,63.4,2.03,6.8,0.5,56.8,Fail,F
STU-2026-12821,Private,Suburban,Female,High School,Yes,Yes,Yes,10.0,99.6,3.29,6.4,14.6,58.0,Fail,F
STU-2026-12822,Public,Suburban,Male,Some College,Yes,Yes,Yes,32.2,98.5,3.03,5.4,9.3,77.3,Pass,C
STU-2026-12823,Private,Suburban,Male,High School,No,No,No,28.5,89.8,1.59,6.1,12.3,56.1,Fail,F
STU-2026-12824,Private,Suburban,Male,Some College,Yes,No,Yes,30.3,99.6,2.57,4.8,3.6,80.2,Pass,B
STU-2026-12825,Private,Urban,Male,Bachelors,Yes,No,No,18.1,70.5,1.8,5.1,12.9,54.9,Fail,F
STU-2026-12826,Public,Urban,Female,Some College,Yes,No,No,12.7,83.7,2.97,6.8,1.8,56.5,Fail,F
STU-2026-12827,Public,Suburban,Male,Some College,Yes,Yes,No,18.7,98.1,2.28,6.9,10.6,65.1,Pass,D
STU-2026-12828,Public,Urban,Male,High School,Yes,Yes,No,26.9,69.9,2.45,8.6,10.7,52.6,Fail,F
STU-2026-12829,Private,Suburban,Female,High School,Yes,No,No,20.5,80.2,2.64,8.6,8.2,56.2,Fail,F
STU-2026-12830,Public,Urban,Female,Bachelors,Yes,Yes,Yes,34.6,65.8,3.01,8.0,11.6,78.1,Pass,C
STU-2026-12831,Public,Suburban,Male,Bachelors,No,Yes,No,14.0,63.0,3.57,7.5,7.1,55.1,Fail,F
STU-2026-12832,Public,Suburban,Female,Bachelors,Yes,Yes,No,28.1,68.1,3.15,5.9,12.6,72.7,Pass,C
STU-2026-12833,Private,Urban,Female,Some College,Yes,Yes,No,19.4,76.8,3.57,5.0,3.3,66.7,Pass,D
STU-2026-12834,Private,Suburban,Female,Bachelors,No,Yes,No,12.2,73.8,3.34,6.0,13.1,59.4,Fail,F
STU-2026-12835,Public,Suburban,Male,Bachelors,Yes,Yes,No,24.0,82.3,2.4,7.3,4.3,58.8,Fail,F
STU-2026-12836,Public,Urban,Female,Some College,Yes,No,No,26.6,73.6,2.77,7.8,10.3,67.5,Pass,D
STU-2026-12837,Public,Urban,Male,Bachelors,Yes,Yes,Yes,13.4,67.5,2.59,7.0,13.3,66.4,Pass,D
STU-2026-12838,Public,Suburban,Female,Some College,Yes,No,No,28.7,82.1,2.68,7.7,10.9,72.6,Pass,C
STU-2026-12839,Public,Suburban,Female,Some College,Yes,No,Yes,33.0,83.5,3.06,5.9,0.4,75.4,Pass,C
STU-2026-12840,Public,Urban,Female,Bachelors,Yes,Yes,Yes,14.0,84.5,1.58,5.9,9.0,52.5,Fail,F
STU-2026-12841,Public,Suburban,Female,Masters,Yes,Yes,Yes,32.3,76.2,3.89,7.8,0.6,80.5,Pass,B
STU-2026-12842,Private,Urban,Male,Some College,Yes,Yes,Yes,6.3,91.8,2.15,6.8,12.5,66.7,Pass,D
STU-2026-12843,Public,Urban,Female,Some College,Yes,Yes,No,8.4,96.8,1.82,7.3,5.8,45.3,Fail,F
STU-2026-12844,Public,Rural,Male,Bachelors,Yes,Yes,No,20.7,96.7,2.94,4.7,13.8,63.6,Pass,D
STU-2026-12845,Public,Rural,Male,Some College,Yes,Yes,No,24.2,71.8,2.43,8.1,7.4,56.6,Fail,F
STU-2026-12846,Public,Rural,Male,Masters,Yes,Yes,No,7.5,92.7,3.75,9.3,5.2,70.0,Pass,C
STU-2026-12847,Public,Suburban,Female,Bachelors,Yes,Yes,No,7.8,71.0,2.3,9.1,13.5,44.1,Fail,F
STU-2026-12848,Private,Rural,Female,Masters,Yes,Yes,No,8.2,86.7,3.05,8.6,11.0,59.4,Fail,F
STU-2026-12849,Public,Urban,Female,High School,Yes,Yes,No,5.9,80.6,2.52,8.7,14.9,46.6,Fail,F
STU-2026-12850,Public,Suburban,Male,Bachelors,Yes,Yes,No,14.1,92.0,1.71,6.6,10.7,57.1,Fail,F
STU-2026-12851,Public,Urban,Female,Some College,Yes,Yes,No,14.5,87.4,3.57,8.4,5.5,61.9,Pass,D
STU-2026-12852,Public,Urban,Male,High School,Yes,Yes,Yes,6.0,61.7,1.62,8.9,7.4,45.0,Fail,F
STU-2026-12853,Public,Suburban,Female,Bachelors,Yes,No,Yes,27.1,84.0,3.04,6.3,14.6,79.9,Pass,C
STU-2026-12854,Public,Suburban,Female,Doctorate,Yes,Yes,No,27.4,81.9,3.07,8.4,13.2,66.7,Pass,D
STU-2026-12855,Public,Urban,Male,Some College,No,Yes,Yes,34.7,74.2,2.87,5.8,1.3,71.6,Pass,C
STU-2026-12856,Public,Urban,Male,Bachelors,Yes,No,No,7.4,82.4,2.33,7.8,11.4,54.2,Fail,F
STU-2026-12857,Public,Suburban,Male,Bachelors,No,Yes,No,34.6,88.2,2.09,6.2,7.7,64.3,Pass,D
STU-2026-12858,Private,Urban,Female,Bachelors,Yes,No,No,11.4,80.5,3.6,5.9,3.9,71.4,Pass,C
STU-2026-12859,Public,Urban,Female,Bachelors,Yes,No,Yes,13.1,65.1,3.2,8.3,7.1,66.8,Pass,D
STU-2026-12860,Private,Suburban,Female,High School,Yes,Yes,No,11.6,78.1,1.62,6.8,9.3,46.6,Fail,F
STU-2026-12861,Charter,Rural,Female,Masters,Yes,Yes,No,3.0,94.6,2.21,4.8,9.4,52.6,Fail,F
STU-2026-12862,Public,Suburban,Female,High School,No,No,No,20.1,87.6,1.66,4.7,9.0,49.1,Fail,F
STU-2026-12863,Private,Urban,Male,Masters,No,Yes,No,33.0,94.1,2.07,8.7,11.0,65.1,Pass,D
STU-2026-12864,Private,Urban,Male,Bachelors,Yes,Yes,No,29.0,68.7,2.09,7.2,5.0,61.1,Pass,D
STU-2026-12865,Private,Suburban,Female,Masters,Yes,No,No,15.5,96.7,1.65,6.7,13.2,53.8,Fail,F
STU-2026-12866,Public,Urban,Male,High School,Yes,Yes,No,33.7,80.8,3.51,8.2,13.8,72.7,Pass,C
STU-2026-12867,Private,Urban,Female,Some College,Yes,No,No,10.4,69.8,2.66,5.9,8.2,48.4,Fail,F
STU-2026-12868,Private,Rural,Male,Bachelors,No,No,No,34.1,61.8,3.22,7.9,5.9,70.5,Pass,C
STU-2026-12869,Public,Suburban,Female,Bachelors,Yes,Yes,No,34.5,84.4,1.88,8.8,2.3,72.3,Pass,C
STU-2026-12870,Public,Rural,Female,Bachelors,Yes,Yes,Yes,6.0,88.3,3.19,4.8,7.0,63.6,Pass,D
STU-2026-12871,Public,Urban,Female,Some College,Yes,Yes,Yes,3.9,85.2,1.57,7.1,4.8,47.4,Fail,F
STU-2026-12872,Charter,Urban,Male,Masters,Yes,Yes,No,30.1,92.3,3.39,7.5,1.8,76.0,Pass,C
STU-2026-12873,Private,Rural,Female,High School,Yes,No,Yes,34.3,78.5,3.85,7.9,5.2,79.5,Pass,C
STU-2026-12874,Public,Suburban,Female,Some College,Yes,Yes,No,3.9,63.3,3.17,4.5,11.4,47.1,Fail,F
STU-2026-12875,Public,Urban,Male,Masters,Yes,No,No,30.7,76.1,3.97,8.9,4.5,85.7,Pass,B
STU-2026-12876,Public,Suburban,Male,Masters,Yes,Yes,Yes,28.5,88.6,2.2,6.0,9.8,72.4,Pass,C
STU-2026-12877,Charter,Urban,Female,High School,Yes,Yes,No,19.1,87.9,2.15,7.4,5.9,52.1,Fail,F
STU-2026-12878,Charter,Urban,Male,Masters,Yes,Yes,No,3.5,74.3,3.36,8.3,0.1,54.1,Fail,F
STU-2026-12879,Private,Rural,Female,Some College,Yes,Yes,Yes,28.1,73.0,3.04,4.5,3.3,71.1,Pass,C
STU-2026-12880,Public,Rural,Female,High School,No,No,No,26.3,66.1,2.39,8.0,14.1,48.3,Fail,F
STU-2026-12881,Public,Rural,Female,Some College,Yes,No,Yes,30.8,64.9,3.13,6.5,14.5,67.2,Pass,D
STU-2026-12882,Public,Urban,Female,Masters,Yes,Yes,No,11.0,72.7,2.04,8.8,6.2,55.7,Fail,F
STU-2026-12883,Public,Urban,Male,Masters,Yes,No,Yes,6.5,62.4,3.58,6.9,9.5,60.4,Pass,D
STU-2026-12884,Private,Suburban,Male,Bachelors,No,No,No,7.7,72.4,3.63,7.7,8.0,65.4,Pass,D
STU-2026-12885,Charter,Urban,Male,Some College,Yes,No,No,33.3,82.9,2.46,5.7,0.8,60.1,Pass,D
STU-2026-12886,Public,Suburban,Female,High School,Yes,No,Yes,28.3,76.8,3.65,7.4,13.6,76.6,Pass,C
STU-2026-12887,Private,Urban,Female,High School,Yes,No,Yes,31.1,72.9,2.89,5.9,2.5,76.9,Pass,C
STU-2026-12888,Private,Suburban,Female,Some College,Yes,No,No,32.1,92.4,2.95,7.3,14.2,64.3,Pass,D
STU-2026-12889,Public,Suburban,Female,High School,Yes,Yes,No,30.8,88.6,2.39,5.4,1.4,64.6,Pass,D
STU-2026-12890,Public,Urban,Female,Masters,Yes,No,Yes,27.5,99.7,3.26,7.6,12.0,76.6,Pass,C
STU-2026-12891,Private,Rural,Male,Bachelors,Yes,Yes,Yes,17.6,74.9,3.6,8.0,12.9,66.6,Pass,D
STU-2026-12892,Public,Suburban,Female,Masters,Yes,Yes,Yes,20.1,62.4,2.79,9.3,8.6,57.8,Fail,F
STU-2026-12893,Public,Urban,Female,Some College,Yes,Yes,No,5.8,82.5,2.51,7.4,12.4,54.8,Fail,F
STU-2026-12894,Charter,Urban,Female,Masters,Yes,Yes,Yes,29.7,68.0,3.27,6.0,3.2,78.1,Pass,C
STU-2026-12895,Private,Rural,Female,Doctorate,Yes,No,No,31.4,77.2,3.0,8.1,12.8,67.7,Pass,D
STU-2026-12896,Private,Suburban,Female,Bachelors,No,No,Yes,7.2,82.9,2.86,7.7,6.9,57.4,Fail,F
STU-2026-12897,Public,Urban,Female,Bachelors,Yes,No,Yes,10.0,71.9,2.53,5.3,8.3,60.8,Pass,D
STU-2026-12898,Private,Rural,Female,Some College,Yes,No,No,10.6,60.8,1.84,9.1,13.5,43.6,Fail,F
STU-2026-12899,Public,Suburban,Male,Masters,Yes,Yes,Yes,27.9,76.9,3.45,4.6,15.0,73.7,Pass,C
STU-2026-12900,Private,Rural,Male,Some College,Yes,Yes,Yes,28.0,69.3,2.87,5.1,8.1,70.6,Pass,C
STU-2026-12901,Private,Suburban,Male,Some College,Yes,Yes,Yes,11.6,93.5,3.79,9.3,7.6,73.2,Pass,C
STU-2026-12902,Private,Suburban,Female,High School,Yes,Yes,No,24.1,68.4,2.23,4.6,3.8,60.3,Pass,D
STU-2026-12903,Public,Urban,Female,Some College,Yes,Yes,No,9.8,65.7,1.86,5.4,1.5,42.1,Fail,F
STU-2026-12904,Public,Urban,Female,High School,Yes,No,Yes,33.9,85.7,1.5,8.2,6.4,57.8,Fail,F
STU-2026-12905,Public,Suburban,Male,Some College,Yes,Yes,No,24.0,76.1,3.4,9.4,5.2,68.8,Pass,D
STU-2026-12906,Private,Suburban,Male,Bachelors,Yes,Yes,Yes,6.3,84.5,2.17,5.6,7.9,53.3,Fail,F
STU-2026-12907,Private,Urban,Male,Bachelors,Yes,Yes,No,20.3,63.4,2.31,6.5,0.1,59.3,Fail,F
STU-2026-12908,Charter,Rural,Female,Bachelors,Yes,Yes,Yes,2.6,66.4,3.88,9.2,8.0,60.7,Pass,D
STU-2026-12909,Private,Suburban,Male,Bachelors,Yes,No,No,22.9,92.3,3.34,7.0,8.1,63.2,Pass,D
STU-2026-12910,Private,Urban,Male,Some College,Yes,No,No,21.3,71.1,3.42,8.4,13.0,61.4,Pass,D
STU-2026-12911,Charter,Urban,Female,Some College,Yes,Yes,No,26.1,93.0,3.19,6.0,12.0,78.2,Pass,C
STU-2026-12912,Public,Rural,Female,High School,Yes,No,No,32.8,65.1,2.27,8.2,0.1,57.4,Fail,F
STU-2026-12913,Private,Suburban,Female,Some College,Yes,No,Yes,29.4,76.3,1.72,7.3,7.3,59.2,Fail,F
STU-2026-12914,Private,Suburban,Male,Bachelors,Yes,No,Yes,26.7,77.8,3.93,8.8,6.0,85.4,Pass,B
STU-2026-12915,Public,Urban,Male,Masters,Yes,No,Yes,8.8,79.2,2.57,7.3,0.1,62.2,Pass,D
STU-2026-12916,Public,Urban,Male,Masters,Yes,No,Yes,2.6,69.4,2.48,8.0,14.0,54.5,Fail,F
STU-2026-12917,Public,Rural,Female,Bachelors,No,No,Yes,15.8,73.1,3.07,4.7,9.9,63.6,Pass,D
STU-2026-12918,Public,Rural,Male,Some College,Yes,No,Yes,25.1,61.4,2.38,4.6,5.3,58.1,Fail,F
STU-2026-12919,Public,Suburban,Male,High School,Yes,No,No,14.9,79.7,3.32,7.6,12.2,59.1,Fail,F
STU-2026-12920,Charter,Suburban,Male,Some College,Yes,Yes,No,12.5,91.4,1.83,9.3,4.2,49.1,Fail,F
STU-2026-12921,Private,Rural,Female,Bachelors,Yes,Yes,No,26.8,93.4,1.65,8.0,0.0,64.4,Pass,D
STU-2026-12922,Public,Rural,Female,High School,No,Yes,No,31.8,70.9,3.91,9.1,7.8,69.0,Pass,D
STU-2026-12923,Private,Suburban,Male,Some College,Yes,No,No,3.0,80.9,1.7,5.6,4.8,40.4,Fail,F
STU-2026-12924,Private,Rural,Female,Bachelors,Yes,No,Yes,2.6,81.4,2.44,4.5,12.6,61.3,Pass,D
STU-2026-12925,Public,Suburban,Female,Masters,Yes,Yes,No,11.6,82.9,3.75,6.3,4.0,68.9,Pass,D
STU-2026-12926,Private,Urban,Female,Bachelors,No,Yes,No,34.7,67.1,3.88,5.5,11.2,78.0,Pass,C
STU-2026-12927,Public,Suburban,Male,Some College,Yes,Yes,Yes,12.0,85.4,2.98,5.0,11.4,67.4,Pass,D
STU-2026-12928,Private,Urban,Male,Some College,Yes,No,No,14.9,63.6,3.41,5.6,14.1,62.7,Pass,D
STU-2026-12929,Public,Urban,Male,Bachelors,Yes,Yes,No,3.7,61.9,1.89,8.1,3.5,42.6,Fail,F
STU-2026-12930,Charter,Urban,Female,High School,Yes,Yes,No,31.2,94.2,1.75,5.2,5.0,63.0,Pass,D
STU-2026-12931,Public,Suburban,Female,Bachelors,Yes,No,No,32.4,88.9,3.45,9.3,4.6,77.3,Pass,C
STU-2026-12932,Private,Urban,Female,Bachelors,Yes,Yes,Yes,15.9,97.8,3.02,7.9,4.8,75.9,Pass,C
STU-2026-12933,Public,Suburban,Male,Some College,Yes,Yes,No,24.0,68.5,1.64,5.2,1.0,51.6,Fail,F
STU-2026-12934,Private,Suburban,Male,Some College,Yes,No,No,8.5,95.1,3.65,7.0,1.5,68.0,Pass,D
STU-2026-12935,Public,Rural,Female,High School,Yes,Yes,No,9.7,98.2,3.5,7.5,11.0,62.1,Pass,D
STU-2026-12936,Public,Rural,Male,Bachelors,Yes,Yes,No,17.0,98.3,1.67,6.7,6.0,51.1,Fail,F
STU-2026-12937,Public,Suburban,Female,Masters,Yes,No,No,16.2,69.2,2.28,8.3,8.4,57.4,Fail,F
STU-2026-12938,Private,Suburban,Male,Bachelors,Yes,Yes,No,33.2,83.5,3.93,8.0,12.1,78.6,Pass,C
STU-2026-12939,Public,Urban,Male,Some College,Yes,Yes,No,4.6,77.8,3.29,8.0,13.9,55.5,Fail,F
STU-2026-12940,Public,Suburban,Female,Bachelors,Yes,No,Yes,30.5,74.2,3.99,8.4,12.1,80.1,Pass,B
STU-2026-12941,Private,Urban,Female,Masters,Yes,No,No,25.3,69.9,1.92,8.2,12.2,59.4,Fail,F
STU-2026-12942,Charter,Urban,Female,High School,Yes,No,No,32.7,87.0,3.93,9.4,0.5,78.6,Pass,C
STU-2026-12943,Public,Urban,Female,High School,No,No,No,13.3,78.0,1.53,8.9,12.0,39.8,Fail,F
STU-2026-12944,Public,Suburban,Male,Some College,Yes,No,Yes,5.5,96.3,2.15,4.6,1.1,55.2,Fail,F
STU-2026-12945,Public,Urban,Male,Bachelors,Yes,Yes,No,30.3,82.0,2.57,5.4,7.4,73.3,Pass,C
STU-2026-12946,Public,Urban,Female,Bachelors,Yes,No,No,16.5,66.6,2.4,5.1,9.7,59.1,Fail,F
STU-2026-12947,Public,Suburban,Female,Doctorate,Yes,Yes,Yes,6.5,72.2,3.59,5.2,8.7,64.2,Pass,D
STU-2026-12948,Public,Urban,Female,Some College,Yes,Yes,Yes,3.9,85.9,2.71,6.3,5.5,62.1,Pass,D
STU-2026-12949,Private,Rural,Female,High School,Yes,Yes,No,33.6,70.1,2.94,7.8,3.4,69.8,Pass,D
STU-2026-12950,Public,Rural,Female,Some College,Yes,No,Yes,9.8,65.5,2.27,8.2,0.8,53.0,Fail,F
STU-2026-12951,Private,Urban,Male,Some College,Yes,No,No,29.6,72.6,2.82,6.0,9.4,68.7,Pass,D
STU-2026-12952,Public,Rural,Female,Masters,Yes,No,No,4.1,69.3,3.75,6.9,6.6,63.2,Pass,D
STU-2026-12953,Public,Urban,Male,Some College,Yes,Yes,Yes,17.5,62.4,3.39,5.7,11.8,67.0,Pass,D
STU-2026-12954,Private,Suburban,Male,Bachelors,Yes,No,No,31.5,86.6,3.76,4.7,3.7,77.9,Pass,C
STU-2026-12955,Public,Rural,Male,Bachelors,Yes,Yes,Yes,17.6,64.9,3.67,7.8,6.0,74.1,Pass,C
STU-2026-12956,Public,Rural,Female,Some College,Yes,No,Yes,11.7,65.5,2.44,8.1,5.4,54.5,Fail,F
STU-2026-12957,Public,Urban,Female,Some College,Yes,No,Yes,16.9,92.9,3.69,9.4,3.2,75.9,Pass,C
STU-2026-12958,Private,Suburban,Female,Masters,Yes,No,No,8.3,95.3,3.18,4.8,12.4,70.8,Pass,C
STU-2026-12959,Charter,Urban,Female,Bachelors,Yes,Yes,No,10.7,66.4,1.54,6.2,6.7,45.9,Fail,F
STU-2026-12960,Public,Rural,Male,Some College,Yes,No,Yes,17.2,76.4,3.56,8.7,10.0,60.8,Pass,D
STU-2026-12961,Public,Urban,Male,Bachelors,Yes,Yes,No,20.7,76.8,1.6,8.8,8.5,53.7,Fail,F
STU-2026-12962,Public,Urban,Male,Some College,Yes,No,No,5.4,96.3,2.74,5.1,8.1,50.9,Fail,F
STU-2026-12963,Public,Urban,Female,Bachelors,Yes,No,No,8.7,77.2,1.59,5.7,0.1,47.6,Fail,F
STU-2026-12964,Public,Urban,Male,Bachelors,No,Yes,No,8.8,63.8,3.46,5.0,9.1,55.7,Fail,F
STU-2026-12965,Public,Suburban,Male,Masters,Yes,No,Yes,5.7,85.5,3.18,8.2,2.8,66.4,Pass,D
STU-2026-12966,Charter,Urban,Female,High School,Yes,No,No,11.7,76.9,3.39,5.7,11.1,58.1,Fail,F
STU-2026-12967,Private,Urban,Male,Masters,Yes,Yes,Yes,4.0,91.2,2.4,8.3,7.3,56.1,Fail,F
STU-2026-12968,Private,Urban,Male,Bachelors,Yes,No,Yes,15.4,88.1,3.18,7.9,3.8,77.4,Pass,C
STU-2026-12969,Charter,Urban,Female,High School,Yes,No,Yes,20.5,65.6,3.33,6.3,11.2,64.9,Pass,D
STU-2026-12970,Public,Suburban,Male,Bachelors,Yes,Yes,Yes,5.0,91.3,2.46,8.1,15.0,57.7,Fail,F
STU-2026-12971,Public,Suburban,Male,Masters,Yes,Yes,No,33.0,74.1,2.57,7.7,6.1,66.8,Pass,D
STU-2026-12972,Private,Urban,Female,Some College,Yes,Yes,Yes,5.2,80.4,3.16,5.2,14.5,55.3,Fail,F
STU-2026-12973,Charter,Suburban,Male,Bachelors,No,Yes,No,34.8,60.2,1.67,7.0,11.6,51.8,Fail,F
STU-2026-12974,Public,Suburban,Female,High School,No,Yes,No,4.8,82.8,3.14,5.4,3.9,50.7,Fail,F
STU-2026-12975,Private,Urban,Female,Bachelors,Yes,Yes,No,10.6,74.9,2.01,8.6,2.4,47.9,Fail,F
STU-2026-12976,Public,Rural,Female,High School,Yes,No,No,20.9,62.6,3.1,5.9,3.5,50.9,Fail,F
STU-2026-12977,Charter,Rural,Female,Some College,Yes,No,Yes,3.7,91.0,2.02,6.1,5.4,52.8,Fail,F
STU-2026-12978,Public,Rural,Male,Some College,Yes,Yes,Yes,28.6,78.7,3.8,7.4,13.1,85.1,Pass,B
STU-2026-12979,Public,Rural,Female,Some College,Yes,Yes,No,14.3,76.3,2.09,7.6,0.8,45.3,Fail,F
STU-2026-12980,Private,Urban,Male,High School,Yes,Yes,No,31.4,93.1,2.45,6.5,5.1,59.2,Fail,F
STU-2026-12981,Private,Rural,Male,Some College,Yes,No,No,23.7,94.0,3.44,6.3,12.9,73.2,Pass,C
STU-2026-12982,Private,Urban,Male,Bachelors,Yes,Yes,No,33.4,89.4,2.47,7.5,14.3,73.6,Pass,C
STU-2026-12983,Public,Rural,Female,Some College,Yes,No,No,27.4,91.8,3.1,5.7,13.8,73.4,Pass,C
STU-2026-12984,Public,Suburban,Male,Masters,Yes,Yes,No,31.1,72.2,1.95,8.5,12.0,61.1,Pass,D
STU-2026-12985,Public,Urban,Male,Bachelors,No,Yes,No,10.8,72.2,3.86,7.9,5.2,63.1,Pass,D
STU-2026-12986,Public,Suburban,Male,Some College,Yes,No,No,15.6,96.0,2.95,7.8,2.8,66.9,Pass,D
STU-2026-12987,Charter,Urban,Male,Some College,Yes,Yes,Yes,20.3,89.3,3.56,8.9,0.5,80.8,Pass,B
STU-2026-12988,Charter,Urban,Female,Masters,No,Yes,Yes,27.9,65.6,3.35,9.0,0.1,73.3,Pass,C
STU-2026-12989,Public,Suburban,Female,High School,No,No,No,31.1,98.4,3.41,9.1,1.7,74.0,Pass,C
STU-2026-12990,Private,Urban,Female,High School,Yes,Yes,No,27.1,87.8,1.71,7.6,5.4,47.1,Fail,F
STU-2026-12991,Public,Urban,Male,Some College,Yes,Yes,Yes,10.9,92.1,3.96,7.0,0.3,69.0,Pass,D
STU-2026-12992,Public,Urban,Female,Bachelors,Yes,Yes,No,29.8,74.1,3.21,7.1,1.0,76.9,Pass,C
STU-2026-12993,Public,Urban,Female,Bachelors,Yes,Yes,No,32.3,93.7,2.14,7.4,14.7,66.8,Pass,D
STU-2026-12994,Public,Rural,Male,Masters,Yes,Yes,No,27.7,89.2,2.77,5.7,3.6,71.5,Pass,C
STU-2026-12995,Public,Urban,Male,Masters,No,No,No,18.5,83.9,1.72,5.0,2.8,55.0,Fail,F
STU-2026-12996,Charter,Suburban,Male,Bachelors,No,No,No,34.4,75.6,2.74,5.9,5.4,66.1,Pass,D
STU-2026-12997,Public,Urban,Male,Masters,Yes,No,No,13.8,62.3,3.36,6.6,6.8,61.2,Pass,D
STU-2026-12998,Public,Rural,Female,Bachelors,Yes,Yes,No,28.8,75.4,3.52,7.3,4.2,67.4,Pass,D
STU-2026-12999,Private,Suburban,Male,Some College,Yes,Yes,Yes,8.4,89.2,2.42,6.5,4.1,55.7,Fail,F
STU-2026-13000,Public,Urban,Male,Bachelors,Yes,Yes,No,21.7,73.1,2.93,6.7,14.9,63.7,Pass,D
STU-2026-13001,Private,Suburban,Female,Some College,Yes,No,No,19.0,78.9,3.02,7.7,7.1,60.8,Pass,D
STU-2026-13002,Public,Urban,Male,Bachelors,No,No,Yes,25.8,65.3,2.72,7.7,6.9,61.4,Pass,D
STU-2026-13003,Public,Urban,Male,Bachelors,Yes,Yes,No,11.7,89.4,3.65,5.9,6.9,67.0,Pass,D
STU-2026-13004,Private,Rural,Female,Some College,Yes,No,No,7.0,89.6,3.89,7.7,11.7,65.7,Pass,D
STU-2026-13005,Public,Urban,Male,Bachelors,Yes,Yes,Yes,13.7,85.9,2.62,7.1,12.9,66.6,Pass,D
STU-2026-13006,Public,Urban,Female,High School,Yes,No,No,33.9,89.2,2.01,5.7,11.3,65.3,Pass,D
STU-2026-13007,Public,Urban,Female,Some College,Yes,Yes,Yes,16.2,90.6,2.3,6.6,10.9,56.2,Fail,F
STU-2026-13008,Public,Suburban,Male,Bachelors,Yes,No,No,14.6,95.1,3.44,4.6,8.6,67.6,Pass,D
STU-2026-13009,Private,Urban,Female,Bachelors,Yes,Yes,No,25.0,98.5,2.22,5.8,12.1,66.8,Pass,D
STU-2026-13010,Public,Urban,Female,Some College,Yes,No,Yes,17.1,71.1,1.74,5.3,4.4,50.9,Fail,F
STU-2026-13011,Public,Urban,Female,Some College,Yes,No,Yes,29.9,91.4,3.9,6.3,7.3,79.3,Pass,C
STU-2026-13012,Public,Urban,Female,Some College,Yes,Yes,No,6.8,92.0,3.91,8.5,6.1,63.8,Pass,D
STU-2026-13013,Public,Suburban,Male,Bachelors,Yes,Yes,No,25.9,90.5,3.78,8.7,8.7,70.2,Pass,C
STU-2026-13014,Private,Rural,Female,Bachelors,Yes,Yes,No,29.3,83.1,2.4,6.9,1.8,72.2,Pass,C
STU-2026-13015,Public,Urban,Female,Bachelors,Yes,Yes,No,8.0,91.4,1.83,7.1,14.0,49.9,Fail,F
STU-2026-13016,Public,Rural,Male,Bachelors,Yes,No,Yes,6.1,79.9,2.38,5.2,4.9,57.8,Fail,F
STU-2026-13017,Public,Urban,Female,Masters,Yes,No,No,30.3,75.1,2.61,8.8,10.4,60.8,Pass,D
STU-2026-13018,Public,Suburban,Male,Some College,Yes,No,No,6.6,66.2,2.43,6.2,8.2,43.7,Fail,F
STU-2026-13019,Public,Suburban,Male,Some College,Yes,No,Yes,34.8,97.1,3.97,4.6,9.4,87.2,Pass,B
STU-2026-13020,Charter,Urban,Male,Bachelors,Yes,No,No,15.7,97.0,3.42,7.0,4.7,73.4,Pass,C
STU-2026-13021,Public,Urban,Female,Bachelors,Yes,No,No,8.5,89.6,1.9,8.9,4.1,54.0,Fail,F
STU-2026-13022,Public,Urban,Male,Some College,Yes,No,No,24.0,69.5,2.01,6.7,3.9,50.5,Fail,F
STU-2026-13023,Public,Urban,Male,Masters,Yes,No,No,32.3,67.1,3.96,8.1,1.5,75.3,Pass,C
STU-2026-13024,Public,Suburban,Female,Bachelors,Yes,No,No,19.3,66.1,3.85,9.1,11.9,71.0,Pass,C
STU-2026-13025,Public,Urban,Female,Bachelors,Yes,No,Yes,25.5,65.4,1.87,8.2,2.8,64.2,Pass,D
STU-2026-13026,Charter,Suburban,Female,Some College,Yes,No,No,34.5,71.2,3.63,5.3,9.3,72.2,Pass,C
STU-2026-13027,Public,Urban,Male,Some College,Yes,Yes,No,6.4,74.1,2.83,5.5,14.9,55.8,Fail,F
STU-2026-13028,Private,Rural,Male,Masters,No,Yes,No,4.1,99.4,1.87,5.2,2.8,50.6,Fail,F
STU-2026-13029,Private,Suburban,Female,Some College,Yes,Yes,No,31.6,75.0,2.56,5.1,7.8,66.4,Pass,D
STU-2026-13030,Private,Rural,Male,High School,No,No,Yes,32.4,72.9,3.41,8.5,7.8,71.6,Pass,C
STU-2026-13031,Public,Urban,Male,Bachelors,Yes,Yes,No,11.2,98.6,3.09,8.9,10.9,65.5,Pass,D
STU-2026-13032,Public,Suburban,Male,Some College,Yes,Yes,No,25.2,62.4,2.5,5.2,11.0,57.8,Fail,F
STU-2026-13033,Private,Suburban,Female,High School,Yes,Yes,Yes,13.1,75.5,3.33,9.3,11.0,58.1,Fail,F
STU-2026-13034,Public,Suburban,Female,Bachelors,Yes,Yes,No,18.0,74.1,1.56,7.0,2.6,44.4,Fail,F
STU-2026-13035,Private,Urban,Female,High School,No,Yes,No,17.8,61.8,2.86,7.6,7.2,48.0,Fail,F
STU-2026-13036,Public,Urban,Male,Doctorate,Yes,Yes,No,11.6,90.2,2.57,8.5,4.3,64.2,Pass,D
STU-2026-13037,Public,Suburban,Male,Some College,No,Yes,No,34.3,91.9,3.44,6.4,2.5,73.5,Pass,C
STU-2026-13038,Public,Rural,Male,Masters,Yes,No,Yes,21.3,75.1,3.8,6.5,8.0,80.9,Pass,B
STU-2026-13039,Charter,Rural,Male,Bachelors,Yes,Yes,No,2.9,88.6,3.45,7.4,12.2,59.0,Fail,F
STU-2026-13040,Public,Rural,Female,Bachelors,Yes,Yes,No,33.2,60.5,3.07,5.4,6.5,69.7,Pass,D
STU-2026-13041,Private,Suburban,Female,Doctorate,No,No,No,29.2,72.3,2.21,6.0,10.3,69.3,Pass,D
STU-2026-13042,Private,Suburban,Male,Some College,Yes,No,No,4.1,65.3,2.78,8.6,0.2,46.8,Fail,F
STU-2026-13043,Public,Urban,Female,Some College,Yes,No,Yes,28.5,84.8,2.96,8.3,10.0,76.0,Pass,C
STU-2026-13044,Private,Suburban,Male,Bachelors,Yes,No,Yes,23.4,84.4,3.72,6.4,4.0,79.1,Pass,C
STU-2026-13045,Public,Urban,Female,Bachelors,No,No,No,26.2,83.2,1.85,7.3,2.4,54.2,Fail,F
STU-2026-13046,Public,Suburban,Male,Some College,Yes,No,No,11.0,61.5,3.45,8.1,7.6,59.9,Fail,F
STU-2026-13047,Public,Urban,Female,Masters,Yes,Yes,No,26.8,62.1,3.63,5.6,12.2,77.4,Pass,C
STU-2026-13048,Public,Urban,Male,Masters,Yes,Yes,Yes,20.4,77.1,2.85,9.3,10.0,76.1,Pass,C
STU-2026-13049,Public,Rural,Male,High School,Yes,No,Yes,11.6,96.0,3.22,9.4,5.9,70.6,Pass,C
STU-2026-13050,Private,Rural,Female,Bachelors,Yes,No,No,14.6,95.9,3.85,6.4,2.4,72.4,Pass,C
STU-2026-13051,Public,Rural,Male,High School,Yes,No,No,10.8,69.1,1.64,9.3,10.0,42.1,Fail,F
STU-2026-13052,Public,Urban,Male,Bachelors,Yes,Yes,No,8.6,79.9,1.54,5.6,3.0,49.1,Fail,F
STU-2026-13053,Public,Urban,Female,High School,Yes,Yes,Yes,12.2,95.8,2.51,8.3,11.8,55.7,Fail,F
STU-2026-13054,Public,Rural,Female,High School,Yes,Yes,No,21.5,92.2,3.5,5.9,11.9,72.0,Pass,C
STU-2026-13055,Private,Urban,Male,Some College,Yes,No,Yes,11.8,68.3,3.87,6.6,0.3,67.0,Pass,D
STU-2026-13056,Private,Urban,Female,Some College,Yes,Yes,Yes,32.0,64.7,1.77,4.7,11.1,55.5,Fail,F
STU-2026-13057,Public,Urban,Female,Bachelors,Yes,No,Yes,29.7,89.2,2.24,6.1,4.0,73.7,Pass,C
STU-2026-13058,Charter,Urban,Male,Some College,Yes,No,Yes,31.3,80.1,1.75,7.5,9.2,68.5,Pass,D
STU-2026-13059,Public,Suburban,Male,Some College,Yes,Yes,No,10.7,95.1,3.08,9.5,3.8,57.9,Fail,F
STU-2026-13060,Public,Suburban,Female,Some College,Yes,No,No,22.9,68.4,2.39,9.4,7.0,57.2,Fail,F
STU-2026-13061,Public,Suburban,Male,Masters,Yes,Yes,No,15.3,68.8,3.08,5.3,3.0,63.3,Pass,D
STU-2026-13062,Public,Urban,Male,Some College,Yes,No,No,2.7,67.2,2.17,7.2,3.2,40.6,Fail,F
STU-2026-13063,Public,Rural,Male,Bachelors,Yes,No,No,30.2,84.1,2.78,7.7,13.9,69.9,Pass,D
STU-2026-13064,Public,Rural,Female,Masters,No,Yes,No,31.5,76.0,3.65,9.4,11.5,80.5,Pass,B
STU-2026-13065,Public,Urban,Female,Some College,Yes,No,Yes,22.2,79.1,2.84,9.5,0.8,69.6,Pass,D
STU-2026-13066,Public,Urban,Female,Masters,Yes,Yes,No,3.5,95.4,1.85,7.2,12.2,49.3,Fail,F
STU-2026-13067,Public,Urban,Male,Masters,Yes,Yes,No,3.7,95.5,2.49,4.6,2.9,56.1,Fail,F
STU-2026-13068,Charter,Urban,Male,Bachelors,Yes,No,No,21.7,62.6,2.67,5.9,4.7,48.2,Fail,F
STU-2026-13069,Public,Rural,Female,Masters,No,No,No,22.4,63.4,3.72,7.3,8.9,66.5,Pass,D
STU-2026-13070,Public,Rural,Male,High School,Yes,No,No,20.9,74.4,1.88,8.1,7.9,48.2,Fail,F
STU-2026-13071,Private,Rural,Male,Some College,Yes,Yes,No,4.7,86.5,3.67,7.4,2.0,66.2,Pass,D
STU-2026-13072,Public,Suburban,Male,Bachelors,Yes,Yes,Yes,22.0,67.2,3.37,8.6,7.7,62.6,Pass,D
STU-2026-13073,Public,Suburban,Female,Masters,Yes,No,No,25.4,75.2,2.93,5.2,1.2,64.0,Pass,D
STU-2026-13074,Private,Suburban,Female,Masters,Yes,Yes,No,16.2,83.0,2.03,5.3,3.4,50.9,Fail,F
STU-2026-13075,Public,Suburban,Male,Some College,Yes,Yes,No,10.5,66.2,3.7,5.2,6.8,60.0,Pass,D
STU-2026-13076,Public,Rural,Female,High School,Yes,No,Yes,7.7,85.0,3.29,8.5,6.0,65.7,Pass,D
STU-2026-13077,Private,Urban,Male,Some College,Yes,Yes,Yes,26.6,63.8,2.62,6.1,11.1,67.3,Pass,D
STU-2026-13078,Public,Urban,Female,Masters,Yes,Yes,No,27.0,87.2,2.8,8.0,6.9,70.5,Pass,C
STU-2026-13079,Private,Suburban,Male,High School,Yes,No,No,10.8,72.4,3.05,6.5,10.4,41.5,Fail,F
STU-2026-13080,Charter,Urban,Female,High School,Yes,Yes,No,15.6,94.8,2.86,9.1,2.5,63.6,Pass,D
STU-2026-13081,Public,Suburban,Female,High School,Yes,No,No,17.4,70.8,2.1,7.2,0.2,50.8,Fail,F
STU-2026-13082,Public,Rural,Male,Some College,Yes,Yes,No,28.6,65.9,1.58,6.4,2.1,49.9,Fail,F
STU-2026-13083,Public,Suburban,Male,High School,Yes,Yes,Yes,14.9,94.6,3.64,7.2,14.5,64.9,Pass,D
STU-2026-13084,Charter,Urban,Female,Some College,Yes,No,No,6.6,77.1,2.18,7.1,0.2,48.2,Fail,F
STU-2026-13085,Private,Urban,Female,Some College,Yes,No,No,5.6,68.3,2.5,5.6,2.0,50.8,Fail,F
STU-2026-13086,Public,Urban,Female,Bachelors,No,No,No,15.1,79.1,3.29,5.1,1.1,57.0,Fail,F
STU-2026-13087,Public,Urban,Female,Some College,Yes,Yes,Yes,13.1,72.6,1.51,6.2,4.0,45.6,Fail,F
STU-2026-13088,Public,Suburban,Male,Masters,Yes,Yes,No,28.2,96.1,3.93,7.3,7.6,88.5,Pass,B
STU-2026-13089,Public,Urban,Male,Some College,Yes,Yes,No,11.1,98.9,2.63,4.5,9.9,55.4,Fail,F
STU-2026-13090,Public,Urban,Female,Bachelors,Yes,Yes,No,5.1,76.4,3.94,8.2,4.1,61.9,Pass,D
STU-2026-13091,Public,Suburban,Male,High School,No,Yes,No,6.8,72.6,3.07,8.5,12.4,48.3,Fail,F
STU-2026-13092,Charter,Suburban,Female,High School,Yes,No,Yes,30.7,99.4,2.64,6.2,2.4,67.2,Pass,D
STU-2026-13093,Charter,Suburban,Male,Bachelors,Yes,No,No,21.0,86.0,1.8,9.0,11.8,51.5,Fail,F
STU-2026-13094,Public,Suburban,Male,Masters,Yes,No,No,28.3,96.3,1.52,4.9,12.1,58.8,Fail,F
STU-2026-13095,Public,Urban,Female,Some College,Yes,Yes,Yes,34.3,86.1,3.84,7.4,7.3,87.9,Pass,B
STU-2026-13096,Public,Suburban,Male,High School,Yes,No,Yes,15.7,99.1,2.2,5.2,2.4,61.7,Pass,D
STU-2026-13097,Public,Rural,Male,Bachelors,Yes,No,Yes,24.9,86.5,3.98,8.6,6.7,89.8,Pass,B
STU-2026-13098,Charter,Suburban,Female,Bachelors,Yes,No,Yes,18.4,96.6,3.62,7.9,7.5,78.3,Pass,C
STU-2026-13099,Public,Suburban,Female,High School,Yes,Yes,No,5.9,71.4,1.68,6.6,11.8,36.9,Fail,F
STU-2026-13100,Public,Urban,Female,Masters,Yes,No,No,30.6,68.8,3.73,5.8,3.7,71.9,Pass,C
STU-2026-13101,Public,Suburban,Female,Bachelors,Yes,No,Yes,15.0,76.6,2.31,5.4,4.0,66.2,Pass,D
STU-2026-13102,Private,Suburban,Female,High School,Yes,Yes,No,19.7,98.2,3.14,5.6,5.1,68.7,Pass,D
STU-2026-13103,Public,Urban,Male,Bachelors,Yes,Yes,Yes,7.4,89.8,2.13,4.9,14.1,56.1,Fail,F
STU-2026-13104,Private,Urban,Female,Bachelors,No,No,No,9.1,62.6,2.81,8.9,0.6,46.7,Fail,F
STU-2026-13105,Public,Suburban,Male,Bachelors,Yes,Yes,Yes,2.6,74.1,2.53,5.9,13.1,52.1,Fail,F
STU-2026-13106,Public,Suburban,Female,Masters,Yes,Yes,Yes,5.3,98.3,2.92,5.5,11.9,70.4,Pass,C
STU-2026-13107,Private,Rural,Female,High School,Yes,Yes,Yes,9.8,83.3,2.25,4.7,1.3,49.5,Fail,F
STU-2026-13108,Public,Suburban,Male,Some College,Yes,Yes,No,27.3,91.1,3.02,8.0,12.7,64.2,Pass,D
STU-2026-13109,Charter,Urban,Male,Bachelors,Yes,Yes,No,18.4,97.5,1.63,5.2,2.7,54.8,Fail,F
STU-2026-13110,Public,Urban,Male,Some College,Yes,No,No,30.1,94.8,3.02,7.8,12.6,60.7,Pass,D
STU-2026-13111,Charter,Urban,Female,High School,Yes,Yes,No,19.6,92.7,2.47,9.4,2.0,65.5,Pass,D
STU-2026-13112,Public,Suburban,Male,Masters,Yes,No,No,8.9,76.6,2.07,5.5,3.1,48.9,Fail,F
STU-2026-13113,Public,Rural,Male,High School,Yes,Yes,No,18.6,64.8,2.61,6.5,10.7,51.2,Fail,F
STU-2026-13114,Private,Suburban,Male,Bachelors,Yes,No,No,11.5,74.8,3.63,6.4,13.0,62.7,Pass,D
STU-2026-13115,Public,Urban,Female,Some College,Yes,Yes,Yes,10.4,66.1,3.55,9.1,1.3,63.2,Pass,D
STU-2026-13116,Public,Suburban,Male,High School,Yes,No,No,27.4,62.1,3.29,4.6,13.3,61.6,Pass,D
STU-2026-13117,Charter,Urban,Female,Some College,Yes,No,Yes,9.1,75.2,2.96,6.7,12.5,54.6,Fail,F
STU-2026-13118,Public,Urban,Male,High School,Yes,No,No,8.6,69.8,3.85,8.4,4.9,49.4,Fail,F
STU-2026-13119,Private,Urban,Male,Bachelors,Yes,No,No,34.2,93.9,3.95,5.6,11.5,85.1,Pass,B
STU-2026-13120,Public,Urban,Male,Bachelors,Yes,No,No,25.2,87.1,2.59,7.5,10.6,61.8,Pass,D
STU-2026-13121,Private,Urban,Male,High School,Yes,Yes,No,7.3,82.0,1.59,9.4,2.2,36.4,Fail,F
STU-2026-13122,Public,Urban,Female,Bachelors,Yes,Yes,Yes,14.2,83.0,3.01,6.5,7.4,66.4,Pass,D
STU-2026-13123,Charter,Urban,Male,Some College,No,No,No,9.8,72.7,1.84,5.9,8.8,40.6,Fail,F
STU-2026-13124,Private,Rural,Female,Masters,Yes,Yes,Yes,31.5,75.4,3.24,6.8,7.6,83.2,Pass,B
STU-2026-13125,Private,Suburban,Male,Some College,Yes,Yes,No,34.1,63.8,3.4,7.0,6.6,71.7,Pass,C
STU-2026-13126,Private,Suburban,Female,Bachelors,Yes,No,Yes,13.7,86.6,3.02,5.3,13.2,67.1,Pass,D
STU-2026-13127,Public,Rural,Male,High School,Yes,Yes,No,5.5,81.3,3.41,5.2,6.9,54.9,Fail,F
STU-2026-13128,Private,Suburban,Male,Masters,Yes,Yes,No,4.9,76.1,3.57,7.0,2.4,61.6,Pass,D
STU-2026-13129,Public,Urban,Male,Bachelors,Yes,No,No,9.2,70.0,3.19,5.7,8.4,55.4,Fail,F
STU-2026-13130,Private,Rural,Male,Doctorate,Yes,Yes,Yes,20.7,71.5,3.18,7.0,1.2,71.4,Pass,C
STU-2026-13131,Private,Suburban,Female,Doctorate,Yes,Yes,Yes,26.0,85.6,3.39,6.0,14.1,85.5,Pass,B
STU-2026-13132,Private,Suburban,Male,Bachelors,Yes,No,Yes,8.2,68.8,3.86,6.4,11.8,69.3,Pass,D
STU-2026-13133,Private,Suburban,Male,Bachelors,No,No,No,22.5,72.5,1.64,8.3,6.9,41.5,Fail,F
STU-2026-13134,Public,Urban,Male,Bachelors,Yes,No,No,29.9,72.3,2.44,9.4,3.1,60.0,Pass,D
STU-2026-13135,Public,Suburban,Male,Masters,Yes,No,No,20.8,69.4,1.7,6.8,7.7,55.0,Fail,F
STU-2026-13136,Private,Urban,Male,Masters,Yes,Yes,No,11.5,66.9,3.4,6.5,8.1,65.7,Pass,D
STU-2026-13137,Public,Urban,Male,Some College,Yes,Yes,No,11.0,91.2,3.39,5.8,4.7,70.7,Pass,C
STU-2026-13138,Public,Suburban,Male,Bachelors,Yes,Yes,No,20.3,83.2,2.87,5.6,6.3,61.6,Pass,D
STU-2026-13139,Public,Rural,Female,Some College,Yes,No,No,28.1,95.6,2.11,8.2,7.3,71.8,Pass,C
STU-2026-13140,Public,Suburban,Male,Bachelors,Yes,No,Yes,25.3,99.7,2.36,9.4,1.3,77.5,Pass,C
STU-2026-13141,Charter,Suburban,Male,Some College,Yes,No,Yes,17.2,88.5,3.74,7.6,9.0,74.5,Pass,C
STU-2026-13142,Public,Suburban,Female,Bachelors,Yes,No,No,14.5,98.5,2.85,9.4,9.7,56.5,Fail,F
STU-2026-13143,Private,Suburban,Female,Some College,Yes,Yes,Yes,15.9,95.9,2.15,9.0,5.7,56.1,Fail,F
STU-2026-13144,Private,Rural,Female,Some College,Yes,No,No,28.2,83.0,3.89,5.4,5.3,74.8,Pass,C
STU-2026-13145,Public,Suburban,Female,Some College,Yes,Yes,Yes,3.9,74.7,2.01,8.8,14.3,54.6,Fail,F
STU-2026-13146,Private,Suburban,Female,High School,No,Yes,Yes,33.9,78.8,3.81,7.2,2.0,79.4,Pass,C
STU-2026-13147,Public,Urban,Female,Some College,Yes,No,No,8.3,70.9,3.51,6.2,0.9,56.5,Fail,F
STU-2026-13148,Public,Rural,Male,Some College,Yes,No,No,15.0,78.9,2.65,8.9,2.1,51.5,Fail,F
STU-2026-13149,Private,Urban,Male,Bachelors,Yes,No,Yes,6.1,89.2,3.56,8.1,6.4,75.4,Pass,C
STU-2026-13150,Private,Suburban,Male,Some College,Yes,Yes,Yes,14.0,86.1,2.53,7.1,12.4,56.2,Fail,F
STU-2026-13151,Public,Rural,Male,High School,Yes,Yes,No,20.7,89.8,3.77,7.3,4.0,65.5,Pass,D
STU-2026-13152,Private,Urban,Female,High School,Yes,Yes,No,15.1,89.9,1.61,9.2,4.8,47.3,Fail,F
STU-2026-13153,Public,Urban,Male,Bachelors,Yes,No,Yes,24.0,69.0,2.03,4.6,13.8,63.5,Pass,D
STU-2026-13154,Private,Urban,Female,Bachelors,Yes,Yes,No,33.5,65.4,1.75,6.1,11.5,58.1,Fail,F
STU-2026-13155,Public,Rural,Female,Bachelors,No,Yes,Yes,19.1,81.0,3.82,9.2,9.6,74.1,Pass,C
STU-2026-13156,Charter,Urban,Male,High School,Yes,No,No,8.7,74.3,2.71,9.2,12.4,52.5,Fail,F
STU-2026-13157,Private,Suburban,Male,High School,Yes,No,No,7.2,60.4,2.97,4.5,14.1,42.8,Fail,F
STU-2026-13158,Public,Suburban,Male,Some College,Yes,No,Yes,24.0,83.2,2.01,6.2,2.2,64.1,Pass,D
STU-2026-13159,Public,Suburban,Female,Bachelors,Yes,No,No,5.8,77.9,2.87,6.7,2.1,48.6,Fail,F
STU-2026-13160,Charter,Suburban,Male,High School,Yes,Yes,Yes,23.1,86.3,3.74,7.7,10.1,75.2,Pass,C
STU-2026-13161,Public,Suburban,Female,Some College,Yes,Yes,No,2.3,78.2,3.09,7.7,9.2,57.7,Fail,F
STU-2026-13162,Public,Urban,Female,Bachelors,Yes,Yes,No,22.8,83.7,3.41,5.7,8.8,68.5,Pass,D
STU-2026-13163,Public,Suburban,Female,High School,Yes,Yes,Yes,15.8,82.2,2.93,8.9,6.7,58.4,Fail,F
STU-2026-13164,Private,Suburban,Male,Bachelors,Yes,No,No,16.9,95.1,1.58,8.6,3.4,55.2,Fail,F
STU-2026-13165,Private,Urban,Female,Some College,Yes,No,No,11.8,87.8,3.62,4.8,0.4,61.5,Pass,D
STU-2026-13166,Private,Urban,Female,Masters,Yes,Yes,No,3.7,72.8,2.52,6.5,8.5,57.7,Fail,F
STU-2026-13167,Private,Urban,Male,High School,Yes,No,No,5.5,66.9,1.55,8.6,5.8,38.4,Fail,F
STU-2026-13168,Private,Urban,Female,High School,Yes,No,No,9.2,86.8,1.64,7.2,5.5,48.6,Fail,F
STU-2026-13169,Public,Suburban,Male,Some College,No,No,No,23.3,84.7,3.19,4.9,7.8,66.5,Pass,D
STU-2026-13170,Private,Urban,Female,High School,Yes,No,No,26.4,81.8,3.77,9.1,12.6,74.7,Pass,C
STU-2026-13171,Public,Urban,Male,Some College,Yes,No,No,11.8,85.3,2.44,6.1,11.6,53.1,Fail,F
STU-2026-13172,Public,Urban,Female,Doctorate,Yes,No,No,23.1,89.4,3.16,9.1,13.6,71.7,Pass,C
STU-2026-13173,Public,Rural,Male,High School,Yes,No,No,34.8,72.7,3.77,6.6,6.4,75.0,Pass,C
STU-2026-13174,Public,Rural,Female,Bachelors,Yes,No,Yes,14.2,73.3,2.44,8.6,9.8,66.6,Pass,D
STU-2026-13175,Private,Urban,Male,Bachelors,Yes,No,No,13.8,82.2,1.97,6.8,14.4,57.0,Fail,F
STU-2026-13176,Public,Rural,Male,Some College,Yes,No,No,8.8,66.3,1.64,7.9,8.7,37.1,Fail,F
STU-2026-13177,Public,Urban,Male,High School,Yes,Yes,Yes,27.1,88.8,2.32,6.6,3.9,66.9,Pass,D
STU-2026-13178,Private,Urban,Male,Masters,Yes,No,No,20.7,93.4,2.45,9.1,14.7,61.5,Pass,D
STU-2026-13179,Public,Urban,Male,High School,Yes,Yes,Yes,34.1,76.9,3.06,6.3,1.5,68.1,Pass,D
STU-2026-13180,Private,Urban,Male,Masters,No,No,No,34.7,63.2,3.62,6.3,6.1,69.8,Pass,D
STU-2026-13181,Public,Suburban,Female,Masters,Yes,No,Yes,23.6,82.9,2.53,9.4,5.8,66.8,Pass,D
STU-2026-13182,Public,Urban,Male,Bachelors,Yes,Yes,Yes,33.1,91.0,3.53,4.8,0.1,81.7,Pass,B
STU-2026-13183,Private,Urban,Male,High School,Yes,Yes,Yes,10.4,68.9,2.43,8.0,9.4,48.1,Fail,F
STU-2026-13184,Private,Suburban,Female,Some College,Yes,No,No,15.3,77.1,1.82,5.3,5.3,50.9,Fail,F
STU-2026-13185,Public,Urban,Female,Bachelors,Yes,Yes,Yes,18.6,70.5,3.83,5.8,15.0,73.2,Pass,C
STU-2026-13186,Private,Rural,Male,Bachelors,Yes,No,Yes,19.3,93.5,2.01,6.3,4.2,66.7,Pass,D
STU-2026-13187,Public,Suburban,Male,High School,Yes,Yes,No,17.1,89.2,3.52,6.0,5.2,63.2,Pass,D
STU-2026-13188,Public,Suburban,Male,Masters,Yes,Yes,Yes,30.2,82.3,2.53,7.7,6.3,78.4,Pass,C
STU-2026-13189,Public,Urban,Female,Some College,Yes,Yes,Yes,4.2,77.9,2.88,6.0,2.8,57.0,Fail,F
STU-2026-13190,Public,Rural,Female,High School,No,No,No,3.6,70.1,3.12,6.1,6.9,41.5,Fail,F
STU-2026-13191,Public,Suburban,Male,Some College,Yes,No,No,2.0,92.3,2.36,8.1,9.2,49.6,Fail,F
STU-2026-13192,Public,Urban,Female,Bachelors,No,No,Yes,30.0,77.1,2.01,7.8,9.1,58.3,Fail,F
STU-2026-13193,Private,Suburban,Male,Bachelors,No,Yes,Yes,19.0,65.1,3.32,7.9,0.1,67.4,Pass,D
STU-2026-13194,Private,Rural,Female,Bachelors,Yes,Yes,Yes,13.1,69.7,2.0,8.2,7.0,57.4,Fail,F
STU-2026-13195,Public,Suburban,Female,Masters,Yes,Yes,No,22.9,72.0,2.92,8.5,12.7,67.1,Pass,D
STU-2026-13196,Public,Rural,Male,Bachelors,Yes,Yes,No,34.6,83.8,1.67,7.3,5.1,59.8,Fail,F
STU-2026-13197,Private,Suburban,Male,Bachelors,No,No,Yes,17.5,91.0,3.07,5.3,4.6,74.1,Pass,C
STU-2026-13198,Private,Suburban,Male,High School,Yes,No,No,13.1,79.0,2.31,5.8,0.1,54.0,Fail,F
STU-2026-13199,Private,Urban,Female,Some College,Yes,Yes,No,28.2,79.2,1.87,8.9,5.5,54.9,Fail,F
STU-2026-13200,Public,Rural,Female,Some College,Yes,No,Yes,12.6,93.7,2.18,9.1,14.6,57.5,Fail,F
STU-2026-13201,Private,Rural,Female,Some College,Yes,Yes,No,7.3,84.3,2.34,6.9,12.5,54.7,Fail,F
STU-2026-13202,Private,Rural,Female,Some College,Yes,Yes,No,30.4,62.9,1.65,7.7,1.0,61.3,Pass,D
STU-2026-13203,Public,Suburban,Male,Bachelors,Yes,Yes,No,17.3,62.1,3.62,4.9,13.1,62.2,Pass,D
STU-2026-13204,Public,Urban,Male,High School,Yes,No,No,3.3,91.5,2.47,4.6,7.2,59.5,Fail,F
STU-2026-13205,Public,Suburban,Female,Bachelors,Yes,Yes,No,24.0,97.6,3.29,8.5,4.5,71.2,Pass,C
STU-2026-13206,Charter,Suburban,Male,Bachelors,Yes,Yes,No,28.8,66.2,3.8,6.0,6.6,66.6,Pass,D
STU-2026-13207,Public,Urban,Male,High School,Yes,No,No,5.3,98.2,1.57,7.8,0.2,51.4,Fail,F
STU-2026-13208,Public,Urban,Male,Bachelors,Yes,No,Yes,9.9,84.1,2.97,6.4,11.1,68.2,Pass,D
STU-2026-13209,Private,Suburban,Female,High School,No,Yes,No,23.8,71.4,3.84,9.0,4.6,65.3,Pass,D
STU-2026-13210,Private,Suburban,Female,Masters,Yes,No,No,17.8,76.8,1.95,4.7,7.7,52.4,Fail,F
STU-2026-13211,Public,Urban,Male,Masters,Yes,No,No,2.5,69.4,3.03,7.4,14.0,50.8,Fail,F
STU-2026-13212,Private,Urban,Female,Some College,Yes,Yes,No,11.9,90.1,2.18,8.1,3.9,57.2,Fail,F
STU-2026-13213,Public,Urban,Female,Bachelors,Yes,No,No,21.9,78.3,2.7,4.8,8.8,61.4,Pass,D
STU-2026-13214,Private,Suburban,Male,Bachelors,Yes,No,No,9.4,72.0,3.76,7.4,2.1,64.6,Pass,D
STU-2026-13215,Public,Urban,Male,Some College,No,No,Yes,13.4,84.1,3.07,8.8,6.9,61.9,Pass,D
STU-2026-13216,Private,Suburban,Female,Some College,Yes,Yes,Yes,20.4,94.3,2.42,6.6,9.5,71.0,Pass,C
STU-2026-13217,Private,Suburban,Female,Masters,Yes,No,No,13.4,61.4,1.76,8.3,2.7,47.5,Fail,F
STU-2026-13218,Public,Urban,Male,Some College,No,Yes,No,25.2,63.1,3.73,9.1,8.3,56.4,Fail,F
STU-2026-13219,Public,Rural,Male,Some College,Yes,No,Yes,13.5,61.8,2.64,8.0,0.1,63.7,Pass,D
STU-2026-13220,Private,Urban,Female,Some College,Yes,Yes,No,21.5,71.4,2.14,5.3,1.0,45.6,Fail,F
STU-2026-13221,Public,Suburban,Male,Some College,No,No,No,20.7,88.3,3.84,7.9,5.8,69.2,Pass,D
STU-2026-13222,Public,Suburban,Male,Bachelors,Yes,Yes,No,29.4,77.6,3.05,6.1,3.5,68.6,Pass,D
STU-2026-13223,Private,Urban,Male,Some College,Yes,No,Yes,20.9,86.5,3.87,5.0,2.3,78.5,Pass,C
STU-2026-13224,Public,Urban,Male,Masters,Yes,Yes,No,28.8,67.6,3.55,4.7,3.6,74.0,Pass,C
STU-2026-13225,Public,Urban,Male,High School,No,No,Yes,25.7,71.9,2.43,7.6,8.0,55.9,Fail,F
STU-2026-13226,Public,Suburban,Male,Bachelors,Yes,Yes,Yes,8.9,99.2,1.62,8.0,9.1,52.6,Fail,F
STU-2026-13227,Public,Rural,Female,Bachelors,Yes,No,No,11.3,62.3,3.22,7.6,11.8,58.9,Fail,F
STU-2026-13228,Public,Suburban,Male,Bachelors,Yes,No,No,12.6,69.1,3.8,8.5,3.6,63.0,Pass,D
STU-2026-13229,Public,Urban,Male,Bachelors,Yes,No,No,9.0,69.1,3.44,7.2,11.6,59.2,Fail,F
STU-2026-13230,Public,Urban,Female,High School,Yes,Yes,No,30.8,87.8,1.98,7.5,13.2,55.2,Fail,F
STU-2026-13231,Public,Suburban,Female,Some College,Yes,Yes,No,12.1,72.4,1.58,5.9,12.1,45.5,Fail,F
STU-2026-13232,Public,Rural,Male,Masters,Yes,No,No,23.2,86.9,3.12,8.7,14.9,75.6,Pass,C
STU-2026-13233,Public,Suburban,Female,High School,Yes,Yes,No,16.6,92.8,1.59,9.1,7.6,47.6,Fail,F
STU-2026-13234,Public,Suburban,Male,Bachelors,Yes,Yes,No,32.6,90.8,1.75,8.9,7.2,66.2,Pass,D
STU-2026-13235,Public,Urban,Female,Some College,Yes,Yes,Yes,21.3,79.9,1.93,9.4,6.6,54.7,Fail,F
STU-2026-13236,Public,Rural,Female,Some College,Yes,Yes,No,27.3,86.4,2.82,5.5,1.7,64.3,Pass,D
STU-2026-13237,Public,Suburban,Female,Bachelors,Yes,Yes,No,5.1,78.5,2.35,6.8,3.0,43.4,Fail,F
STU-2026-13238,Private,Suburban,Male,Masters,Yes,Yes,No,25.1,66.5,3.38,4.5,13.7,75.4,Pass,C
STU-2026-13239,Private,Urban,Female,Some College,No,Yes,No,28.9,80.1,1.97,7.4,7.9,47.0,Fail,F
STU-2026-13240,Public,Urban,Female,Masters,Yes,Yes,No,28.5,65.8,2.85,8.9,1.1,60.6,Pass,D
STU-2026-13241,Private,Urban,Female,High School,Yes,Yes,Yes,28.0,66.4,3.23,7.8,2.4,62.5,Pass,D
STU-2026-13242,Private,Urban,Female,Masters,Yes,Yes,No,29.1,73.5,2.91,5.2,7.8,65.6,Pass,D
STU-2026-13243,Public,Suburban,Male,Masters,Yes,Yes,No,6.8,61.8,3.69,7.7,0.3,68.8,Pass,D
STU-2026-13244,Public,Suburban,Female,High School,Yes,No,Yes,27.6,99.0,3.13,7.4,8.9,69.3,Pass,D
STU-2026-13245,Public,Suburban,Female,Some College,Yes,No,Yes,2.7,66.3,3.07,9.0,14.2,62.8,Pass,D
STU-2026-13246,Public,Urban,Female,Some College,Yes,Yes,No,7.6,96.3,1.69,7.7,7.7,49.9,Fail,F
STU-2026-13247,Charter,Urban,Male,Some College,Yes,Yes,No,33.9,86.3,3.16,7.0,0.9,73.3,Pass,C
STU-2026-13248,Public,Urban,Male,High School,Yes,No,No,25.4,90.3,2.37,5.6,0.6,63.7,Pass,D
STU-2026-13249,Public,Suburban,Male,Some College,Yes,No,Yes,18.2,72.7,2.9,8.7,3.3,62.4,Pass,D
STU-2026-13250,Charter,Suburban,Male,Masters,Yes,No,No,29.5,93.5,3.57,5.4,14.6,75.8,Pass,C
STU-2026-13251,Public,Suburban,Female,Bachelors,Yes,Yes,No,17.1,83.9,1.5,6.9,12.3,51.6,Fail,F
STU-2026-13252,Charter,Urban,Female,High School,Yes,Yes,No,7.3,99.1,3.13,7.5,7.1,55.5,Fail,F
STU-2026-13253,Public,Rural,Female,Some College,Yes,Yes,No,18.4,89.2,2.3,5.8,12.7,57.5,Fail,F
STU-2026-13254,Public,Rural,Female,Some College,No,Yes,No,29.4,67.4,2.85,9.3,2.0,61.8,Pass,D
STU-2026-13255,Private,Urban,Male,Masters,No,No,No,2.7,79.7,3.0,9.3,11.2,51.6,Fail,F
STU-2026-13256,Private,Suburban,Male,Bachelors,Yes,Yes,Yes,33.6,84.2,2.84,6.6,5.3,71.1,Pass,C
STU-2026-13257,Public,Rural,Female,High School,Yes,No,No,13.0,84.1,3.4,4.8,7.1,61.8,Pass,D
STU-2026-13258,Public,Urban,Female,Bachelors,Yes,Yes,No,28.0,66.6,3.39,6.2,3.3,66.8,Pass,D
STU-2026-13259,Private,Urban,Female,High School,Yes,No,No,14.4,76.5,1.72,7.0,4.2,42.4,Fail,F
STU-2026-13260,Private,Suburban,Male,Bachelors,No,Yes,Yes,16.1,99.6,1.55,5.7,11.9,50.4,Fail,F
STU-2026-13261,Public,Urban,Male,High School,Yes,No,No,29.8,96.2,2.05,6.7,9.5,64.1,Pass,D
STU-2026-13262,Private,Suburban,Female,High School,Yes,Yes,No,29.5,89.2,2.13,6.8,4.5,66.3,Pass,D
STU-2026-13263,Private,Urban,Male,Masters,Yes,No,No,22.8,71.6,2.53,7.8,13.4,55.1,Fail,F
STU-2026-13264,Charter,Urban,Male,Masters,Yes,Yes,Yes,29.8,89.2,2.52,8.4,1.1,77.1,Pass,C
STU-2026-13265,Private,Urban,Female,Masters,Yes,Yes,No,19.8,60.2,3.43,4.7,12.9,71.5,Pass,C
STU-2026-13266,Private,Suburban,Female,Masters,Yes,Yes,No,8.6,71.3,2.08,5.9,8.8,49.5,Fail,F
STU-2026-13267,Public,Suburban,Male,Bachelors,Yes,No,No,18.4,78.0,2.92,7.9,12.3,54.8,Fail,F
STU-2026-13268,Public,Rural,Female,High School,Yes,Yes,Yes,21.2,65.6,3.72,5.3,6.4,70.8,Pass,C
STU-2026-13269,Public,Suburban,Male,Some College,Yes,Yes,No,3.5,96.8,2.27,8.9,3.5,53.0,Fail,F
STU-2026-13270,Private,Urban,Male,Bachelors,Yes,Yes,No,14.7,80.4,1.74,5.7,5.6,57.6,Fail,F
STU-2026-13271,Private,Urban,Female,Bachelors,Yes,Yes,Yes,13.6,78.4,3.2,4.9,11.3,70.3,Pass,C
STU-2026-13272,Private,Urban,Male,Masters,Yes,Yes,Yes,16.9,71.2,2.98,4.8,13.4,64.4,Pass,D
STU-2026-13273,Private,Urban,Male,Masters,Yes,Yes,No,12.2,81.4,1.95,6.3,3.2,61.0,Pass,D
STU-2026-13274,Public,Suburban,Male,High School,Yes,No,No,30.9,94.1,2.87,9.5,0.6,67.0,Pass,D
STU-2026-13275,Public,Urban,Female,Bachelors,Yes,No,No,5.3,68.8,3.26,4.8,0.5,52.2,Fail,F
STU-2026-13276,Private,Urban,Female,Bachelors,Yes,No,No,16.1,92.4,2.65,6.0,1.9,61.8,Pass,D
STU-2026-13277,Public,Urban,Male,Some College,Yes,Yes,Yes,27.6,79.8,3.91,8.8,0.5,74.9,Pass,C
STU-2026-13278,Public,Suburban,Female,Some College,Yes,Yes,Yes,30.0,87.7,3.01,6.0,14.9,74.1,Pass,C
STU-2026-13279,Public,Urban,Male,Some College,Yes,Yes,No,9.1,65.2,3.68,7.5,10.5,62.4,Pass,D
STU-2026-13280,Private,Suburban,Male,High School,No,No,No,31.8,78.2,3.26,9.1,5.9,69.4,Pass,D
STU-2026-13281,Private,Rural,Male,Bachelors,Yes,No,No,28.7,99.1,1.97,4.8,11.6,66.4,Pass,D
STU-2026-13282,Charter,Suburban,Male,Some College,Yes,No,No,12.5,76.9,2.23,6.8,1.0,52.9,Fail,F
STU-2026-13283,Private,Urban,Male,Bachelors,No,No,No,2.9,90.7,1.7,8.3,13.2,39.0,Fail,F
STU-2026-13284,Public,Rural,Female,Some College,Yes,No,Yes,34.7,93.7,3.92,6.6,13.4,85.1,Pass,B
STU-2026-13285,Public,Suburban,Female,Some College,Yes,No,Yes,25.6,78.6,3.1,6.2,9.4,72.4,Pass,C
STU-2026-13286,Public,Urban,Female,Masters,Yes,No,No,21.8,72.2,3.08,9.3,2.9,66.4,Pass,D
STU-2026-13287,Public,Urban,Male,High School,Yes,No,No,19.5,83.0,3.57,7.2,1.7,67.7,Pass,D
STU-2026-13288,Public,Urban,Female,Doctorate,Yes,Yes,No,29.6,83.0,2.05,5.9,0.3,59.0,Fail,F
STU-2026-13289,Public,Urban,Male,Some College,No,Yes,Yes,30.7,88.7,1.57,7.6,13.1,64.7,Pass,D
STU-2026-13290,Private,Rural,Female,Masters,Yes,No,No,21.5,71.9,3.72,7.0,11.7,71.1,Pass,C
STU-2026-13291,Public,Rural,Male,Bachelors,Yes,Yes,No,20.4,78.7,2.48,9.2,12.2,61.6,Pass,D
STU-2026-13292,Private,Suburban,Female,Masters,Yes,Yes,Yes,14.3,70.2,2.31,7.2,8.6,53.8,Fail,F
STU-2026-13293,Charter,Urban,Female,Bachelors,Yes,Yes,No,22.9,92.1,1.53,9.1,12.5,50.6,Fail,F
STU-2026-13294,Public,Urban,Male,Bachelors,Yes,No,No,33.1,95.2,2.48,4.6,9.0,71.7,Pass,C
STU-2026-13295,Private,Suburban,Female,Bachelors,Yes,Yes,Yes,21.5,74.8,1.66,7.9,9.6,44.0,Fail,F
STU-2026-13296,Private,Suburban,Male,Masters,Yes,Yes,Yes,17.6,63.9,2.06,6.4,10.0,60.6,Pass,D
STU-2026-13297,Private,Urban,Male,Bachelors,Yes,No,No,22.1,98.1,2.24,6.9,13.7,63.4,Pass,D
STU-2026-13298,Public,Suburban,Female,High School,Yes,Yes,Yes,11.0,87.7,1.54,6.8,7.2,50.8,Fail,F
STU-2026-13299,Public,Suburban,Female,Masters,Yes,No,Yes,17.7,74.2,1.85,8.1,5.6,63.3,Pass,D
STU-2026-13300,Private,Rural,Male,Some College,Yes,Yes,No,4.3,74.1,2.43,4.9,8.1,44.8,Fail,F
STU-2026-13301,Public,Urban,Male,High School,Yes,Yes,No,21.3,70.3,2.7,7.0,8.6,52.8,Fail,F
STU-2026-13302,Public,Suburban,Male,High School,No,No,No,33.1,74.9,1.6,5.8,4.6,54.1,Fail,F
STU-2026-13303,Private,Suburban,Male,Doctorate,Yes,No,No,34.4,66.1,2.83,5.2,12.2,65.7,Pass,D
STU-2026-13304,Private,Urban,Male,High School,Yes,No,No,28.0,78.3,1.98,8.4,11.0,56.2,Fail,F
STU-2026-13305,Public,Suburban,Male,Masters,Yes,Yes,No,14.9,61.8,1.86,7.3,1.6,51.8,Fail,F
STU-2026-13306,Private,Urban,Female,Some College,Yes,Yes,No,8.8,62.2,3.21,6.2,7.0,56.8,Fail,F
STU-2026-13307,Public,Suburban,Female,High School,Yes,No,No,28.7,84.8,1.9,8.4,11.4,59.2,Fail,F
STU-2026-13308,Public,Suburban,Female,Masters,Yes,Yes,No,24.8,82.4,2.58,8.3,11.3,76.6,Pass,C
STU-2026-13309,Public,Urban,Female,Some College,Yes,No,No,20.0,60.0,2.97,7.0,14.6,54.2,Fail,F
STU-2026-13310,Private,Urban,Female,Masters,Yes,No,No,7.5,78.2,1.97,4.8,5.2,48.5,Fail,F
STU-2026-13311,Public,Suburban,Male,Some College,Yes,No,Yes,26.5,84.2,3.62,6.7,14.8,75.1,Pass,C
STU-2026-13312,Public,Urban,Female,Some College,Yes,Yes,Yes,17.1,63.7,3.42,8.2,7.3,60.6,Pass,D
STU-2026-13313,Private,Urban,Male,Some College,Yes,Yes,No,4.4,72.8,1.59,7.2,0.7,40.8,Fail,F
STU-2026-13314,Public,Urban,Female,Bachelors,Yes,No,No,14.8,65.7,3.84,7.1,12.6,64.3,Pass,D
STU-2026-13315,Public,Suburban,Male,Doctorate,Yes,Yes,No,33.0,89.5,2.91,5.0,11.9,79.5,Pass,C
STU-2026-13316,Public,Suburban,Female,Doctorate,Yes,Yes,No,17.8,74.6,2.42,6.0,12.9,60.2,Pass,D
STU-2026-13317,Private,Suburban,Female,Doctorate,Yes,Yes,No,9.1,67.6,1.7,8.4,3.0,49.2,Fail,F
STU-2026-13318,Public,Suburban,Male,Some College,Yes,Yes,Yes,8.8,92.5,3.52,4.8,10.0,68.4,Pass,D
STU-2026-13319,Public,Urban,Female,Masters,Yes,No,No,3.2,96.3,3.35,8.2,1.8,66.4,Pass,D
STU-2026-13320,Charter,Urban,Male,Bachelors,Yes,Yes,No,24.2,76.3,2.7,8.3,10.6,68.7,Pass,D
STU-2026-13321,Public,Urban,Male,Bachelors,Yes,No,No,29.6,86.9,2.65,5.0,1.3,66.5,Pass,D
STU-2026-13322,Public,Suburban,Female,Some College,Yes,No,No,6.4,61.2,3.62,8.3,7.4,47.3,Fail,F
STU-2026-13323,Private,Suburban,Female,Bachelors,Yes,Yes,No,28.6,80.8,2.2,6.4,14.8,64.6,Pass,D
STU-2026-13324,Private,Suburban,Male,Bachelors,Yes,No,Yes,30.2,90.5,1.85,4.6,8.3,67.4,Pass,D
STU-2026-13325,Private,Suburban,Female,Masters,Yes,No,Yes,34.1,68.8,3.45,4.8,10.8,82.2,Pass,B
STU-2026-13326,Charter,Suburban,Male,Doctorate,No,Yes,No,29.8,74.4,2.15,7.3,12.3,67.4,Pass,D
STU-2026-13327,Charter,Suburban,Male,Bachelors,Yes,No,Yes,22.9,98.6,2.31,9.2,5.0,73.8,Pass,C
STU-2026-13328,Public,Rural,Male,Masters,Yes,No,No,11.4,65.1,1.69,6.8,1.1,46.4,Fail,F
STU-2026-13329,Public,Suburban,Male,High School,Yes,No,No,34.2,87.3,3.24,8.2,14.6,73.9,Pass,C
STU-2026-13330,Public,Urban,Male,High School,Yes,Yes,No,21.2,67.1,1.52,7.1,14.1,46.4,Fail,F
STU-2026-13331,Private,Urban,Male,Some College,Yes,No,No,25.6,99.8,2.61,5.2,13.7,62.7,Pass,D
STU-2026-13332,Charter,Suburban,Female,Bachelors,Yes,Yes,Yes,11.0,74.2,2.78,8.7,13.3,57.9,Fail,F
STU-2026-13333,Public,Suburban,Female,Some College,Yes,Yes,Yes,10.8,62.7,3.23,6.3,9.9,53.3,Fail,F
STU-2026-13334,Public,Rural,Female,Bachelors,Yes,Yes,No,26.6,72.7,2.43,8.3,14.4,66.4,Pass,D
STU-2026-13335,Public,Urban,Male,Masters,Yes,No,Yes,19.6,63.5,2.96,5.2,8.5,69.7,Pass,D
STU-2026-13336,Public,Urban,Male,Bachelors,No,Yes,No,15.0,73.6,1.68,9.0,13.7,51.7,Fail,F
STU-2026-13337,Private,Urban,Female,Bachelors,Yes,No,No,9.4,91.4,1.73,5.0,13.9,47.0,Fail,F
STU-2026-13338,Public,Urban,Female,Masters,Yes,Yes,Yes,9.1,69.3,1.64,5.0,3.1,47.7,Fail,F
STU-2026-13339,Public,Urban,Female,High School,No,No,No,31.4,67.1,2.97,5.5,12.3,57.9,Fail,F
STU-2026-13340,Public,Urban,Female,Some College,Yes,No,No,11.2,62.6,3.84,4.6,7.6,55.6,Fail,F
STU-2026-13341,Private,Urban,Male,Bachelors,Yes,Yes,No,23.9,90.7,2.76,6.1,12.4,71.1,Pass,C
STU-2026-13342,Charter,Suburban,Male,Masters,Yes,Yes,No,11.6,78.3,1.52,6.2,9.6,49.6,Fail,F
STU-2026-13343,Public,Suburban,Female,Bachelors,Yes,No,No,19.3,69.1,3.45,6.9,13.0,66.8,Pass,D
STU-2026-13344,Public,Urban,Female,Masters,Yes,No,Yes,9.5,93.7,3.75,6.1,4.7,79.3,Pass,C
STU-2026-13345,Private,Urban,Male,Bachelors,Yes,Yes,No,2.6,71.7,3.19,5.4,0.8,56.8,Fail,F
STU-2026-13346,Public,Rural,Female,Masters,No,No,No,8.1,95.9,3.88,6.8,12.9,71.0,Pass,C
STU-2026-13347,Public,Suburban,Male,High School,Yes,No,No,31.9,87.5,1.5,4.7,4.0,59.9,Fail,F
STU-2026-13348,Private,Urban,Female,Bachelors,Yes,Yes,Yes,30.0,95.0,3.95,9.0,8.2,81.4,Pass,B
STU-2026-13349,Private,Suburban,Male,Bachelors,Yes,No,Yes,13.0,62.2,2.17,5.1,5.6,56.1,Fail,F
STU-2026-13350,Private,Urban,Female,High School,No,No,No,21.0,98.9,2.21,5.7,3.8,48.4,Fail,F
STU-2026-13351,Public,Suburban,Male,Some College,Yes,Yes,Yes,21.1,90.9,3.97,5.7,11.4,72.4,Pass,C
STU-2026-13352,Private,Rural,Male,Masters,Yes,Yes,Yes,6.9,72.4,3.57,4.9,8.7,72.2,Pass,C
STU-2026-13353,Private,Urban,Male,Doctorate,Yes,No,No,16.8,94.1,3.18,6.9,1.2,74.6,Pass,C
STU-2026-13354,Public,Urban,Male,Bachelors,Yes,No,No,6.1,74.1,2.75,5.0,9.5,55.4,Fail,F
STU-2026-13355,Public,Urban,Female,Bachelors,Yes,No,No,4.0,65.3,2.99,4.8,4.3,50.1,Fail,F
STU-2026-13356,Private,Urban,Female,Bachelors,Yes,No,Yes,33.6,76.0,3.62,6.5,13.0,78.3,Pass,C
STU-2026-13357,Private,Urban,Male,High School,Yes,Yes,Yes,26.4,98.0,2.68,6.8,7.7,67.6,Pass,D
STU-2026-13358,Private,Suburban,Male,Some College,Yes,No,No,28.0,90.0,2.75,5.1,4.5,72.4,Pass,C
STU-2026-13359,Private,Suburban,Female,Some College,Yes,No,No,29.0,95.6,1.75,5.9,2.3,64.4,Pass,D
STU-2026-13360,Public,Urban,Female,High School,Yes,No,No,27.7,94.9,2.45,5.5,14.3,71.2,Pass,C
STU-2026-13361,Charter,Urban,Male,Some College,Yes,Yes,No,24.9,72.8,1.96,6.3,11.5,58.3,Fail,F
STU-2026-13362,Private,Urban,Female,High School,Yes,No,Yes,4.2,93.2,2.05,6.0,7.8,48.4,Fail,F
STU-2026-13363,Public,Urban,Male,Bachelors,Yes,Yes,No,29.9,72.3,2.73,4.8,8.3,65.1,Pass,D
STU-2026-13364,Public,Urban,Female,High School,Yes,Yes,No,15.9,92.7,2.08,9.4,13.6,57.0,Fail,F
STU-2026-13365,Private,Rural,Female,Some College,Yes,Yes,No,24.1,92.9,3.44,5.0,14.7,68.9,Pass,D
STU-2026-13366,Public,Rural,Female,Bachelors,Yes,No,No,9.1,95.3,1.53,4.9,14.8,43.5,Fail,F
STU-2026-13367,Public,Urban,Male,High School,Yes,Yes,No,9.4,99.1,1.97,4.8,14.9,49.1,Fail,F
STU-2026-13368,Public,Suburban,Male,High School,No,Yes,No,21.6,74.0,2.68,9.4,2.6,60.4,Pass,D
STU-2026-13369,Private,Urban,Male,High School,Yes,Yes,No,8.2,75.8,3.26,8.6,7.8,53.2,Fail,F
STU-2026-13370,Public,Urban,Male,Bachelors,Yes,No,Yes,6.4,85.4,2.54,8.2,7.5,58.0,Fail,F
STU-2026-13371,Charter,Urban,Male,Masters,Yes,Yes,No,2.8,75.1,1.74,7.2,8.2,46.7,Fail,F
STU-2026-13372,Charter,Suburban,Male,Doctorate,Yes,No,No,22.4,62.6,2.6,8.6,11.9,63.4,Pass,D
STU-2026-13373,Public,Suburban,Male,Some College,Yes,Yes,Yes,34.7,89.0,1.85,8.9,10.3,67.4,Pass,D
STU-2026-13374,Public,Suburban,Female,Some College,No,Yes,No,21.3,96.9,2.13,7.5,10.7,53.5,Fail,F
STU-2026-13375,Public,Urban,Female,High School,Yes,No,No,18.6,68.4,3.06,7.6,3.0,56.8,Fail,F
STU-2026-13376,Private,Urban,Female,Some College,Yes,No,Yes,2.4,75.9,3.04,5.2,4.4,60.9,Pass,D
STU-2026-13377,Private,Suburban,Female,Bachelors,Yes,No,No,27.7,82.2,1.86,7.6,5.6,62.8,Pass,D
STU-2026-13378,Public,Suburban,Female,Some College,Yes,No,No,13.2,72.0,1.84,5.1,6.8,47.9,Fail,F
STU-2026-13379,Private,Urban,Female,Bachelors,Yes,No,Yes,27.3,94.2,2.11,6.9,4.2,74.2,Pass,C
STU-2026-13380,Public,Suburban,Male,Masters,Yes,Yes,No,23.3,76.5,2.06,9.2,6.2,51.7,Fail,F
STU-2026-13381,Public,Suburban,Female,Some College,No,No,No,20.2,90.8,2.45,4.6,3.0,46.0,Fail,F
STU-2026-13382,Charter,Suburban,Female,Bachelors,Yes,Yes,Yes,16.6,84.5,1.59,7.5,9.2,53.5,Fail,F
STU-2026-13383,Public,Suburban,Male,Some College,Yes,No,No,24.9,92.2,3.45,8.6,5.1,71.7,Pass,C
STU-2026-13384,Public,Suburban,Female,Some College,Yes,Yes,No,11.5,75.2,2.64,7.8,11.6,50.0,Fail,F
STU-2026-13385,Private,Suburban,Male,Bachelors,Yes,Yes,No,3.0,66.9,1.54,8.1,1.7,46.1,Fail,F
STU-2026-13386,Public,Urban,Male,High School,Yes,No,No,25.6,89.5,2.98,8.0,2.8,58.9,Fail,F
STU-2026-13387,Public,Urban,Male,Bachelors,No,Yes,No,17.3,85.3,1.67,7.9,7.6,49.7,Fail,F
STU-2026-13388,Public,Urban,Male,High School,Yes,Yes,Yes,17.4,69.1,3.42,5.3,4.7,69.3,Pass,D
STU-2026-13389,Charter,Suburban,Male,Masters,No,Yes,No,28.5,63.2,2.22,7.4,5.1,62.9,Pass,D
STU-2026-13390,Public,Urban,Male,Bachelors,Yes,No,Yes,15.3,66.9,2.56,6.5,13.8,58.5,Fail,F
STU-2026-13391,Private,Suburban,Female,Doctorate,No,No,Yes,33.5,71.1,2.33,9.0,5.6,71.1,Pass,C
STU-2026-13392,Private,Urban,Male,Masters,Yes,Yes,No,28.4,99.3,1.71,8.1,2.6,64.1,Pass,D
STU-2026-13393,Private,Rural,Male,Bachelors,Yes,No,No,24.2,95.9,2.36,6.2,4.1,63.7,Pass,D
STU-2026-13394,Public,Urban,Male,High School,Yes,No,No,27.2,89.8,3.14,6.7,4.8,62.9,Pass,D
STU-2026-13395,Public,Suburban,Female,Masters,Yes,Yes,No,17.2,92.5,2.95,8.2,7.6,65.3,Pass,D
STU-2026-13396,Public,Rural,Male,High School,Yes,No,Yes,28.1,85.0,2.5,7.0,3.7,61.4,Pass,D
STU-2026-13397,Public,Suburban,Female,Bachelors,Yes,No,No,12.6,66.8,1.85,5.4,14.3,40.7,Fail,F
STU-2026-13398,Public,Urban,Male,Some College,Yes,No,No,11.2,81.6,2.22,6.5,7.6,47.7,Fail,F
STU-2026-13399,Charter,Urban,Female,Some College,Yes,No,No,25.5,76.8,3.13,7.9,5.6,66.2,Pass,D
STU-2026-13400,Private,Rural,Male,High School,Yes,No,No,18.9,69.4,3.57,9.1,2.1,60.5,Pass,D
STU-2026-13401,Private,Suburban,Male,High School,Yes,Yes,No,15.4,75.8,3.42,7.3,6.0,66.1,Pass,D
STU-2026-13402,Public,Suburban,Female,Masters,Yes,Yes,Yes,8.3,68.6,3.57,8.8,12.5,62.9,Pass,D
STU-2026-13403,Charter,Suburban,Female,Some College,No,Yes,No,10.6,74.0,1.82,6.7,7.7,35.0,Fail,F
STU-2026-13404,Public,Urban,Male,Doctorate,Yes,No,No,11.4,91.9,2.99,4.6,1.5,66.8,Pass,D
STU-2026-13405,Charter,Urban,Male,Masters,Yes,No,Yes,13.5,68.2,2.22,5.0,5.4,58.8,Fail,F
STU-2026-13406,Public,Suburban,Female,Bachelors,Yes,Yes,No,26.9,91.0,3.98,7.0,11.1,75.9,Pass,C
STU-2026-13407,Charter,Urban,Male,Some College,No,Yes,Yes,6.4,82.5,2.29,9.4,14.9,49.1,Fail,F
STU-2026-13408,Private,Urban,Female,Bachelors,Yes,No,No,12.6,72.0,2.75,5.7,8.9,58.0,Fail,F
STU-2026-13409,Public,Suburban,Female,Doctorate,Yes,Yes,Yes,23.8,98.4,3.8,8.2,14.9,87.6,Pass,B
STU-2026-13410,Private,Suburban,Female,Some College,Yes,Yes,Yes,4.3,96.4,3.34,4.8,1.6,69.0,Pass,D
STU-2026-13411,Public,Suburban,Female,Bachelors,Yes,No,No,13.4,91.5,3.91,8.0,13.2,74.6,Pass,C
STU-2026-13412,Private,Suburban,Male,Some College,Yes,No,Yes,20.8,85.4,3.26,7.2,14.3,65.6,Pass,D
STU-2026-13413,Public,Urban,Female,Bachelors,Yes,No,No,28.4,99.0,3.84,8.7,3.9,74.2,Pass,C
STU-2026-13414,Private,Urban,Male,Some College,Yes,No,Yes,14.9,75.4,3.18,7.2,2.8,62.1,Pass,D
STU-2026-13415,Private,Urban,Male,Some College,Yes,No,Yes,7.9,79.0,3.76,9.2,8.4,62.8,Pass,D
STU-2026-13416,Public,Rural,Male,Some College,Yes,Yes,Yes,23.1,80.5,3.04,7.2,1.9,73.1,Pass,C
STU-2026-13417,Charter,Suburban,Female,Some College,Yes,Yes,No,14.8,98.5,2.21,6.2,1.1,51.0,Fail,F
STU-2026-13418,Private,Suburban,Female,High School,Yes,Yes,Yes,2.5,69.1,3.33,6.6,10.0,54.1,Fail,F
STU-2026-13419,Charter,Suburban,Female,Bachelors,Yes,No,No,24.7,69.9,3.88,4.9,9.4,75.3,Pass,C
STU-2026-13420,Private,Urban,Female,Masters,Yes,No,Yes,7.9,75.6,3.31,4.9,5.8,69.5,Pass,D
STU-2026-13421,Public,Urban,Female,High School,Yes,Yes,No,27.3,65.8,2.29,6.6,4.9,52.6,Fail,F
STU-2026-13422,Public,Suburban,Female,Some College,Yes,No,Yes,7.9,62.3,2.57,4.6,10.0,49.8,Fail,F
STU-2026-13423,Public,Suburban,Male,Bachelors,Yes,No,No,18.2,93.9,1.84,5.7,8.5,55.5,Fail,F
STU-2026-13424,Private,Suburban,Female,Masters,Yes,Yes,Yes,11.1,87.1,3.49,8.4,4.5,75.9,Pass,C
STU-2026-13425,Public,Suburban,Female,Bachelors,Yes,Yes,No,22.0,82.4,2.16,6.6,11.8,56.5,Fail,F
STU-2026-13426,Private,Urban,Male,Doctorate,No,Yes,No,27.8,72.0,2.48,9.3,1.4,69.1,Pass,D
STU-2026-13427,Private,Suburban,Female,Some College,Yes,Yes,No,32.3,66.3,3.42,9.3,13.4,71.8,Pass,C
STU-2026-13428,Public,Suburban,Male,High School,Yes,No,No,2.3,86.2,1.83,6.7,11.3,44.9,Fail,F
STU-2026-13429,Public,Urban,Male,Masters,Yes,No,No,9.0,76.1,1.58,4.7,8.7,47.2,Fail,F
STU-2026-13430,Public,Rural,Female,High School,Yes,No,No,34.3,75.7,3.35,7.0,1.7,75.3,Pass,C
STU-2026-13431,Charter,Urban,Male,High School,Yes,Yes,Yes,3.2,64.9,1.79,9.1,8.4,40.5,Fail,F
STU-2026-13432,Public,Suburban,Female,High School,Yes,No,No,7.3,88.7,2.21,6.1,7.2,50.7,Fail,F
STU-2026-13433,Public,Suburban,Female,Some College,Yes,No,No,30.1,82.0,2.49,9.1,12.8,57.6,Fail,F
STU-2026-13434,Public,Suburban,Female,Some College,Yes,Yes,No,22.1,61.9,2.0,7.6,1.7,53.6,Fail,F
STU-2026-13435,Public,Suburban,Male,Bachelors,Yes,No,Yes,9.2,70.8,2.82,6.0,5.8,61.1,Pass,D
STU-2026-13436,Public,Urban,Male,Bachelors,Yes,No,No,13.2,74.2,2.59,7.3,10.1,60.5,Pass,D
STU-2026-13437,Public,Suburban,Male,Masters,No,No,No,12.1,73.9,3.72,9.1,1.8,66.5,Pass,D
STU-2026-13438,Public,Suburban,Male,Some College,Yes,No,No,5.9,72.2,1.86,9.3,0.2,44.9,Fail,F
STU-2026-13439,Public,Suburban,Female,Bachelors,Yes,Yes,Yes,33.3,63.0,3.83,6.9,0.6,79.5,Pass,C
STU-2026-13440,Private,Urban,Female,Bachelors,Yes,Yes,Yes,19.4,84.9,2.46,5.9,11.6,66.1,Pass,D
STU-2026-13441,Private,Urban,Female,Bachelors,Yes,Yes,Yes,4.6,77.1,3.36,7.1,12.9,58.5,Fail,F
STU-2026-13442,Public,Urban,Male,High School,Yes,No,Yes,24.6,74.4,1.67,8.0,13.6,57.6,Fail,F
STU-2026-13443,Private,Urban,Male,Some College,Yes,Yes,No,33.6,61.9,1.88,6.4,2.5,60.0,Pass,D
STU-2026-13444,Charter,Urban,Male,High School,Yes,No,Yes,27.3,90.7,2.28,6.3,10.4,64.7,Pass,D
STU-2026-13445,Private,Urban,Male,Bachelors,Yes,No,No,21.9,91.3,2.38,7.7,7.9,63.7,Pass,D
STU-2026-13446,Public,Urban,Female,High School,Yes,No,Yes,16.5,61.5,2.34,8.1,6.7,47.1,Fail,F
STU-2026-13447,Private,Suburban,Female,Bachelors,Yes,Yes,Yes,23.0,67.2,2.14,5.4,5.3,51.1,Fail,F
STU-2026-13448,Public,Urban,Male,Doctorate,No,No,Yes,18.7,94.0,1.67,4.6,4.0,47.8,Fail,F
STU-2026-13449,Public,Urban,Male,Some College,Yes,No,Yes,8.9,89.3,3.58,6.2,3.5,72.6,Pass,C
STU-2026-13450,Private,Urban,Male,Masters,Yes,No,No,31.8,98.2,2.11,6.3,1.1,68.0,Pass,D
STU-2026-13451,Public,Suburban,Male,Some College,Yes,Yes,No,34.8,91.8,2.77,7.9,6.8,67.2,Pass,D
STU-2026-13452,Public,Urban,Male,Masters,Yes,Yes,No,5.0,60.8,1.72,8.0,5.5,41.6,Fail,F
STU-2026-13453,Private,Rural,Female,Doctorate,No,No,Yes,28.9,83.3,1.6,6.0,7.8,57.1,Fail,F
STU-2026-13454,Public,Suburban,Female,Some College,Yes,No,No,30.6,85.6,4.0,9.4,2.3,83.7,Pass,B
STU-2026-13455,Public,Suburban,Female,Masters,No,Yes,Yes,24.4,78.3,2.91,5.9,14.2,68.5,Pass,D
STU-2026-13456,Charter,Urban,Female,Doctorate,Yes,No,No,20.2,99.5,3.34,7.2,7.9,77.9,Pass,C
STU-2026-13457,Public,Suburban,Male,High School,Yes,No,Yes,26.8,69.0,3.9,8.5,7.5,69.9,Pass,D
STU-2026-13458,Private,Suburban,Male,Bachelors,No,Yes,No,23.0,63.3,2.19,4.9,13.0,51.2,Fail,F
STU-2026-13459,Public,Suburban,Male,High School,Yes,No,No,20.6,69.9,2.54,5.2,1.7,56.1,Fail,F
STU-2026-13460,Public,Suburban,Male,Bachelors,Yes,Yes,No,30.4,74.9,1.77,6.8,8.6,60.4,Pass,D
STU-2026-13461,Public,Urban,Female,Bachelors,Yes,Yes,Yes,30.1,60.1,1.96,5.0,13.0,66.8,Pass,D
STU-2026-13462,Private,Rural,Male,Bachelors,Yes,Yes,No,26.9,60.3,2.59,5.6,3.4,59.4,Fail,F
STU-2026-13463,Public,Suburban,Male,Some College,Yes,Yes,No,33.3,65.0,3.93,5.4,4.7,75.4,Pass,C
STU-2026-13464,Public,Urban,Male,Masters,Yes,Yes,Yes,29.4,92.6,2.5,8.2,9.4,73.5,Pass,C
STU-2026-13465,Private,Suburban,Male,Some College,Yes,No,Yes,25.8,62.8,2.03,6.2,7.2,63.4,Pass,D
STU-2026-13466,Public,Suburban,Female,Doctorate,Yes,Yes,No,26.4,75.8,3.52,6.6,3.1,77.0,Pass,C
STU-2026-13467,Private,Urban,Male,Some College,No,Yes,Yes,5.6,76.7,2.96,9.5,14.8,57.4,Fail,F
STU-2026-13468,Public,Suburban,Female,Some College,Yes,Yes,No,17.0,80.5,1.77,9.1,14.9,54.0,Fail,F
STU-2026-13469,Private,Urban,Female,Bachelors,Yes,Yes,Yes,17.5,61.9,3.95,8.1,5.0,76.8,Pass,C
STU-2026-13470,Public,Urban,Male,Some College,Yes,Yes,Yes,21.4,86.0,3.43,6.9,7.8,74.7,Pass,C
STU-2026-13471,Public,Suburban,Male,Some College,Yes,No,No,3.3,86.1,2.25,7.6,4.8,52.5,Fail,F
STU-2026-13472,Public,Urban,Male,Some College,Yes,Yes,Yes,27.7,84.7,1.57,5.3,3.0,65.3,Pass,D
STU-2026-13473,Public,Urban,Male,Some College,Yes,Yes,Yes,9.9,67.9,2.15,8.0,13.6,52.5,Fail,F
STU-2026-13474,Charter,Suburban,Male,High School,Yes,Yes,No,28.7,75.2,2.29,8.8,3.8,61.0,Pass,D
STU-2026-13475,Public,Suburban,Female,High School,Yes,Yes,No,26.3,93.6,3.43,5.1,2.6,65.0,Pass,D
STU-2026-13476,Public,Urban,Male,Bachelors,Yes,No,No,24.0,75.8,2.35,6.4,0.4,58.5,Fail,F
STU-2026-13477,Private,Suburban,Female,High School,No,Yes,No,22.2,70.9,3.53,5.3,12.4,60.1,Pass,D
STU-2026-13478,Private,Urban,Female,Some College,Yes,No,No,21.9,61.9,1.78,6.4,9.2,49.6,Fail,F
STU-2026-13479,Public,Urban,Female,Some College,Yes,Yes,Yes,23.8,82.5,2.25,6.3,2.8,66.0,Pass,D
STU-2026-13480,Charter,Suburban,Female,Some College,Yes,Yes,No,16.3,77.5,2.15,8.3,7.8,50.9,Fail,F
STU-2026-13481,Private,Rural,Female,Bachelors,Yes,Yes,Yes,30.7,96.4,2.59,6.8,9.4,77.8,Pass,C
STU-2026-13482,Public,Suburban,Male,High School,Yes,No,Yes,7.5,99.6,3.18,5.7,14.8,61.4,Pass,D
STU-2026-13483,Private,Suburban,Male,High School,Yes,Yes,No,26.9,96.5,2.2,6.0,13.0,60.7,Pass,D
STU-2026-13484,Public,Suburban,Male,Some College,Yes,No,Yes,9.2,61.4,2.01,8.8,10.0,56.1,Fail,F
STU-2026-13485,Public,Suburban,Male,High School,Yes,No,Yes,21.2,73.9,3.66,8.7,4.4,68.2,Pass,D
STU-2026-13486,Public,Suburban,Male,Bachelors,Yes,No,No,28.1,66.1,3.38,9.4,6.4,68.5,Pass,D
STU-2026-13487,Public,Rural,Male,Bachelors,Yes,Yes,No,26.8,72.2,2.0,7.0,14.2,57.8,Fail,F
STU-2026-13488,Private,Suburban,Male,Some College,Yes,Yes,No,14.7,74.1,3.18,4.6,4.4,66.2,Pass,D
STU-2026-13489,Public,Urban,Female,High School,Yes,Yes,Yes,7.6,76.7,3.73,8.5,7.5,57.2,Fail,F
STU-2026-13490,Public,Urban,Female,Some College,Yes,No,No,9.9,97.9,2.43,6.5,6.8,51.4,Fail,F
STU-2026-13491,Public,Suburban,Male,Some College,No,Yes,No,7.3,83.7,1.51,6.8,10.2,46.9,Fail,F
STU-2026-13492,Public,Urban,Female,Bachelors,Yes,No,No,23.1,78.4,1.53,8.5,7.9,58.5,Fail,F
STU-2026-13493,Public,Suburban,Female,Masters,Yes,No,No,27.5,93.9,2.16,9.1,7.3,65.5,Pass,D
STU-2026-13494,Charter,Suburban,Female,High School,No,Yes,No,16.6,75.2,3.81,8.4,10.6,53.5,Fail,F
STU-2026-13495,Public,Urban,Female,Masters,Yes,Yes,Yes,8.6,74.0,3.54,5.5,14.6,69.5,Pass,D
STU-2026-13496,Public,Suburban,Female,Bachelors,No,No,Yes,20.0,61.3,3.69,9.0,6.6,64.7,Pass,D
STU-2026-13497,Private,Urban,Male,Some College,Yes,No,No,24.6,64.4,2.87,9.0,14.5,57.1,Fail,F
STU-2026-13498,Public,Suburban,Female,Some College,Yes,No,No,14.1,69.1,3.27,8.3,2.9,57.2,Fail,F
STU-2026-13499,Public,Suburban,Female,Some College,Yes,Yes,Yes,32.0,77.5,3.81,6.9,2.8,82.3,Pass,B
STU-2026-13500,Public,Suburban,Female,Masters,Yes,Yes,No,17.4,74.4,1.72,9.0,13.1,58.3,Fail,F
STU-2026-13501,Public,Urban,Female,Bachelors,No,Yes,No,32.4,85.7,2.8,5.9,0.9,66.5,Pass,D
STU-2026-13502,Private,Suburban,Female,Doctorate,Yes,Yes,No,21.9,94.9,1.51,7.3,14.3,59.2,Fail,F
STU-2026-13503,Public,Suburban,Male,High School,Yes,Yes,No,20.5,91.7,2.21,9.2,3.5,53.4,Fail,F
STU-2026-13504,Private,Suburban,Male,Masters,Yes,Yes,No,9.5,94.8,3.6,7.6,5.7,68.3,Pass,D
STU-2026-13505,Public,Suburban,Female,Masters,Yes,Yes,No,12.7,82.3,3.05,7.5,4.8,59.8,Fail,F
STU-2026-13506,Private,Urban,Female,Bachelors,Yes,Yes,Yes,9.7,90.5,2.92,7.6,7.9,57.9,Fail,F
STU-2026-13507,Private,Suburban,Female,Some College,Yes,Yes,Yes,13.2,63.1,1.76,7.1,14.9,55.9,Fail,F
STU-2026-13508,Public,Suburban,Male,Bachelors,No,No,No,18.7,79.2,2.24,5.3,13.0,51.0,Fail,F
STU-2026-13509,Public,Urban,Female,Bachelors,Yes,Yes,Yes,15.1,83.0,3.1,7.4,8.2,73.5,Pass,C
STU-2026-13510,Public,Urban,Male,Bachelors,Yes,No,No,7.1,71.8,2.84,5.1,9.3,54.9,Fail,F
STU-2026-13511,Private,Rural,Female,Bachelors,Yes,No,Yes,17.3,96.7,2.95,7.9,6.6,74.9,Pass,C
STU-2026-13512,Charter,Urban,Female,Bachelors,Yes,No,No,31.5,69.1,3.59,7.1,10.9,70.1,Pass,C
STU-2026-13513,Private,Urban,Male,High School,Yes,No,No,18.4,78.2,2.2,8.1,3.5,50.4,Fail,F
STU-2026-13514,Private,Urban,Female,Some College,Yes,No,No,30.5,66.8,2.18,6.3,13.5,61.0,Pass,D
STU-2026-13515,Public,Urban,Male,Some College,Yes,No,No,34.1,78.1,3.09,7.1,12.2,68.5,Pass,D
STU-2026-13516,Public,Urban,Female,Some College,Yes,Yes,Yes,5.8,61.4,2.87,6.0,3.4,54.8,Fail,F
STU-2026-13517,Public,Urban,Male,Some College,Yes,Yes,No,30.7,84.1,3.07,8.6,13.2,67.7,Pass,D
STU-2026-13518,Private,Suburban,Male,High School,Yes,Yes,No,13.4,99.6,2.83,9.2,12.5,57.8,Fail,F
STU-2026-13519,Public,Suburban,Female,High School,Yes,No,Yes,3.6,63.4,3.64,4.6,9.0,61.3,Pass,D
STU-2026-13520,Public,Urban,Female,Masters,Yes,Yes,No,24.7,84.5,2.64,5.5,2.0,71.8,Pass,C
STU-2026-13521,Public,Suburban,Male,Masters,Yes,No,No,5.9,67.2,3.09,5.7,7.2,57.9,Fail,F
STU-2026-13522,Public,Rural,Male,High School,Yes,No,No,31.9,61.5,3.8,5.5,11.1,70.1,Pass,C
STU-2026-13523,Private,Rural,Female,Masters,Yes,Yes,Yes,32.5,91.6,1.72,7.3,7.0,70.4,Pass,C
STU-2026-13524,Private,Suburban,Female,Bachelors,Yes,No,No,12.9,93.7,2.73,8.3,5.1,74.3,Pass,C
STU-2026-13525,Public,Rural,Female,Masters,Yes,Yes,No,7.2,75.4,3.64,7.0,14.6,61.5,Pass,D
STU-2026-13526,Private,Suburban,Male,Some College,Yes,No,Yes,31.1,63.3,3.2,7.0,14.5,72.6,Pass,C
STU-2026-13527,Public,Urban,Male,Masters,Yes,Yes,Yes,10.1,82.6,1.63,9.5,6.2,51.9,Fail,F
STU-2026-13528,Public,Suburban,Male,Some College,Yes,No,No,22.8,60.9,2.2,5.9,2.4,47.7,Fail,F
STU-2026-13529,Private,Rural,Female,High School,No,No,No,17.7,92.5,2.92,4.8,8.9,55.1,Fail,F
STU-2026-13530,Private,Urban,Male,High School,Yes,Yes,No,7.7,97.7,3.37,6.0,5.0,65.1,Pass,D
STU-2026-13531,Private,Urban,Female,High School,Yes,Yes,Yes,17.0,75.5,2.16,6.4,2.0,53.0,Fail,F
STU-2026-13532,Charter,Rural,Female,Some College,Yes,No,No,20.7,90.2,2.31,5.1,4.0,55.5,Fail,F
STU-2026-13533,Public,Urban,Male,Masters,Yes,No,Yes,26.3,89.5,3.31,7.5,9.4,83.4,Pass,B
STU-2026-13534,Public,Urban,Male,Masters,Yes,No,No,17.7,83.9,3.97,8.6,14.7,78.1,Pass,C
STU-2026-13535,Public,Suburban,Female,Some College,No,No,No,8.0,69.9,3.96,5.2,1.9,59.4,Fail,F
STU-2026-13536,Public,Suburban,Male,Some College,Yes,Yes,Yes,7.9,74.0,2.79,7.6,6.3,61.5,Pass,D
STU-2026-13537,Private,Urban,Male,Bachelors,Yes,Yes,No,8.7,74.2,3.06,7.8,13.4,58.1,Fail,F
STU-2026-13538,Public,Suburban,Male,Masters,Yes,Yes,No,29.8,85.0,3.56,7.4,3.5,78.6,Pass,C
STU-2026-13539,Private,Urban,Female,Some College,No,Yes,Yes,22.1,65.8,1.67,5.4,0.3,52.8,Fail,F
STU-2026-13540,Public,Urban,Male,High School,Yes,No,Yes,13.5,69.3,2.08,6.0,5.6,51.8,Fail,F
STU-2026-13541,Public,Suburban,Female,Masters,Yes,Yes,Yes,6.3,76.2,2.4,7.3,2.8,55.2,Fail,F
STU-2026-13542,Public,Suburban,Male,Bachelors,Yes,No,No,23.5,85.6,3.81,5.6,5.5,77.6,Pass,C
STU-2026-13543,Charter,Urban,Male,High School,Yes,Yes,Yes,15.6,74.3,3.82,8.0,12.4,80.1,Pass,B
STU-2026-13544,Private,Urban,Male,High School,Yes,Yes,No,26.4,79.1,2.69,4.6,7.4,55.1,Fail,F
STU-2026-13545,Public,Suburban,Female,Some College,Yes,No,No,22.5,61.7,2.6,8.5,14.2,55.1,Fail,F
STU-2026-13546,Private,Urban,Male,High School,Yes,No,Yes,6.8,94.7,3.04,8.9,9.4,64.1,Pass,D
STU-2026-13547,Private,Rural,Female,Masters,Yes,Yes,No,20.6,60.2,1.84,7.1,10.2,51.9,Fail,F
STU-2026-13548,Private,Suburban,Female,Bachelors,Yes,Yes,No,34.7,83.2,3.48,4.9,1.8,76.3,Pass,C
STU-2026-13549,Public,Suburban,Female,Some College,Yes,No,Yes,21.0,94.2,1.81,6.7,4.7,64.3,Pass,D
STU-2026-13550,Public,Urban,Male,Some College,Yes,Yes,Yes,8.4,99.8,2.24,8.8,12.0,54.5,Fail,F
STU-2026-13551,Private,Suburban,Male,High School,Yes,Yes,Yes,19.5,67.6,1.6,5.4,1.5,49.2,Fail,F
STU-2026-13552,Public,Urban,Male,Some College,Yes,No,No,16.1,71.5,2.3,7.4,8.7,50.8,Fail,F
STU-2026-13553,Public,Urban,Female,Bachelors,Yes,No,No,15.8,77.4,2.62,6.6,8.2,55.8,Fail,F
STU-2026-13554,Private,Urban,Female,Some College,Yes,Yes,No,12.2,79.4,2.26,6.5,7.4,48.9,Fail,F
STU-2026-13555,Public,Suburban,Female,Some College,Yes,Yes,No,2.2,77.6,2.28,8.1,14.8,42.4,Fail,F
STU-2026-13556,Public,Suburban,Male,Bachelors,Yes,Yes,No,31.9,88.3,2.52,7.8,3.7,65.6,Pass,D
STU-2026-13557,Public,Urban,Female,Some College,Yes,Yes,No,20.8,91.4,1.98,6.5,6.2,59.7,Fail,F
STU-2026-13558,Public,Urban,Female,Some College,No,Yes,Yes,3.8,83.4,3.59,6.1,6.5,67.2,Pass,D
STU-2026-13559,Charter,Urban,Male,Masters,Yes,Yes,No,17.8,83.7,2.56,7.4,10.8,59.6,Fail,F
STU-2026-13560,Private,Suburban,Female,Bachelors,Yes,Yes,Yes,5.7,90.0,1.59,4.7,11.7,55.0,Fail,F
STU-2026-13561,Public,Urban,Male,Some College,Yes,No,No,10.4,79.7,2.19,6.0,6.3,53.1,Fail,F
STU-2026-13562,Private,Urban,Male,Masters,Yes,No,No,13.3,79.9,2.25,9.4,13.1,56.3,Fail,F
STU-2026-13563,Public,Urban,Female,Masters,Yes,Yes,Yes,2.1,61.3,1.93,9.2,11.5,49.4,Fail,F
STU-2026-13564,Charter,Suburban,Female,Some College,Yes,No,No,14.7,65.2,2.53,9.1,4.6,50.2,Fail,F
STU-2026-13565,Private,Suburban,Female,High School,Yes,Yes,No,11.1,87.0,3.81,5.0,10.0,67.4,Pass,D
STU-2026-13566,Public,Urban,Male,Doctorate,Yes,Yes,No,11.9,67.4,3.87,4.9,10.8,64.7,Pass,D
STU-2026-13567,Charter,Urban,Female,Masters,Yes,Yes,Yes,15.0,67.2,1.93,6.8,13.0,55.9,Fail,F
STU-2026-13568,Private,Urban,Female,Bachelors,Yes,No,No,29.0,68.0,3.35,8.1,10.5,69.1,Pass,D
STU-2026-13569,Private,Suburban,Female,Some College,Yes,Yes,No,19.5,69.3,3.26,7.1,6.2,60.9,Pass,D
STU-2026-13570,Public,Suburban,Male,High School,Yes,Yes,Yes,8.2,78.0,3.82,5.1,14.8,66.9,Pass,D
STU-2026-13571,Public,Urban,Male,Bachelors,Yes,No,No,24.8,76.7,3.43,9.4,9.3,71.3,Pass,C
STU-2026-13572,Public,Suburban,Male,Some College,Yes,No,Yes,20.8,93.8,2.06,4.6,1.1,62.3,Pass,D
STU-2026-13573,Private,Suburban,Male,Some College,Yes,No,No,15.9,97.6,2.82,5.1,1.3,61.5,Pass,D
STU-2026-13574,Public,Suburban,Female,Some College,No,Yes,No,23.4,68.4,1.63,9.4,4.9,49.3,Fail,F
STU-2026-13575,Public,Urban,Female,Bachelors,Yes,Yes,No,29.5,81.3,1.79,7.9,8.5,58.5,Fail,F
STU-2026-13576,Public,Urban,Female,Bachelors,Yes,No,Yes,20.5,69.7,2.5,9.1,14.7,64.2,Pass,D
STU-2026-13577,Private,Suburban,Female,Some College,No,No,Yes,26.0,70.7,3.13,6.9,2.9,68.1,Pass,D
STU-2026-13578,Public,Suburban,Female,High School,Yes,No,No,24.3,61.1,3.96,6.0,5.8,65.8,Pass,D
STU-2026-13579,Public,Urban,Male,Bachelors,Yes,No,No,20.6,86.3,3.38,5.2,7.2,68.6,Pass,D
STU-2026-13580,Public,Urban,Male,Some College,Yes,Yes,No,32.3,70.1,2.84,7.9,4.2,66.5,Pass,D
STU-2026-13581,Private,Suburban,Male,High School,Yes,No,No,25.3,66.6,1.71,8.9,10.1,54.7,Fail,F
STU-2026-13582,Private,Suburban,Female,Bachelors,Yes,No,No,30.4,85.3,2.82,7.5,12.8,72.9,Pass,C
STU-2026-13583,Public,Rural,Female,Some College,Yes,Yes,Yes,7.6,69.7,3.67,7.7,0.1,68.2,Pass,D
STU-2026-13584,Private,Suburban,Female,Some College,Yes,Yes,No,29.1,65.4,2.64,8.3,14.5,64.0,Pass,D
STU-2026-13585,Public,Urban,Male,Some College,No,Yes,No,13.5,61.7,3.17,8.4,3.9,47.3,Fail,F
STU-2026-13586,Public,Urban,Female,Some College,No,Yes,Yes,9.2,96.6,3.18,8.8,9.7,67.5,Pass,D
STU-2026-13587,Private,Rural,Male,Some College,Yes,No,Yes,14.1,70.2,2.23,5.9,13.5,53.8,Fail,F
STU-2026-13588,Public,Suburban,Male,Some College,Yes,Yes,Yes,30.1,90.4,2.57,8.7,12.5,76.2,Pass,C
STU-2026-13589,Public,Urban,Female,High School,Yes,Yes,No,34.6,64.1,3.81,4.6,10.8,72.2,Pass,C
STU-2026-13590,Public,Suburban,Female,Some College,Yes,Yes,Yes,8.8,83.6,3.58,5.7,0.7,59.7,Fail,F
STU-2026-13591,Public,Urban,Male,Bachelors,Yes,Yes,No,13.9,85.4,1.96,8.2,6.3,55.0,Fail,F
STU-2026-13592,Public,Urban,Female,Bachelors,Yes,No,No,14.7,94.7,3.23,6.9,5.8,63.0,Pass,D
STU-2026-13593,Public,Rural,Female,Some College,Yes,Yes,Yes,21.2,65.5,1.65,9.4,2.7,47.6,Fail,F
STU-2026-13594,Public,Urban,Female,Masters,Yes,Yes,No,26.0,87.2,3.51,5.7,3.6,80.2,Pass,B
STU-2026-13595,Public,Urban,Male,Bachelors,Yes,Yes,Yes,28.7,64.3,3.53,5.6,5.0,75.1,Pass,C
STU-2026-13596,Charter,Urban,Female,High School,Yes,Yes,Yes,9.4,63.2,1.55,8.5,7.9,51.5,Fail,F
STU-2026-13597,Private,Suburban,Male,Bachelors,Yes,Yes,Yes,28.9,93.6,1.58,7.3,2.7,66.8,Pass,D
STU-2026-13598,Public,Suburban,Male,Some College,Yes,Yes,No,19.0,74.1,3.51,7.5,8.6,63.4,Pass,D
STU-2026-13599,Public,Urban,Male,Some College,Yes,Yes,No,12.3,80.9,2.94,6.4,7.2,61.8,Pass,D
STU-2026-13600,Charter,Suburban,Female,Bachelors,Yes,Yes,No,17.2,87.3,1.62,8.2,0.5,55.6,Fail,F
STU-2026-13601,Charter,Suburban,Female,High School,Yes,No,Yes,10.8,74.7,3.43,5.4,14.4,63.5,Pass,D
STU-2026-13602,Private,Suburban,Male,High School,Yes,Yes,No,27.3,86.2,3.0,5.1,14.2,65.1,Pass,D
STU-2026-13603,Public,Suburban,Male,Masters,Yes,Yes,Yes,30.7,99.8,4.0,5.5,10.2,90.3,Pass,A
STU-2026-13604,Public,Urban,Female,Masters,Yes,Yes,Yes,2.4,96.7,1.57,4.7,0.4,52.5,Fail,F
STU-2026-13605,Public,Suburban,Male,Some College,Yes,No,Yes,28.2,65.8,2.73,8.6,0.3,70.3,Pass,C
STU-2026-13606,Public,Suburban,Female,High School,Yes,No,No,27.9,94.4,3.43,8.3,6.7,71.2,Pass,C
STU-2026-13607,Charter,Rural,Female,Some College,Yes,No,No,27.4,66.4,2.54,7.4,9.8,56.1,Fail,F
STU-2026-13608,Public,Suburban,Male,Some College,Yes,Yes,No,9.9,95.7,3.99,8.9,2.2,71.7,Pass,C
STU-2026-13609,Public,Rural,Female,Some College,Yes,No,No,11.7,90.1,3.99,6.3,14.9,63.4,Pass,D
STU-2026-13610,Charter,Suburban,Male,Some College,No,Yes,No,9.8,73.6,1.84,4.6,4.3,50.8,Fail,F
STU-2026-13611,Public,Urban,Female,Some College,Yes,Yes,Yes,31.2,62.5,2.01,5.4,11.0,59.8,Fail,F
STU-2026-13612,Public,Suburban,Male,High School,Yes,Yes,No,13.4,88.7,3.45,6.4,5.0,55.0,Fail,F
STU-2026-13613,Public,Urban,Female,Bachelors,Yes,Yes,No,24.1,91.6,2.39,7.4,7.5,70.4,Pass,C
STU-2026-13614,Public,Urban,Female,Bachelors,Yes,No,No,18.2,71.0,2.97,4.6,14.8,58.2,Fail,F
STU-2026-13615,Private,Suburban,Female,High School,Yes,No,Yes,8.1,73.7,3.71,4.8,11.1,63.4,Pass,D
STU-2026-13616,Private,Urban,Female,Some College,Yes,Yes,No,16.4,99.4,2.4,7.0,7.0,58.5,Fail,F
STU-2026-13617,Private,Rural,Female,Bachelors,Yes,No,No,6.1,65.2,3.26,6.7,2.9,49.0,Fail,F
STU-2026-13618,Public,Urban,Male,Masters,No,Yes,No,24.1,91.1,3.14,6.3,5.2,72.1,Pass,C
STU-2026-13619,Public,Suburban,Male,Masters,No,No,Yes,10.8,90.8,3.68,6.7,13.6,72.4,Pass,C
STU-2026-13620,Public,Urban,Male,Some College,Yes,Yes,Yes,27.1,68.7,1.72,5.7,8.5,65.8,Pass,D
STU-2026-13621,Private,Rural,Male,Masters,No,No,Yes,20.8,60.0,2.19,5.1,2.1,63.3,Pass,D
STU-2026-13622,Charter,Suburban,Male,High School,Yes,Yes,No,21.9,75.0,3.55,7.0,11.6,69.8,Pass,D
STU-2026-13623,Private,Rural,Female,High School,Yes,Yes,No,10.7,95.5,2.87,6.2,2.9,57.1,Fail,F
STU-2026-13624,Public,Suburban,Female,Doctorate,Yes,No,No,18.9,97.8,1.75,9.4,9.7,67.7,Pass,D
STU-2026-13625,Public,Suburban,Female,Bachelors,No,No,Yes,16.7,97.5,3.33,6.6,1.3,69.8,Pass,D
STU-2026-13626,Public,Urban,Male,Bachelors,Yes,No,No,2.2,89.2,3.89,6.1,13.6,67.8,Pass,D
STU-2026-13627,Public,Urban,Male,Doctorate,Yes,No,No,14.1,66.4,3.63,6.5,8.4,78.8,Pass,C
STU-2026-13628,Public,Urban,Male,Masters,Yes,No,Yes,23.0,82.5,2.67,6.9,6.9,75.0,Pass,C
STU-2026-13629,Private,Suburban,Male,Some College,Yes,No,No,28.8,63.2,3.34,8.3,12.2,71.4,Pass,C
STU-2026-13630,Public,Suburban,Male,Masters,Yes,Yes,No,4.6,76.9,1.86,5.8,2.1,46.7,Fail,F
STU-2026-13631,Private,Urban,Male,Some College,Yes,No,Yes,20.6,66.6,2.65,9.0,10.8,58.4,Fail,F
STU-2026-13632,Charter,Urban,Female,High School,Yes,Yes,Yes,13.0,64.9,2.14,5.6,8.0,58.6,Fail,F
STU-2026-13633,Public,Suburban,Female,Some College,No,No,No,11.9,62.2,3.49,8.5,6.7,51.1,Fail,F
STU-2026-13634,Public,Urban,Male,Some College,Yes,No,No,19.9,90.7,3.89,5.5,0.9,73.8,Pass,C
STU-2026-13635,Public,Suburban,Male,Bachelors,Yes,No,No,10.6,87.9,1.85,4.6,2.1,53.3,Fail,F
STU-2026-13636,Private,Urban,Female,Bachelors,Yes,No,No,13.8,68.7,3.41,8.9,14.3,64.4,Pass,D
STU-2026-13637,Public,Suburban,Female,High School,Yes,No,No,26.2,64.1,2.69,7.0,4.0,61.5,Pass,D
STU-2026-13638,Private,Suburban,Female,Some College,Yes,Yes,Yes,22.8,61.6,2.15,5.7,7.5,56.8,Fail,F
STU-2026-13639,Public,Urban,Male,High School,Yes,Yes,No,31.7,94.7,3.71,6.0,12.5,74.6,Pass,C
STU-2026-13640,Private,Urban,Female,Masters,Yes,No,Yes,33.5,97.7,2.79,5.2,4.4,85.1,Pass,B
STU-2026-13641,Public,Urban,Male,Some College,Yes,Yes,No,22.6,66.9,2.14,5.6,13.9,55.5,Fail,F
STU-2026-13642,Private,Urban,Male,Masters,Yes,Yes,No,2.0,65.0,3.2,7.6,11.3,58.4,Fail,F
STU-2026-13643,Public,Suburban,Male,Doctorate,Yes,No,No,7.4,86.2,2.12,8.9,12.9,52.0,Fail,F
STU-2026-13644,Private,Urban,Female,Bachelors,Yes,No,No,22.0,88.8,3.44,5.8,12.0,66.6,Pass,D
STU-2026-13645,Private,Suburban,Male,High School,Yes,Yes,No,28.9,77.7,2.41,7.5,2.0,62.4,Pass,D
STU-2026-13646,Public,Rural,Male,High School,Yes,No,Yes,22.9,87.6,3.67,9.1,13.0,75.2,Pass,C
STU-2026-13647,Private,Suburban,Male,High School,Yes,No,Yes,28.0,68.8,3.99,7.7,5.4,74.5,Pass,C
STU-2026-13648,Private,Urban,Female,Some College,Yes,Yes,No,14.9,76.9,1.82,5.1,9.9,49.6,Fail,F
STU-2026-13649,Public,Urban,Female,Doctorate,Yes,No,No,12.7,95.4,3.35,8.8,7.1,71.6,Pass,C
STU-2026-13650,Charter,Suburban,Male,Bachelors,Yes,No,No,21.3,82.3,1.7,8.0,0.5,56.4,Fail,F
STU-2026-13651,Public,Suburban,Male,Some College,Yes,No,Yes,4.5,96.7,1.56,5.9,14.0,45.0,Fail,F
STU-2026-13652,Private,Suburban,Female,High School,Yes,Yes,No,10.2,91.6,2.13,6.2,14.8,52.8,Fail,F
STU-2026-13653,Public,Urban,Male,Bachelors,Yes,No,No,31.0,62.9,2.55,7.2,6.0,63.3,Pass,D
STU-2026-13654,Private,Urban,Female,Bachelors,Yes,No,Yes,31.4,86.1,2.15,5.5,1.9,73.4,Pass,C
STU-2026-13655,Charter,Suburban,Male,Some College,Yes,Yes,Yes,13.8,69.6,2.13,7.3,1.9,45.6,Fail,F
STU-2026-13656,Public,Suburban,Female,High School,Yes,Yes,No,7.4,78.0,2.71,5.6,5.6,51.2,Fail,F
STU-2026-13657,Private,Urban,Male,Some College,Yes,Yes,Yes,6.0,63.4,3.27,6.3,13.5,62.0,Pass,D
STU-2026-13658,Public,Urban,Female,Bachelors,Yes,Yes,No,3.6,67.8,2.18,8.1,0.5,44.7,Fail,F
STU-2026-13659,Private,Urban,Female,High School,Yes,Yes,Yes,29.5,97.4,2.36,7.1,11.6,67.4,Pass,D
STU-2026-13660,Charter,Rural,Male,Masters,Yes,No,No,30.3,65.2,3.63,7.4,7.4,74.9,Pass,C
STU-2026-13661,Public,Suburban,Male,Some College,Yes,No,No,24.3,83.8,3.2,6.6,5.8,70.2,Pass,C
STU-2026-13662,Public,Urban,Male,Some College,Yes,No,Yes,26.7,82.3,2.92,8.4,10.1,72.7,Pass,C
STU-2026-13663,Public,Suburban,Female,Masters,No,Yes,No,26.7,77.8,2.18,8.5,11.1,60.6,Pass,D
STU-2026-13664,Public,Rural,Female,Some College,Yes,Yes,No,21.9,63.6,3.45,4.8,6.7,58.4,Fail,F
STU-2026-13665,Public,Suburban,Female,Doctorate,Yes,No,No,34.7,72.2,2.16,8.1,13.2,63.1,Pass,D
STU-2026-13666,Public,Suburban,Male,Some College,No,Yes,No,8.9,97.3,1.87,8.9,0.2,54.5,Fail,F
STU-2026-13667,Charter,Urban,Female,High School,Yes,No,No,20.1,97.5,2.07,6.3,6.0,54.9,Fail,F
STU-2026-13668,Public,Suburban,Female,Bachelors,Yes,Yes,No,3.2,87.9,2.45,5.0,12.1,45.2,Fail,F
STU-2026-13669,Private,Suburban,Male,Bachelors,Yes,No,Yes,14.8,73.7,1.51,4.9,5.2,49.7,Fail,F
STU-2026-13670,Private,Suburban,Female,High School,No,Yes,Yes,10.1,96.5,3.62,9.1,0.8,64.8,Pass,D
STU-2026-13671,Public,Urban,Male,Bachelors,Yes,No,No,29.8,80.6,1.84,7.1,9.7,60.9,Pass,D
STU-2026-13672,Private,Suburban,Female,Some College,Yes,Yes,No,6.9,95.1,2.08,8.6,8.1,49.6,Fail,F
STU-2026-13673,Public,Urban,Female,High School,Yes,No,No,11.7,67.1,2.15,9.1,5.1,45.2,Fail,F
STU-2026-13674,Private,Suburban,Female,High School,Yes,No,No,7.6,63.4,1.87,6.9,9.2,37.8,Fail,F
STU-2026-13675,Charter,Urban,Male,High School,Yes,Yes,No,6.3,98.3,2.41,8.8,14.7,45.8,Fail,F
STU-2026-13676,Private,Urban,Male,High School,No,No,No,2.2,97.1,1.79,9.3,7.6,45.4,Fail,F
STU-2026-13677,Public,Urban,Female,Some College,Yes,No,Yes,30.5,94.2,2.97,4.8,8.5,77.6,Pass,C
STU-2026-13678,Public,Suburban,Female,Masters,Yes,No,No,15.1,77.0,1.79,5.6,10.2,56.9,Fail,F
STU-2026-13679,Public,Urban,Male,High School,Yes,No,No,15.4,84.7,1.68,8.3,14.1,50.9,Fail,F
STU-2026-13680,Public,Rural,Female,High School,Yes,Yes,No,14.3,75.5,3.71,8.2,14.4,63.3,Pass,D
STU-2026-13681,Public,Urban,Female,Masters,Yes,No,No,32.3,78.2,2.91,4.9,0.4,78.6,Pass,C
STU-2026-13682,Charter,Urban,Female,Some College,Yes,Yes,Yes,11.4,92.7,2.8,4.9,1.6,57.3,Fail,F
STU-2026-13683,Public,Urban,Female,High School,Yes,No,No,25.3,84.2,3.44,6.6,3.2,70.1,Pass,C
STU-2026-13684,Private,Suburban,Female,Some College,No,Yes,No,34.9,86.5,3.46,7.8,11.9,68.8,Pass,D
STU-2026-13685,Public,Urban,Female,Some College,Yes,Yes,No,11.0,68.6,3.24,8.5,3.4,57.7,Fail,F
STU-2026-13686,Charter,Rural,Female,Masters,No,No,No,31.8,91.2,2.26,5.3,6.3,65.3,Pass,D
STU-2026-13687,Public,Urban,Female,Doctorate,Yes,Yes,Yes,31.7,90.9,2.93,7.9,9.4,75.7,Pass,C
STU-2026-13688,Private,Urban,Male,Some College,Yes,Yes,No,9.6,85.0,3.53,8.3,11.9,66.1,Pass,D
STU-2026-13689,Charter,Urban,Female,Some College,Yes,Yes,No,12.1,65.4,2.35,5.4,1.7,39.1,Fail,F
STU-2026-13690,Public,Urban,Male,Bachelors,Yes,Yes,Yes,22.8,70.2,2.02,8.5,11.8,58.8,Fail,F
STU-2026-13691,Public,Suburban,Male,Masters,Yes,Yes,Yes,33.1,83.1,2.27,6.8,1.0,71.4,Pass,C
STU-2026-13692,Private,Rural,Female,High School,Yes,Yes,Yes,8.8,63.0,2.26,5.8,4.8,50.1,Fail,F
STU-2026-13693,Public,Suburban,Female,Masters,Yes,No,Yes,32.6,89.9,2.21,5.0,9.8,75.0,Pass,C
STU-2026-13694,Public,Suburban,Female,Bachelors,Yes,No,No,32.7,72.2,3.1,5.1,1.3,68.6,Pass,D
STU-2026-13695,Private,Urban,Female,Some College,Yes,No,Yes,26.1,96.9,3.55,7.0,0.3,79.0,Pass,C
STU-2026-13696,Private,Suburban,Male,Bachelors,Yes,No,No,5.4,97.8,2.62,6.0,1.2,56.7,Fail,F
STU-2026-13697,Private,Urban,Female,Masters,No,Yes,No,5.5,64.0,3.16,7.1,14.5,55.0,Fail,F
STU-2026-13698,Public,Suburban,Female,Some College,Yes,Yes,No,14.1,96.2,2.17,7.7,5.0,55.2,Fail,F
STU-2026-13699,Public,Urban,Male,Some College,Yes,Yes,No,28.6,68.3,3.11,4.8,10.1,66.1,Pass,D
STU-2026-13700,Public,Urban,Male,Bachelors,No,Yes,Yes,10.0,86.6,1.66,7.9,12.2,55.7,Fail,F
STU-2026-13701,Public,Suburban,Male,Some College,Yes,Yes,No,30.1,63.8,1.54,8.0,2.2,55.3,Fail,F
STU-2026-13702,Charter,Urban,Female,Masters,Yes,Yes,No,28.6,91.9,3.85,6.7,3.3,80.0,Pass,B
STU-2026-13703,Public,Urban,Female,Some College,Yes,Yes,Yes,30.3,76.1,1.56,9.0,6.6,63.1,Pass,D
STU-2026-13704,Private,Rural,Male,Masters,Yes,Yes,No,3.2,73.7,2.55,4.9,7.2,57.3,Fail,F
STU-2026-13705,Public,Urban,Male,Some College,Yes,No,No,3.3,93.9,3.99,6.9,2.6,65.7,Pass,D
STU-2026-13706,Public,Urban,Female,Bachelors,Yes,No,Yes,22.5,84.2,3.45,8.9,9.0,77.2,Pass,C
STU-2026-13707,Public,Suburban,Male,Some College,Yes,Yes,No,28.6,68.5,2.1,6.9,3.1,56.0,Fail,F
STU-2026-13708,Public,Suburban,Female,Some College,Yes,No,No,25.2,67.4,1.88,8.4,0.3,52.6,Fail,F
STU-2026-13709,Private,Suburban,Female,Some College,Yes,No,No,16.3,63.8,4.0,5.8,13.7,63.0,Pass,D
STU-2026-13710,Charter,Urban,Female,High School,Yes,No,Yes,27.0,83.6,3.83,7.5,9.6,77.3,Pass,C
STU-2026-13711,Public,Rural,Female,Bachelors,No,No,No,4.9,68.3,1.77,8.1,1.9,41.5,Fail,F
STU-2026-13712,Private,Suburban,Female,Bachelors,Yes,Yes,Yes,34.2,68.0,3.13,5.1,6.5,71.6,Pass,C
STU-2026-13713,Public,Urban,Female,Some College,No,Yes,Yes,16.8,93.0,1.68,4.5,9.2,45.4,Fail,F
STU-2026-13714,Private,Rural,Male,Bachelors,Yes,Yes,No,29.7,79.8,3.16,9.0,8.8,75.0,Pass,C
STU-2026-13715,Private,Urban,Male,Bachelors,Yes,Yes,No,7.7,95.9,1.98,9.1,12.7,52.0,Fail,F
STU-2026-13716,Public,Urban,Male,Bachelors,Yes,Yes,No,4.8,79.8,3.39,4.9,9.2,59.2,Fail,F
STU-2026-13717,Private,Suburban,Male,High School,Yes,No,No,32.2,93.7,3.66,7.0,6.1,77.0,Pass,C
STU-2026-13718,Public,Suburban,Female,Some College,No,No,No,3.2,73.1,2.72,7.4,5.6,45.4,Fail,F
STU-2026-13719,Public,Urban,Male,High School,Yes,No,No,4.3,85.8,1.93,7.9,1.6,45.5,Fail,F
STU-2026-13720,Public,Urban,Female,Bachelors,Yes,No,Yes,17.9,64.1,3.11,8.0,11.8,62.7,Pass,D
STU-2026-13721,Public,Urban,Male,Some College,Yes,Yes,No,18.2,65.4,3.16,5.9,11.9,58.6,Fail,F
STU-2026-13722,Public,Urban,Female,High School,Yes,No,No,10.2,70.8,2.04,8.9,6.8,41.9,Fail,F
STU-2026-13723,Private,Suburban,Male,Bachelors,Yes,Yes,No,24.5,68.6,1.68,7.9,12.5,53.6,Fail,F
STU-2026-13724,Public,Urban,Male,Bachelors,Yes,Yes,No,25.7,95.4,3.03,6.0,12.7,83.6,Pass,B
STU-2026-13725,Public,Suburban,Male,Masters,Yes,No,No,33.5,98.1,3.57,6.7,7.9,90.1,Pass,A
STU-2026-13726,Public,Suburban,Female,Some College,Yes,No,No,8.3,82.3,3.67,9.0,12.0,61.7,Pass,D
STU-2026-13727,Private,Suburban,Male,Masters,Yes,No,No,3.8,70.9,1.66,6.9,2.5,50.4,Fail,F
STU-2026-13728,Private,Suburban,Male,Doctorate,Yes,Yes,Yes,22.6,99.0,2.49,5.1,11.9,75.2,Pass,C
STU-2026-13729,Public,Suburban,Male,High School,Yes,No,No,24.0,93.5,3.31,5.2,4.1,70.7,Pass,C
STU-2026-13730,Charter,Suburban,Female,Masters,Yes,No,No,14.8,85.5,3.78,7.0,7.7,63.9,Pass,D
STU-2026-13731,Private,Rural,Female,Masters,Yes,No,No,24.4,67.7,1.75,8.1,1.0,59.5,Fail,F
STU-2026-13732,Public,Urban,Male,Masters,Yes,No,No,30.5,79.2,2.9,8.2,7.0,76.2,Pass,C
STU-2026-13733,Private,Suburban,Female,Doctorate,Yes,Yes,Yes,21.2,70.5,2.07,7.8,5.1,64.6,Pass,D
STU-2026-13734,Private,Urban,Female,Masters,Yes,Yes,No,34.7,62.5,2.28,8.4,11.3,62.4,Pass,D
STU-2026-13735,Private,Rural,Male,Masters,Yes,No,No,17.2,63.8,2.05,7.7,6.3,50.1,Fail,F
STU-2026-13736,Public,Suburban,Male,Some College,Yes,Yes,Yes,14.4,91.3,2.87,8.5,4.1,59.5,Fail,F
STU-2026-13737,Public,Rural,Female,Some College,Yes,Yes,Yes,28.4,81.8,3.19,8.0,4.8,79.4,Pass,C
STU-2026-13738,Charter,Rural,Female,Some College,Yes,Yes,No,28.3,80.2,1.99,4.5,12.9,60.6,Pass,D
STU-2026-13739,Public,Urban,Female,Some College,Yes,Yes,No,21.4,90.9,2.88,5.5,13.0,67.9,Pass,D
STU-2026-13740,Public,Suburban,Female,Some College,Yes,Yes,No,2.9,73.8,2.48,7.3,12.4,43.7,Fail,F
STU-2026-13741,Charter,Rural,Female,Bachelors,Yes,Yes,No,26.7,80.2,3.39,6.8,6.4,72.9,Pass,C
STU-2026-13742,Public,Rural,Male,High School,Yes,No,No,29.5,72.4,3.58,5.3,10.7,67.4,Pass,D
STU-2026-13743,Charter,Suburban,Female,Bachelors,Yes,No,No,17.3,99.2,2.85,8.8,5.2,69.2,Pass,D
STU-2026-13744,Public,Urban,Male,Bachelors,Yes,Yes,No,16.3,74.5,3.98,7.8,5.9,62.3,Pass,D
STU-2026-13745,Public,Urban,Male,Some College,Yes,No,No,5.6,82.4,3.48,7.1,8.6,60.0,Pass,D
STU-2026-13746,Public,Suburban,Female,Some College,Yes,No,No,19.8,72.3,3.04,8.9,6.0,63.4,Pass,D
STU-2026-13747,Public,Urban,Male,Some College,Yes,Yes,No,25.4,91.2,3.54,8.7,13.2,79.4,Pass,C
STU-2026-13748,Private,Urban,Female,High School,Yes,No,No,28.0,88.4,2.86,6.4,8.7,66.3,Pass,D
STU-2026-13749,Private,Suburban,Female,High School,No,Yes,No,13.7,66.3,2.47,7.4,7.2,37.7,Fail,F
STU-2026-13750,Charter,Urban,Male,Masters,Yes,Yes,No,12.7,97.0,2.75,7.1,4.7,67.4,Pass,D
STU-2026-13751,Private,Urban,Female,Bachelors,Yes,Yes,No,20.7,65.0,1.84,8.6,13.2,61.6,Pass,D
STU-2026-13752,Public,Rural,Male,Masters,No,No,No,26.9,70.7,2.13,8.8,2.4,55.3,Fail,F
STU-2026-13753,Public,Suburban,Female,Bachelors,Yes,Yes,No,10.4,89.4,1.51,6.2,13.5,48.8,Fail,F
STU-2026-13754,Charter,Urban,Female,Some College,Yes,Yes,No,22.6,98.8,3.05,8.1,10.9,71.6,Pass,C
STU-2026-13755,Public,Rural,Female,Some College,Yes,No,No,34.9,89.0,2.56,7.2,9.8,68.0,Pass,D
STU-2026-13756,Public,Urban,Female,High School,Yes,Yes,No,20.1,66.0,3.3,7.9,2.1,62.5,Pass,D
STU-2026-13757,Public,Suburban,Male,Bachelors,Yes,No,No,29.0,74.2,3.29,4.5,3.7,67.0,Pass,D
STU-2026-13758,Private,Urban,Male,Masters,Yes,Yes,Yes,22.4,78.8,1.54,7.2,9.1,59.1,Fail,F
STU-2026-13759,Charter,Suburban,Female,High School,Yes,No,No,20.0,85.6,2.05,5.4,11.6,54.6,Fail,F
STU-2026-13760,Charter,Suburban,Female,Some College,Yes,Yes,No,27.9,67.8,1.83,7.4,12.0,56.5,Fail,F
STU-2026-13761,Public,Suburban,Female,Some College,Yes,No,Yes,18.2,90.5,1.89,6.1,12.3,63.4,Pass,D
STU-2026-13762,Public,Urban,Male,High School,Yes,Yes,Yes,15.8,99.0,3.12,7.1,10.2,67.9,Pass,D
STU-2026-13763,Public,Urban,Male,Some College,Yes,Yes,No,27.5,60.7,3.41,7.5,7.9,70.0,Pass,C
STU-2026-13764,Private,Urban,Male,Some College,Yes,Yes,No,12.3,63.3,2.16,5.4,9.2,47.7,Fail,F
STU-2026-13765,Public,Urban,Male,Masters,Yes,No,No,17.3,88.2,2.2,5.1,11.9,59.8,Fail,F
STU-2026-13766,Public,Urban,Male,Bachelors,Yes,No,No,15.6,96.4,2.42,6.4,0.5,63.1,Pass,D
STU-2026-13767,Public,Urban,Female,Bachelors,Yes,Yes,No,17.1,98.8,3.7,7.6,10.8,74.7,Pass,C
STU-2026-13768,Public,Suburban,Male,High School,Yes,Yes,No,27.4,91.0,2.99,9.0,13.8,72.5,Pass,C
STU-2026-13769,Private,Urban,Female,Masters,Yes,No,No,31.0,71.3,3.11,5.6,2.5,72.3,Pass,C
STU-2026-13770,Public,Suburban,Male,Bachelors,Yes,Yes,No,19.1,63.9,3.26,9.3,3.2,67.1,Pass,D
STU-2026-13771,Charter,Urban,Female,Some College,Yes,No,Yes,20.4,68.1,3.79,5.7,0.3,70.2,Pass,C
STU-2026-13772,Charter,Suburban,Female,Masters,No,Yes,Yes,10.9,90.0,1.64,7.5,0.3,56.1,Fail,F
STU-2026-13773,Public,Urban,Female,Doctorate,Yes,Yes,No,3.7,81.9,3.36,5.9,5.1,66.0,Pass,D
STU-2026-13774,Private,Urban,Female,Bachelors,Yes,No,No,29.9,82.3,3.37,6.8,12.8,79.1,Pass,C
STU-2026-13775,Charter,Urban,Male,Bachelors,Yes,No,Yes,31.6,96.5,2.88,4.9,3.8,76.1,Pass,C
STU-2026-13776,Private,Urban,Male,Bachelors,Yes,No,Yes,34.6,60.8,2.73,9.5,0.9,64.4,Pass,D
STU-2026-13777,Private,Urban,Female,High School,Yes,No,No,14.7,64.9,3.67,5.5,8.1,66.4,Pass,D
STU-2026-13778,Private,Suburban,Male,Some College,Yes,No,No,5.7,81.3,1.89,7.8,7.8,47.3,Fail,F
STU-2026-13779,Charter,Urban,Male,Bachelors,Yes,No,No,32.8,60.3,3.23,8.9,8.6,67.4,Pass,D
STU-2026-13780,Public,Rural,Female,High School,Yes,No,Yes,17.6,78.3,1.62,6.1,10.1,47.4,Fail,F
STU-2026-13781,Private,Urban,Female,High School,Yes,No,No,32.3,97.2,3.49,4.8,6.8,74.9,Pass,C
STU-2026-13782,Public,Suburban,Male,Bachelors,No,Yes,No,25.5,81.8,3.88,6.4,0.6,80.0,Pass,B
STU-2026-13783,Charter,Urban,Female,Masters,No,No,No,17.0,91.7,3.86,5.5,5.3,75.5,Pass,C
STU-2026-13784,Public,Suburban,Female,Bachelors,Yes,No,No,5.3,71.0,3.88,8.7,8.6,59.2,Fail,F
STU-2026-13785,Public,Suburban,Female,Some College,Yes,Yes,No,29.9,93.7,2.95,7.3,6.9,72.8,Pass,C
STU-2026-13786,Public,Urban,Male,Bachelors,Yes,Yes,No,24.0,87.5,2.7,6.1,6.0,68.1,Pass,D
STU-2026-13787,Charter,Urban,Female,Bachelors,Yes,Yes,No,28.2,98.7,3.4,7.6,5.2,81.0,Pass,B
STU-2026-13788,Public,Suburban,Female,Bachelors,Yes,No,Yes,24.2,95.7,3.77,7.5,0.3,83.9,Pass,B
STU-2026-13789,Private,Urban,Male,Bachelors,Yes,No,Yes,2.4,60.3,2.46,7.8,10.7,45.9,Fail,F
STU-2026-13790,Public,Urban,Male,Masters,Yes,Yes,Yes,3.0,60.7,3.8,4.8,6.0,67.0,Pass,D
STU-2026-13791,Public,Urban,Male,Bachelors,Yes,Yes,Yes,15.1,79.5,3.58,7.1,2.4,73.8,Pass,C
STU-2026-13792,Charter,Urban,Male,Some College,Yes,Yes,Yes,9.4,77.3,3.75,6.4,12.1,67.5,Pass,D
STU-2026-13793,Public,Suburban,Female,Masters,Yes,Yes,No,5.9,65.2,3.58,5.4,0.8,58.0,Fail,F
STU-2026-13794,Private,Urban,Male,Bachelors,Yes,Yes,No,5.3,79.6,2.85,7.7,9.9,57.2,Fail,F
STU-2026-13795,Private,Suburban,Male,Masters,Yes,Yes,No,32.4,96.8,1.56,6.8,3.2,69.6,Pass,D
STU-2026-13796,Private,Suburban,Male,Some College,Yes,Yes,No,12.1,78.5,1.87,7.0,9.8,48.3,Fail,F
STU-2026-13797,Public,Rural,Female,Some College,Yes,No,Yes,30.1,64.1,3.68,5.7,7.2,72.1,Pass,C
STU-2026-13798,Private,Suburban,Male,Bachelors,Yes,Yes,Yes,14.2,76.6,2.78,8.9,11.7,62.2,Pass,D
STU-2026-13799,Public,Suburban,Female,Masters,Yes,No,Yes,7.5,74.6,2.36,5.3,14.6,58.2,Fail,F
STU-2026-13800,Public,Urban,Female,Some College,No,No,No,30.0,80.7,3.03,7.8,1.1,70.8,Pass,C
STU-2026-13801,Charter,Urban,Female,High School,Yes,No,Yes,25.2,93.9,3.39,6.0,9.9,78.5,Pass,C
STU-2026-13802,Private,Urban,Male,Some College,Yes,No,Yes,30.7,76.8,1.98,7.4,5.9,61.8,Pass,D
STU-2026-13803,Private,Rural,Male,High School,Yes,Yes,No,24.4,95.8,2.15,5.1,2.5,55.6,Fail,F
STU-2026-13804,Public,Urban,Male,Some College,Yes,Yes,Yes,22.5,90.0,3.24,9.2,6.1,69.0,Pass,D
STU-2026-13805,Public,Urban,Male,Masters,Yes,Yes,Yes,3.4,68.5,2.76,5.3,8.7,60.6,Pass,D
STU-2026-13806,Public,Suburban,Male,Bachelors,Yes,Yes,No,7.7,78.4,3.11,9.0,8.3,66.2,Pass,D
STU-2026-13807,Public,Suburban,Female,High School,Yes,No,Yes,14.2,75.4,3.95,6.5,14.3,68.0,Pass,D
STU-2026-13808,Private,Suburban,Male,Bachelors,Yes,Yes,No,22.4,70.0,1.86,9.1,7.3,49.7,Fail,F
STU-2026-13809,Public,Suburban,Female,Some College,Yes,Yes,No,25.5,68.2,2.33,8.6,14.7,66.4,Pass,D
STU-2026-13810,Public,Suburban,Male,High School,Yes,Yes,Yes,2.8,76.2,2.16,7.8,11.9,47.6,Fail,F
STU-2026-13811,Charter,Rural,Female,Bachelors,Yes,No,No,25.3,88.5,1.87,8.3,2.0,60.1,Pass,D
STU-2026-13812,Public,Urban,Male,High School,Yes,Yes,Yes,17.0,91.6,3.07,5.6,5.2,71.5,Pass,C
STU-2026-13813,Public,Suburban,Male,High School,No,No,Yes,15.5,87.9,3.02,5.8,3.7,65.6,Pass,D
STU-2026-13814,Public,Urban,Male,Masters,Yes,No,No,28.5,83.7,3.38,5.9,9.0,74.5,Pass,C
STU-2026-13815,Public,Rural,Male,Bachelors,Yes,Yes,No,34.2,64.8,2.55,6.9,9.7,70.6,Pass,C
STU-2026-13816,Private,Urban,Female,Doctorate,Yes,No,No,25.4,61.3,3.29,4.9,1.3,67.4,Pass,D
STU-2026-13817,Public,Urban,Female,Some College,Yes,No,No,29.5,94.9,3.86,8.7,10.8,79.4,Pass,C
STU-2026-13818,Public,Suburban,Male,Bachelors,Yes,Yes,No,9.3,71.1,3.65,8.5,14.4,60.1,Pass,D
STU-2026-13819,Public,Urban,Female,Masters,Yes,Yes,No,31.1,94.5,3.0,7.3,11.6,80.7,Pass,B
STU-2026-13820,Charter,Urban,Female,Bachelors,Yes,Yes,Yes,31.5,85.2,1.86,7.8,1.1,69.2,Pass,D
STU-2026-13821,Public,Suburban,Female,Bachelors,Yes,Yes,Yes,16.6,91.3,3.63,4.5,10.1,70.8,Pass,C
STU-2026-13822,Public,Suburban,Female,High School,Yes,No,No,28.6,64.8,1.73,6.2,2.9,45.2,Fail,F
STU-2026-13823,Public,Suburban,Male,Bachelors,Yes,Yes,No,20.4,65.0,3.0,7.8,13.4,63.1,Pass,D
STU-2026-13824,Charter,Urban,Male,Bachelors,Yes,Yes,No,16.3,87.9,3.03,5.2,9.1,62.0,Pass,D
STU-2026-13825,Public,Suburban,Male,Some College,Yes,Yes,Yes,21.9,80.9,3.69,6.7,14.0,77.1,Pass,C
STU-2026-13826,Public,Suburban,Male,Bachelors,Yes,Yes,Yes,9.4,77.6,3.33,5.1,9.3,67.6,Pass,D
STU-2026-13827,Private,Rural,Male,Some College,Yes,No,No,26.8,68.5,3.95,6.1,12.5,75.3,Pass,C
STU-2026-13828,Public,Urban,Female,Some College,Yes,Yes,No,21.1,93.8,2.02,7.4,4.9,56.0,Fail,F
STU-2026-13829,Public,Urban,Female,Bachelors,Yes,No,Yes,3.5,91.8,3.1,5.4,13.0,64.8,Pass,D
STU-2026-13830,Public,Urban,Female,Some College,No,Yes,Yes,31.6,67.4,2.33,6.7,7.3,64.3,Pass,D
STU-2026-13831,Private,Suburban,Female,Some College,Yes,Yes,No,14.9,64.1,2.93,6.6,4.3,53.2,Fail,F
STU-2026-13832,Private,Suburban,Male,Masters,Yes,Yes,No,15.5,87.1,1.86,5.9,12.3,58.9,Fail,F
STU-2026-13833,Public,Urban,Male,Masters,Yes,Yes,No,16.8,73.1,3.72,4.5,3.5,69.5,Pass,D
STU-2026-13834,Private,Urban,Female,Some College,Yes,Yes,No,5.2,79.1,2.63,9.1,9.1,49.8,Fail,F
STU-2026-13835,Public,Suburban,Male,Bachelors,Yes,No,No,26.3,86.7,1.86,6.6,14.9,64.5,Pass,D
STU-2026-13836,Private,Rural,Female,Bachelors,Yes,Yes,Yes,28.5,70.8,1.91,5.3,8.3,66.8,Pass,D
STU-2026-13837,Charter,Suburban,Female,Some College,Yes,Yes,No,12.3,94.9,3.89,6.3,12.6,77.3,Pass,C
STU-2026-13838,Public,Urban,Male,Bachelors,Yes,No,No,5.5,68.4,2.92,7.3,0.6,48.9,Fail,F
STU-2026-13839,Public,Urban,Male,Some College,Yes,Yes,Yes,33.6,93.4,1.51,9.1,7.8,57.8,Fail,F
STU-2026-13840,Public,Suburban,Male,Bachelors,Yes,Yes,No,5.8,60.2,2.52,8.6,3.6,47.5,Fail,F
STU-2026-13841,Public,Rural,Male,High School,Yes,Yes,Yes,2.6,62.5,2.5,9.5,13.6,44.2,Fail,F
STU-2026-13842,Public,Urban,Male,Doctorate,Yes,No,No,30.6,85.8,3.63,7.1,4.0,80.6,Pass,B
STU-2026-13843,Public,Urban,Female,Bachelors,No,Yes,No,6.9,78.4,1.73,7.8,11.7,45.7,Fail,F
STU-2026-13844,Private,Urban,Male,High School,Yes,No,No,18.5,76.0,1.69,7.9,1.7,43.5,Fail,F
STU-2026-13845,Private,Urban,Male,High School,Yes,Yes,No,19.2,91.3,3.93,7.7,14.4,71.2,Pass,C
STU-2026-13846,Charter,Urban,Male,Bachelors,Yes,No,Yes,22.0,94.7,3.66,6.4,0.7,71.7,Pass,C
STU-2026-13847,Public,Urban,Female,High School,Yes,Yes,No,21.9,96.7,2.11,8.3,0.1,56.5,Fail,F
STU-2026-13848,Public,Suburban,Male,Some College,Yes,Yes,Yes,34.6,63.4,2.98,6.9,14.7,75.3,Pass,C
STU-2026-13849,Public,Rural,Male,High School,Yes,No,No,16.0,85.3,3.71,8.2,8.4,62.3,Pass,D
STU-2026-13850,Public,Suburban,Female,Some College,No,No,No,9.8,97.0,1.96,8.7,14.9,50.3,Fail,F
STU-2026-13851,Private,Urban,Female,High School,Yes,Yes,No,15.4,76.4,2.88,7.1,15.0,53.3,Fail,F
STU-2026-13852,Public,Suburban,Female,Some College,Yes,Yes,Yes,24.0,84.5,2.39,9.2,3.5,68.0,Pass,D
STU-2026-13853,Public,Urban,Female,Bachelors,Yes,Yes,No,13.0,67.9,2.62,6.5,8.1,55.8,Fail,F
STU-2026-13854,Private,Rural,Male,Bachelors,Yes,Yes,No,4.8,71.5,2.98,4.5,12.6,48.5,Fail,F
STU-2026-13855,Private,Urban,Male,Bachelors,Yes,No,No,17.7,63.2,3.76,7.4,3.1,66.2,Pass,D
STU-2026-13856,Private,Urban,Male,Masters,Yes,Yes,No,4.8,96.0,3.73,5.0,1.3,67.3,Pass,D
STU-2026-13857,Private,Urban,Female,High School,Yes,No,Yes,9.3,78.2,3.1,5.5,7.8,52.3,Fail,F
STU-2026-13858,Public,Rural,Female,Masters,Yes,Yes,No,24.0,75.7,3.29,6.1,5.3,68.9,Pass,D
STU-2026-13859,Public,Urban,Male,Bachelors,Yes,No,No,14.9,89.2,2.06,8.7,9.4,58.6,Fail,F
STU-2026-13860,Public,Urban,Male,High School,Yes,Yes,Yes,12.6,73.0,2.29,6.3,14.0,50.1,Fail,F
STU-2026-13861,Public,Urban,Female,High School,Yes,No,Yes,6.1,75.1,2.75,7.4,1.4,60.8,Pass,D
STU-2026-13862,Public,Urban,Female,Some College,Yes,No,No,20.6,78.7,1.58,5.1,2.8,46.5,Fail,F
STU-2026-13863,Private,Urban,Female,Masters,Yes,No,Yes,15.9,96.2,2.98,6.7,7.0,73.7,Pass,C
STU-2026-13864,Public,Urban,Female,Bachelors,Yes,Yes,No,7.4,97.3,2.22,7.0,9.7,53.9,Fail,F
STU-2026-13865,Public,Urban,Female,High School,Yes,Yes,No,4.7,72.2,3.66,8.3,4.6,53.7,Fail,F
STU-2026-13866,Charter,Suburban,Female,High School,Yes,No,No,3.7,60.5,3.18,8.1,9.5,40.8,Fail,F
STU-2026-13867,Public,Rural,Female,Masters,Yes,Yes,Yes,17.3,98.7,3.17,8.5,0.1,80.1,Pass,B
STU-2026-13868,Public,Urban,Male,Some College,Yes,Yes,No,17.5,93.8,2.53,7.1,5.0,53.0,Fail,F
STU-2026-13869,Private,Suburban,Male,Some College,Yes,No,Yes,9.8,92.4,2.38,9.0,5.7,58.4,Fail,F
STU-2026-13870,Private,Suburban,Male,High School,Yes,Yes,No,6.1,91.1,2.99,6.1,0.6,54.3,Fail,F
STU-2026-13871,Public,Urban,Male,Some College,Yes,Yes,Yes,14.8,90.4,2.58,6.7,13.3,67.1,Pass,D
STU-2026-13872,Private,Urban,Female,Masters,Yes,No,No,6.9,83.4,3.39,9.4,10.5,59.3,Fail,F
STU-2026-13873,Public,Suburban,Female,Bachelors,Yes,No,No,9.9,76.5,2.78,6.0,4.9,58.6,Fail,F
STU-2026-13874,Public,Suburban,Female,Bachelors,Yes,No,No,25.6,98.2,3.55,7.7,13.8,79.5,Pass,C
STU-2026-13875,Public,Suburban,Male,Masters,Yes,Yes,Yes,26.8,79.9,3.1,8.6,6.1,85.8,Pass,B
STU-2026-13876,Public,Suburban,Female,Bachelors,Yes,No,Yes,6.7,97.1,3.07,9.4,9.2,68.0,Pass,D
STU-2026-13877,Public,Urban,Female,Bachelors,Yes,No,No,30.1,96.3,2.77,7.2,0.7,80.2,Pass,B
STU-2026-13878,Private,Suburban,Male,Some College,Yes,Yes,Yes,28.3,94.7,2.91,7.3,5.7,67.5,Pass,D
STU-2026-13879,Private,Urban,Male,Masters,Yes,Yes,No,34.9,92.8,2.28,6.1,3.5,73.2,Pass,C
STU-2026-13880,Public,Suburban,Male,Bachelors,Yes,Yes,Yes,25.5,71.2,3.08,8.6,9.8,70.3,Pass,C
STU-2026-13881,Public,Suburban,Male,Some College,Yes,No,No,23.5,88.5,1.81,8.4,14.3,59.4,Fail,F
STU-2026-13882,Public,Urban,Female,Some College,Yes,Yes,No,6.7,78.6,2.39,6.6,9.6,47.1,Fail,F
STU-2026-13883,Public,Suburban,Male,High School,Yes,Yes,No,18.6,81.7,1.77,7.9,9.1,51.3,Fail,F
STU-2026-13884,Public,Suburban,Male,Masters,Yes,Yes,Yes,29.2,75.3,2.76,4.7,13.0,76.8,Pass,C
STU-2026-13885,Public,Urban,Female,Doctorate,Yes,Yes,No,9.6,81.4,3.94,5.1,0.2,74.2,Pass,C
STU-2026-13886,Charter,Urban,Male,Some College,No,Yes,No,2.2,64.9,1.68,7.9,6.5,37.5,Fail,F
STU-2026-13887,Public,Suburban,Female,High School,Yes,Yes,No,6.5,79.5,2.69,7.6,4.0,53.4,Fail,F
STU-2026-13888,Public,Suburban,Male,Bachelors,Yes,No,No,31.4,92.8,1.85,8.4,8.4,63.7,Pass,D
STU-2026-13889,Public,Urban,Male,Bachelors,Yes,Yes,No,28.7,86.0,2.38,6.6,11.5,61.4,Pass,D
STU-2026-13890,Charter,Suburban,Male,Bachelors,Yes,Yes,No,33.8,72.8,2.83,5.1,4.1,72.6,Pass,C
STU-2026-13891,Public,Suburban,Female,Bachelors,No,Yes,No,15.7,88.1,3.76,8.5,6.7,60.8,Pass,D
STU-2026-13892,Public,Rural,Female,Some College,Yes,Yes,Yes,27.5,86.2,2.64,8.7,10.2,77.8,Pass,C
STU-2026-13893,Public,Urban,Male,Masters,Yes,Yes,Yes,4.4,72.1,2.9,5.2,4.8,60.3,Pass,D
STU-2026-13894,Public,Urban,Female,Masters,Yes,No,No,33.1,80.8,3.83,5.6,5.5,82.4,Pass,B
STU-2026-13895,Public,Rural,Male,High School,Yes,Yes,Yes,3.1,98.2,1.81,6.9,1.2,52.6,Fail,F
STU-2026-13896,Public,Urban,Male,Masters,Yes,Yes,No,32.0,92.9,3.86,4.9,5.1,84.7,Pass,B
STU-2026-13897,Public,Suburban,Male,Some College,No,Yes,No,28.9,77.0,1.73,8.6,5.1,51.9,Fail,F
STU-2026-13898,Private,Rural,Female,Some College,No,Yes,No,3.9,87.1,2.37,4.9,0.6,43.2,Fail,F
STU-2026-13899,Public,Suburban,Female,Bachelors,No,Yes,No,8.9,62.5,2.5,8.8,8.6,44.3,Fail,F
STU-2026-13900,Private,Urban,Male,Some College,Yes,Yes,No,29.4,70.4,3.6,7.2,5.2,66.9,Pass,D
STU-2026-13901,Public,Urban,Male,Bachelors,Yes,No,Yes,2.6,87.9,3.23,9.4,13.0,66.3,Pass,D
STU-2026-13902,Public,Suburban,Female,Bachelors,Yes,Yes,No,26.4,72.4,2.91,6.9,7.6,72.0,Pass,C
STU-2026-13903,Charter,Rural,Male,Masters,Yes,No,No,14.1,95.5,2.66,7.9,14.6,66.3,Pass,D
STU-2026-13904,Public,Urban,Male,Masters,Yes,Yes,Yes,12.7,76.0,3.68,8.3,5.0,76.5,Pass,C
STU-2026-13905,Public,Suburban,Male,Bachelors,Yes,Yes,No,16.1,60.9,1.56,4.7,1.1,48.2,Fail,F
STU-2026-13906,Public,Urban,Female,Doctorate,Yes,Yes,No,25.4,99.9,3.07,5.0,3.2,76.4,Pass,C
STU-2026-13907,Public,Suburban,Female,Some College,Yes,Yes,No,7.2,98.2,1.93,6.5,13.7,52.2,Fail,F
STU-2026-13908,Charter,Urban,Female,Masters,Yes,Yes,Yes,13.1,71.2,3.07,9.1,1.3,65.8,Pass,D
STU-2026-13909,Public,Suburban,Female,Some College,Yes,No,No,3.8,66.9,1.71,4.6,0.6,39.8,Fail,F
STU-2026-13910,Public,Suburban,Male,Some College,Yes,No,Yes,23.7,99.6,1.68,7.9,9.4,63.6,Pass,D
STU-2026-13911,Private,Urban,Female,Some College,Yes,Yes,No,11.5,75.3,2.41,8.6,8.8,55.4,Fail,F
STU-2026-13912,Private,Rural,Female,Some College,Yes,Yes,Yes,7.6,68.0,2.24,5.0,7.2,49.9,Fail,F
STU-2026-13913,Public,Urban,Male,Some College,Yes,No,No,8.4,85.8,2.23,6.4,10.1,49.1,Fail,F
STU-2026-13914,Public,Rural,Male,Bachelors,Yes,No,No,12.9,93.5,1.65,4.6,6.7,51.8,Fail,F
STU-2026-13915,Private,Rural,Male,High School,Yes,No,Yes,15.0,66.3,3.56,7.6,4.5,59.6,Fail,F
STU-2026-13916,Public,Rural,Female,Some College,Yes,No,No,32.5,65.7,3.72,7.0,7.1,67.4,Pass,D
STU-2026-13917,Private,Suburban,Female,Bachelors,Yes,Yes,No,22.5,78.9,2.36,5.7,3.9,60.2,Pass,D
STU-2026-13918,Charter,Urban,Female,High School,Yes,Yes,No,30.8,61.4,3.03,8.4,5.6,67.9,Pass,D
STU-2026-13919,Public,Urban,Male,High School,Yes,Yes,Yes,6.9,82.8,3.29,5.1,1.5,63.2,Pass,D
STU-2026-13920,Private,Suburban,Female,Some College,Yes,Yes,No,7.5,83.7,3.76,5.1,5.5,65.5,Pass,D
STU-2026-13921,Public,Suburban,Male,Some College,Yes,No,No,17.4,79.5,3.83,8.6,7.1,71.5,Pass,C
STU-2026-13922,Public,Urban,Female,Some College,Yes,No,Yes,16.8,93.4,3.86,4.8,13.2,76.8,Pass,C
STU-2026-13923,Public,Rural,Female,High School,Yes,Yes,Yes,6.5,62.6,3.83,5.8,8.8,64.3,Pass,D
STU-2026-13924,Public,Urban,Male,Masters,Yes,No,No,27.1,95.4,2.61,7.0,2.2,69.2,Pass,D
STU-2026-13925,Public,Suburban,Male,Masters,Yes,Yes,No,32.6,60.8,1.96,7.4,14.8,64.7,Pass,D
STU-2026-13926,Public,Urban,Male,Doctorate,Yes,No,Yes,29.1,93.3,1.75,8.6,11.0,61.4,Pass,D
STU-2026-13927,Public,Urban,Female,High School,No,No,No,19.0,84.7,1.81,7.9,14.6,48.9,Fail,F
STU-2026-13928,Private,Suburban,Male,Some College,Yes,Yes,No,27.1,82.6,2.82,8.3,13.5,65.1,Pass,D
STU-2026-13929,Public,Urban,Male,Bachelors,Yes,No,No,20.8,90.8,3.92,7.1,9.9,78.7,Pass,C
STU-2026-13930,Charter,Urban,Female,Masters,Yes,No,No,24.6,75.1,3.7,4.9,14.0,71.8,Pass,C
STU-2026-13931,Public,Urban,Female,Bachelors,Yes,Yes,No,3.4,91.8,3.81,7.9,6.6,63.7,Pass,D
STU-2026-13932,Public,Suburban,Male,Bachelors,Yes,No,No,28.6,87.1,1.72,8.9,2.1,59.9,Fail,F
STU-2026-13933,Private,Urban,Female,Bachelors,Yes,No,No,22.9,85.9,3.79,8.9,6.7,74.6,Pass,C
STU-2026-13934,Public,Suburban,Female,Masters,Yes,Yes,No,26.9,65.5,3.43,8.5,3.5,73.5,Pass,C
STU-2026-13935,Public,Suburban,Male,Doctorate,Yes,No,No,23.6,67.4,3.45,6.2,6.8,74.9,Pass,C
STU-2026-13936,Charter,Suburban,Female,Masters,Yes,Yes,No,28.3,67.6,2.94,8.8,5.7,69.6,Pass,D
STU-2026-13937,Public,Urban,Female,Some College,Yes,No,No,17.1,68.9,3.23,9.5,14.8,61.1,Pass,D
STU-2026-13938,Public,Urban,Male,Masters,Yes,Yes,Yes,7.8,93.6,1.91,7.7,4.7,56.5,Fail,F
STU-2026-13939,Public,Suburban,Female,High School,Yes,No,Yes,27.4,89.2,1.67,7.3,1.3,57.7,Fail,F
STU-2026-13940,Private,Urban,Female,Bachelors,Yes,No,Yes,19.6,87.2,2.37,5.9,10.9,66.3,Pass,D
STU-2026-13941,Private,Suburban,Female,Some College,Yes,No,Yes,17.2,95.4,3.02,5.3,11.4,69.3,Pass,D
STU-2026-13942,Public,Urban,Female,High School,No,Yes,No,18.3,94.2,3.55,7.7,3.9,66.7,Pass,D
STU-2026-13943,Private,Rural,Male,Masters,Yes,No,No,16.4,99.6,3.75,6.6,13.7,85.4,Pass,B
STU-2026-13944,Charter,Suburban,Female,Some College,No,No,Yes,2.9,74.7,3.26,7.1,4.9,60.7,Pass,D
STU-2026-13945,Public,Suburban,Male,Bachelors,Yes,Yes,Yes,4.8,74.9,3.54,7.8,11.7,68.2,Pass,D
STU-2026-13946,Private,Urban,Male,Some College,Yes,Yes,Yes,31.2,71.5,2.67,4.9,6.9,64.8,Pass,D
STU-2026-13947,Private,Urban,Female,High School,Yes,Yes,No,29.7,60.5,2.9,4.8,2.2,54.6,Fail,F
STU-2026-13948,Public,Urban,Male,Some College,Yes,Yes,No,28.1,92.4,2.23,6.1,0.2,58.1,Fail,F
STU-2026-13949,Private,Rural,Female,Masters,Yes,Yes,No,19.9,99.0,3.47,5.8,12.5,77.7,Pass,C
STU-2026-13950,Private,Rural,Female,Doctorate,Yes,No,Yes,16.1,74.6,2.28,8.7,11.6,69.9,Pass,D
STU-2026-13951,Private,Suburban,Female,Bachelors,No,Yes,Yes,15.3,87.1,3.04,5.8,8.5,64.6,Pass,D
STU-2026-13952,Public,Suburban,Female,Bachelors,Yes,Yes,No,29.9,65.5,2.79,5.7,8.5,63.1,Pass,D
STU-2026-13953,Private,Suburban,Female,Bachelors,Yes,No,Yes,9.6,81.6,2.52,4.6,9.4,58.6,Fail,F
STU-2026-13954,Private,Urban,Male,Bachelors,Yes,Yes,No,10.9,62.4,2.78,5.9,12.3,58.0,Fail,F
STU-2026-13955,Public,Suburban,Male,Some College,No,No,No,9.3,76.7,3.57,8.5,1.7,61.4,Pass,D
STU-2026-13956,Public,Urban,Female,High School,Yes,Yes,No,11.6,67.9,2.57,6.4,4.6,48.5,Fail,F
STU-2026-13957,Private,Urban,Female,Some College,Yes,Yes,No,20.7,69.9,2.17,8.7,2.5,56.1,Fail,F
STU-2026-13958,Charter,Urban,Male,Some College,No,Yes,Yes,26.1,85.5,2.82,6.5,13.1,70.7,Pass,C
STU-2026-13959,Public,Rural,Female,Masters,Yes,No,No,14.9,84.0,3.01,4.7,9.0,66.6,Pass,D
STU-2026-13960,Private,Rural,Female,Bachelors,Yes,Yes,Yes,14.6,67.0,3.48,7.6,12.8,66.9,Pass,D
STU-2026-13961,Private,Rural,Male,Some College,Yes,Yes,Yes,22.3,95.9,2.75,4.9,1.1,73.0,Pass,C
STU-2026-13962,Public,Urban,Female,Some College,Yes,Yes,No,9.5,84.0,1.66,4.7,6.2,51.6,Fail,F
STU-2026-13963,Private,Rural,Male,Masters,Yes,Yes,No,24.6,78.4,3.73,7.3,5.9,72.1,Pass,C
STU-2026-13964,Public,Urban,Female,Masters,Yes,Yes,No,6.0,83.2,2.64,5.3,0.6,58.5,Fail,F
STU-2026-13965,Private,Suburban,Female,High School,Yes,No,No,5.1,70.2,2.99,8.5,1.6,51.0,Fail,F
STU-2026-13966,Private,Urban,Male,Masters,Yes,No,No,11.3,66.8,3.53,8.4,4.8,66.8,Pass,D
STU-2026-13967,Private,Urban,Male,Bachelors,No,Yes,No,6.2,61.9,3.4,9.1,4.9,46.5,Fail,F
STU-2026-13968,Public,Rural,Male,Bachelors,Yes,Yes,No,8.7,99.7,3.08,7.2,5.8,61.7,Pass,D
STU-2026-13969,Public,Suburban,Male,Bachelors,Yes,No,No,30.2,83.0,3.56,4.9,2.1,74.0,Pass,C
STU-2026-13970,Charter,Suburban,Female,Some College,Yes,No,Yes,14.9,83.0,3.28,7.0,11.8,68.1,Pass,D
STU-2026-13971,Private,Urban,Female,Bachelors,Yes,No,No,18.7,72.0,1.64,4.9,10.4,45.6,Fail,F
STU-2026-13972,Public,Suburban,Male,High School,Yes,No,No,30.2,61.5,2.1,7.7,2.7,49.7,Fail,F
STU-2026-13973,Public,Urban,Male,Some College,Yes,Yes,No,12.0,62.6,2.33,5.2,6.3,50.3,Fail,F
STU-2026-13974,Public,Suburban,Male,Bachelors,Yes,Yes,Yes,9.7,73.2,2.8,8.9,15.0,64.0,Pass,D
STU-2026-13975,Private,Urban,Male,Bachelors,Yes,No,Yes,20.7,83.0,2.75,5.9,11.2,66.4,Pass,D
STU-2026-13976,Private,Urban,Male,Some College,Yes,Yes,No,19.2,71.7,3.16,9.1,6.6,64.6,Pass,D
STU-2026-13977,Charter,Urban,Female,Masters,Yes,Yes,Yes,17.6,82.2,2.67,7.9,13.1,70.4,Pass,C
STU-2026-13978,Public,Suburban,Female,High School,Yes,Yes,No,31.9,68.7,2.49,6.3,10.9,55.5,Fail,F
STU-2026-13979,Private,Rural,Male,Bachelors,Yes,No,Yes,34.7,94.3,3.35,5.7,4.0,91.6,Pass,A
STU-2026-13980,Private,Suburban,Male,High School,Yes,Yes,No,12.2,76.3,3.71,8.5,0.6,58.2,Fail,F
STU-2026-13981,Private,Urban,Male,High School,Yes,No,No,20.5,99.8,2.69,6.9,4.9,58.6,Fail,F
STU-2026-13982,Private,Urban,Female,Bachelors,Yes,Yes,No,11.2,72.8,3.16,7.0,11.7,52.8,Fail,F
STU-2026-13983,Private,Suburban,Male,Some College,Yes,No,No,28.5,71.4,2.56,7.0,5.1,55.1,Fail,F
STU-2026-13984,Private,Urban,Male,Masters,Yes,Yes,No,8.4,67.1,1.62,9.3,14.7,45.3,Fail,F
STU-2026-13985,Public,Suburban,Male,Some College,Yes,Yes,Yes,25.7,75.5,2.67,8.5,11.2,68.7,Pass,D
STU-2026-13986,Public,Urban,Male,Bachelors,Yes,Yes,No,7.0,87.3,2.86,8.3,13.4,65.6,Pass,D
STU-2026-13987,Private,Suburban,Male,Some College,Yes,No,Yes,9.8,73.4,2.4,5.5,11.1,46.8,Fail,F
STU-2026-13988,Charter,Urban,Female,High School,Yes,Yes,No,6.7,98.0,1.77,7.8,1.1,38.4,Fail,F
STU-2026-13989,Public,Urban,Female,Some College,Yes,No,No,9.9,65.1,3.11,5.0,10.3,52.2,Fail,F
STU-2026-13990,Public,Rural,Female,Bachelors,No,No,Yes,9.8,96.5,2.37,6.7,7.0,56.9,Fail,F
STU-2026-13991,Public,Urban,Female,Bachelors,Yes,Yes,No,33.0,70.4,3.73,9.4,5.7,80.6,Pass,B
STU-2026-13992,Private,Rural,Female,Masters,Yes,Yes,No,12.6,73.8,3.61,5.9,1.0,66.8,Pass,D
STU-2026-13993,Private,Urban,Female,Bachelors,Yes,No,No,12.1,86.2,3.61,7.1,1.2,75.2,Pass,C
STU-2026-13994,Public,Suburban,Male,Bachelors,Yes,Yes,No,26.4,95.9,1.84,5.9,15.0,62.6,Pass,D
STU-2026-13995,Public,Suburban,Female,Some College,Yes,Yes,No,20.1,86.8,1.74,5.2,0.3,52.4,Fail,F
STU-2026-13996,Public,Suburban,Male,Doctorate,No,No,No,27.6,60.2,3.54,5.6,6.9,65.6,Pass,D
STU-2026-13997,Private,Urban,Male,Masters,Yes,No,No,5.7,66.3,4.0,5.6,10.7,59.7,Fail,F
STU-2026-13998,Private,Rural,Male,Bachelors,Yes,Yes,No,20.3,84.4,2.94,5.3,11.5,74.4,Pass,C
STU-2026-13999,Public,Urban,Male,Some College,Yes,Yes,No,29.8,65.1,3.98,6.8,6.2,74.9,Pass,C
STU-2026-14000,Public,Urban,Male,Masters,Yes,Yes,No,11.7,84.5,2.04,5.9,3.1,45.4,Fail,F
STU-2026-14001,Public,Urban,Female,High School,Yes,Yes,Yes,13.3,69.6,2.65,5.3,10.1,52.9,Fail,F
STU-2026-14002,Public,Urban,Male,Bachelors,Yes,No,Yes,26.9,88.9,3.61,8.6,0.6,76.5,Pass,C
STU-2026-14003,Private,Suburban,Female,Bachelors,Yes,Yes,No,11.0,84.6,2.44,5.2,7.6,48.0,Fail,F
STU-2026-14004,Public,Urban,Male,High School,No,No,Yes,7.3,70.5,2.45,8.1,9.0,47.3,Fail,F
STU-2026-14005,Charter,Suburban,Male,Some College,Yes,No,No,32.6,88.2,1.64,7.4,2.5,60.8,Pass,D
STU-2026-14006,Private,Suburban,Male,Bachelors,No,Yes,No,15.0,92.1,2.76,8.1,6.2,59.6,Fail,F
STU-2026-14007,Private,Suburban,Female,Bachelors,Yes,Yes,No,24.5,77.1,3.02,9.4,1.3,64.7,Pass,D
STU-2026-14008,Public,Suburban,Male,Masters,Yes,Yes,Yes,32.2,61.9,1.62,9.2,11.6,63.7,Pass,D
STU-2026-14009,Charter,Urban,Female,Bachelors,Yes,Yes,No,27.7,72.9,1.63,8.4,12.2,60.0,Pass,D
STU-2026-14010,Private,Urban,Male,Bachelors,Yes,Yes,Yes,2.7,63.7,1.9,5.7,5.8,46.1,Fail,F
STU-2026-14011,Public,Suburban,Male,Some College,Yes,Yes,Yes,22.4,71.5,2.68,7.9,0.0,67.1,Pass,D
STU-2026-14012,Private,Urban,Male,High School,Yes,No,Yes,4.2,89.5,2.87,8.8,11.2,57.3,Fail,F
STU-2026-14013,Private,Suburban,Female,Masters,Yes,Yes,No,10.0,85.6,2.82,7.4,6.5,64.1,Pass,D
STU-2026-14014,Public,Rural,Male,High School,Yes,No,Yes,13.6,80.3,2.37,4.6,1.1,56.7,Fail,F
STU-2026-14015,Public,Urban,Female,Masters,Yes,No,No,32.6,90.6,2.55,8.0,6.1,69.6,Pass,D
STU-2026-14016,Private,Urban,Female,Doctorate,Yes,No,No,5.1,63.4,2.53,7.1,3.1,52.5,Fail,F
STU-2026-14017,Charter,Urban,Female,Doctorate,Yes,No,No,32.2,76.6,3.59,5.6,5.9,82.3,Pass,B
STU-2026-14018,Private,Suburban,Male,Bachelors,Yes,No,Yes,24.6,67.9,2.16,8.3,8.1,64.9,Pass,D
STU-2026-14019,Public,Urban,Female,Bachelors,No,Yes,No,2.6,94.5,2.08,9.0,5.2,48.7,Fail,F
STU-2026-14020,Private,Urban,Male,Bachelors,Yes,No,No,8.9,99.9,3.89,5.4,4.7,74.5,Pass,C
STU-2026-14021,Public,Urban,Female,High School,Yes,Yes,Yes,32.0,66.4,1.88,4.9,14.3,61.2,Pass,D
STU-2026-14022,Public,Urban,Female,Some College,Yes,No,No,20.0,80.3,2.63,8.4,14.9,60.3,Pass,D
STU-2026-14023,Private,Urban,Male,Bachelors,No,Yes,No,18.9,91.1,3.74,9.2,6.1,67.6,Pass,D
STU-2026-14024,Public,Rural,Female,Some College,Yes,No,Yes,33.6,67.4,2.55,4.5,10.8,65.8,Pass,D
STU-2026-14025,Charter,Rural,Male,Some College,Yes,Yes,Yes,33.1,78.3,2.45,5.2,5.9,72.3,Pass,C
STU-2026-14026,Public,Suburban,Female,High School,Yes,Yes,Yes,28.9,81.9,3.75,9.0,5.5,67.2,Pass,D
STU-2026-14027,Public,Urban,Male,Some College,Yes,Yes,No,33.0,81.3,3.92,7.6,13.2,77.9,Pass,C
STU-2026-14028,Public,Suburban,Male,Some College,Yes,Yes,Yes,10.7,89.7,1.96,8.8,3.6,56.8,Fail,F
STU-2026-14029,Public,Suburban,Male,High School,Yes,Yes,No,7.3,89.8,2.55,8.0,10.0,60.4,Pass,D
STU-2026-14030,Charter,Urban,Female,Masters,Yes,No,No,30.6,62.8,2.95,9.5,8.8,63.4,Pass,D
STU-2026-14031,Public,Suburban,Male,Masters,Yes,No,Yes,13.5,80.4,2.02,7.2,13.1,59.8,Fail,F
STU-2026-14032,Charter,Suburban,Female,Some College,Yes,Yes,No,34.6,69.5,3.82,5.5,2.5,68.9,Pass,D
STU-2026-14033,Public,Urban,Male,High School,Yes,No,Yes,28.2,79.8,1.77,4.9,8.6,53.3,Fail,F
STU-2026-14034,Public,Suburban,Male,Bachelors,Yes,Yes,No,32.5,81.4,3.01,9.0,0.2,71.0,Pass,C
STU-2026-14035,Private,Urban,Female,Masters,Yes,Yes,No,17.2,91.0,2.79,6.5,14.1,62.9,Pass,D
STU-2026-14036,Private,Suburban,Male,High School,Yes,Yes,No,14.1,63.9,2.58,5.8,0.2,57.6,Fail,F
STU-2026-14037,Private,Rural,Male,Some College,Yes,Yes,No,6.8,96.7,3.44,8.7,7.6,58.8,Fail,F
STU-2026-14038,Public,Rural,Female,Masters,Yes,Yes,No,14.4,85.9,3.74,6.8,10.8,64.2,Pass,D
STU-2026-14039,Public,Suburban,Male,Bachelors,Yes,No,Yes,2.2,96.0,2.96,4.5,8.7,62.2,Pass,D
STU-2026-14040,Public,Suburban,Female,High School,Yes,No,Yes,17.6,97.2,2.79,8.2,3.7,62.9,Pass,D
STU-2026-14041,Public,Suburban,Male,Some College,Yes,Yes,Yes,32.2,92.2,2.46,8.0,8.1,74.7,Pass,C
STU-2026-14042,Private,Urban,Female,Bachelors,Yes,Yes,No,6.2,95.9,3.9,8.3,8.0,74.7,Pass,C
STU-2026-14043,Public,Urban,Female,Doctorate,No,Yes,Yes,21.5,62.6,3.81,7.3,4.9,69.4,Pass,D
STU-2026-14044,Public,Suburban,Female,Masters,Yes,No,Yes,29.4,73.3,4.0,9.0,0.6,82.4,Pass,B
STU-2026-14045,Public,Urban,Male,Bachelors,Yes,No,No,4.5,67.7,2.59,5.1,2.2,45.7,Fail,F
STU-2026-14046,Public,Rural,Male,Bachelors,Yes,Yes,No,31.1,81.9,2.76,6.6,10.7,70.0,Pass,C
STU-2026-14047,Public,Suburban,Male,Doctorate,Yes,Yes,No,30.5,60.2,1.99,6.8,12.4,68.2,Pass,D
STU-2026-14048,Charter,Suburban,Female,Bachelors,Yes,Yes,No,21.5,85.1,1.65,9.1,4.5,54.5,Fail,F
STU-2026-14049,Charter,Urban,Male,Some College,Yes,Yes,No,2.7,78.7,3.37,5.8,10.6,54.4,Fail,F
STU-2026-14050,Private,Rural,Female,Doctorate,Yes,No,No,27.0,72.2,2.58,6.9,1.4,68.6,Pass,D
STU-2026-14051,Charter,Suburban,Female,High School,Yes,No,Yes,30.4,98.3,2.86,6.2,12.4,77.4,Pass,C
STU-2026-14052,Public,Urban,Female,Masters,Yes,Yes,Yes,31.0,69.9,3.7,9.1,9.7,81.5,Pass,B
STU-2026-14053,Private,Rural,Female,Some College,Yes,Yes,Yes,10.0,87.4,2.16,6.1,11.3,55.4,Fail,F
STU-2026-14054,Public,Urban,Female,Bachelors,No,Yes,No,2.7,98.0,2.71,5.2,8.7,53.3,Fail,F
STU-2026-14055,Private,Suburban,Male,Some College,Yes,Yes,No,7.7,95.5,1.64,5.0,2.6,42.7,Fail,F
STU-2026-14056,Public,Urban,Female,Some College,Yes,No,Yes,5.9,75.2,3.76,8.2,6.0,68.5,Pass,D
STU-2026-14057,Private,Suburban,Female,Bachelors,Yes,Yes,No,18.5,95.7,2.11,8.8,2.5,62.0,Pass,D
STU-2026-14058,Charter,Rural,Male,Some College,Yes,Yes,No,28.2,96.5,3.49,8.3,7.7,67.9,Pass,D
STU-2026-14059,Charter,Suburban,Male,High School,Yes,Yes,Yes,18.0,88.5,3.92,6.7,5.2,74.8,Pass,C
STU-2026-14060,Public,Urban,Female,High School,Yes,Yes,Yes,28.2,80.9,2.89,5.5,11.0,63.2,Pass,D
STU-2026-14061,Public,Urban,Female,High School,Yes,Yes,No,4.8,93.4,1.69,7.9,3.1,41.2,Fail,F
STU-2026-14062,Public,Urban,Female,Bachelors,Yes,No,No,22.4,96.2,3.82,5.5,13.2,71.4,Pass,C
STU-2026-14063,Private,Rural,Male,Bachelors,Yes,No,No,3.9,69.2,2.73,7.0,11.0,54.4,Fail,F
STU-2026-14064,Public,Urban,Female,High School,Yes,Yes,No,11.5,69.5,3.55,8.3,9.3,64.0,Pass,D
STU-2026-14065,Public,Rural,Female,Some College,Yes,No,No,13.8,84.1,2.06,7.1,0.2,53.2,Fail,F
STU-2026-14066,Private,Suburban,Female,High School,Yes,No,No,16.6,99.4,2.55,9.0,3.3,60.9,Pass,D
STU-2026-14067,Private,Urban,Female,High School,Yes,No,No,3.7,76.1,3.58,7.5,5.0,57.4,Fail,F
STU-2026-14068,Public,Urban,Female,Some College,Yes,Yes,No,28.7,99.7,3.3,5.1,11.8,72.4,Pass,C
STU-2026-14069,Public,Suburban,Female,Bachelors,Yes,No,No,19.1,73.7,1.77,7.1,13.8,52.6,Fail,F
STU-2026-14070,Public,Urban,Male,Masters,Yes,Yes,Yes,23.1,92.8,2.24,7.1,12.8,65.6,Pass,D
STU-2026-14071,Private,Urban,Female,Masters,Yes,Yes,Yes,8.2,78.2,2.92,5.1,9.1,65.0,Pass,D
STU-2026-14072,Private,Suburban,Male,Some College,Yes,Yes,No,21.4,63.8,2.45,6.7,4.7,54.2,Fail,F
STU-2026-14073,Public,Urban,Female,Masters,Yes,No,Yes,14.4,88.3,3.8,8.1,2.8,77.8,Pass,C
STU-2026-14074,Private,Urban,Male,Some College,Yes,Yes,Yes,21.2,63.8,3.27,4.5,3.6,78.0,Pass,C
STU-2026-14075,Public,Urban,Male,Bachelors,Yes,No,No,7.3,74.6,3.14,7.0,11.8,55.6,Fail,F
STU-2026-14076,Public,Urban,Female,High School,Yes,Yes,No,6.2,86.9,1.61,5.2,8.8,47.6,Fail,F
STU-2026-14077,Public,Suburban,Female,High School,Yes,No,No,23.3,60.6,3.31,9.0,8.7,54.6,Fail,F
STU-2026-14078,Public,Urban,Female,Some College,Yes,No,No,15.4,82.6,2.64,5.7,11.6,55.7,Fail,F
STU-2026-14079,Private,Suburban,Female,Bachelors,Yes,Yes,No,10.0,67.5,2.93,5.7,12.1,59.2,Fail,F
STU-2026-14080,Charter,Rural,Female,Some College,Yes,No,Yes,26.0,70.9,3.99,4.6,5.4,74.9,Pass,C
STU-2026-14081,Public,Suburban,Female,High School,Yes,Yes,No,14.1,87.1,3.92,8.1,5.7,69.0,Pass,D
STU-2026-14082,Public,Urban,Female,Bachelors,Yes,No,Yes,15.7,74.9,1.93,6.2,9.6,57.1,Fail,F
STU-2026-14083,Private,Rural,Male,Some College,Yes,No,No,4.2,66.9,1.72,5.6,8.2,42.8,Fail,F
STU-2026-14084,Private,Suburban,Male,Some College,Yes,No,No,20.6,85.1,2.59,6.1,7.2,58.8,Fail,F
STU-2026-14085,Private,Urban,Female,High School,Yes,Yes,No,5.8,92.8,3.69,9.0,11.8,65.9,Pass,D
STU-2026-14086,Public,Urban,Male,Doctorate,Yes,No,No,30.0,84.8,2.4,7.8,9.7,69.2,Pass,D
STU-2026-14087,Public,Urban,Male,Doctorate,Yes,Yes,No,3.0,76.6,3.38,5.1,4.1,60.4,Pass,D
STU-2026-14088,Public,Urban,Male,Bachelors,Yes,No,Yes,32.9,81.1,3.22,6.3,8.7,77.4,Pass,C
STU-2026-14089,Public,Suburban,Male,Bachelors,Yes,Yes,No,25.6,92.9,1.87,5.9,1.2,64.5,Pass,D
STU-2026-14090,Private,Urban,Male,Masters,Yes,No,No,20.7,81.0,1.58,6.4,6.3,57.2,Fail,F
STU-2026-14091,Private,Suburban,Male,Masters,No,Yes,No,10.4,80.3,2.1,5.8,14.4,47.4,Fail,F
STU-2026-14092,Public,Urban,Female,Bachelors,Yes,No,No,13.8,94.6,1.9,8.0,10.5,55.9,Fail,F
STU-2026-14093,Public,Suburban,Male,Masters,Yes,Yes,No,21.4,86.9,3.75,7.0,12.9,72.2,Pass,C
STU-2026-14094,Charter,Urban,Male,Masters,Yes,Yes,Yes,13.5,71.1,2.67,7.5,5.5,64.0,Pass,D
STU-2026-14095,Public,Suburban,Female,Some College,Yes,No,No,9.0,73.5,2.49,9.0,0.3,48.3,Fail,F
STU-2026-14096,Public,Urban,Male,Bachelors,Yes,No,No,9.7,94.5,1.91,7.9,12.3,51.0,Fail,F
STU-2026-14097,Public,Urban,Male,Some College,Yes,No,No,2.8,85.6,3.04,7.9,15.0,51.8,Fail,F
STU-2026-14098,Public,Suburban,Female,Bachelors,Yes,Yes,Yes,29.7,82.9,1.9,9.4,0.3,61.6,Pass,D
STU-2026-14099,Public,Rural,Female,Bachelors,Yes,No,No,21.1,77.1,3.77,9.1,11.6,71.8,Pass,C
STU-2026-14100,Private,Urban,Male,Some College,No,Yes,Yes,34.1,79.4,3.39,7.2,5.1,75.6,Pass,C
STU-2026-14101,Public,Urban,Male,Masters,Yes,Yes,No,18.9,92.7,1.97,7.2,10.8,67.2,Pass,D
STU-2026-14102,Private,Urban,Male,High School,Yes,No,Yes,8.4,91.7,2.07,8.0,2.0,53.7,Fail,F
STU-2026-14103,Private,Urban,Female,Bachelors,No,No,No,28.1,71.6,2.64,6.4,6.7,67.0,Pass,D
STU-2026-14104,Public,Urban,Female,Masters,Yes,Yes,No,32.8,98.0,3.95,5.6,9.2,92.7,Pass,A
STU-2026-14105,Charter,Urban,Female,Some College,No,No,Yes,27.0,77.6,3.43,9.3,14.1,74.2,Pass,C
STU-2026-14106,Public,Urban,Male,Masters,Yes,No,Yes,3.5,81.3,1.85,8.1,7.4,52.6,Fail,F
STU-2026-14107,Private,Urban,Male,High School,Yes,Yes,Yes,22.2,85.4,2.1,8.8,9.9,56.3,Fail,F
STU-2026-14108,Public,Suburban,Female,Bachelors,Yes,No,No,18.5,83.8,3.88,6.4,1.1,69.9,Pass,D
STU-2026-14109,Private,Urban,Male,Bachelors,Yes,No,No,23.5,73.3,2.27,8.0,7.8,56.7,Fail,F
STU-2026-14110,Private,Urban,Male,Some College,Yes,No,No,20.6,76.3,3.28,4.5,0.4,69.4,Pass,D
STU-2026-14111,Public,Urban,Male,Some College,Yes,Yes,Yes,9.0,77.0,2.53,6.6,4.0,55.8,Fail,F
STU-2026-14112,Private,Suburban,Male,Some College,Yes,Yes,Yes,13.0,97.9,3.19,8.1,11.0,67.5,Pass,D
STU-2026-14113,Public,Suburban,Male,Some College,Yes,Yes,No,14.9,72.5,2.1,7.7,10.5,46.0,Fail,F
STU-2026-14114,Private,Rural,Male,Masters,Yes,No,No,20.5,81.0,2.18,7.0,10.0,58.1,Fail,F
STU-2026-14115,Public,Rural,Male,Bachelors,Yes,No,Yes,12.5,72.1,3.5,5.7,8.6,63.3,Pass,D
STU-2026-14116,Public,Suburban,Female,Some College,Yes,Yes,No,6.4,64.9,3.08,8.6,7.6,49.1,Fail,F
STU-2026-14117,Public,Suburban,Female,Some College,Yes,Yes,No,24.2,85.1,1.75,7.4,6.5,57.3,Fail,F
STU-2026-14118,Charter,Urban,Male,Masters,Yes,Yes,No,31.1,82.5,2.76,8.0,10.8,62.8,Pass,D
STU-2026-14119,Private,Urban,Male,High School,Yes,Yes,No,31.1,98.6,2.49,8.5,14.0,75.2,Pass,C
STU-2026-14120,Public,Urban,Female,Bachelors,No,Yes,Yes,21.7,76.4,2.97,9.3,11.2,64.3,Pass,D
STU-2026-14121,Public,Urban,Male,Doctorate,Yes,No,No,8.5,76.9,2.61,7.5,8.4,54.7,Fail,F
STU-2026-14122,Public,Urban,Female,High School,Yes,No,No,32.5,95.2,2.02,6.0,2.6,67.9,Pass,D
STU-2026-14123,Public,Urban,Female,Masters,No,No,No,10.3,67.2,2.33,5.9,0.6,42.5,Fail,F
STU-2026-14124,Public,Urban,Female,High School,Yes,No,Yes,4.2,73.5,1.59,6.5,8.8,46.6,Fail,F
STU-2026-14125,Public,Urban,Male,Bachelors,Yes,Yes,No,3.4,89.0,2.14,7.3,0.1,50.6,Fail,F
STU-2026-14126,Public,Urban,Female,Bachelors,No,Yes,No,11.4,60.3,2.84,5.4,14.1,53.6,Fail,F
STU-2026-14127,Private,Suburban,Male,Some College,Yes,No,No,13.8,91.0,1.56,5.1,6.5,48.4,Fail,F
STU-2026-14128,Public,Suburban,Male,Bachelors,Yes,Yes,No,2.1,87.9,1.54,6.0,14.4,47.0,Fail,F
STU-2026-14129,Public,Rural,Female,Some College,No,No,No,21.9,62.6,3.24,6.3,0.8,54.9,Fail,F
STU-2026-14130,Private,Urban,Female,High School,Yes,Yes,Yes,2.5,68.4,3.92,8.0,10.3,62.9,Pass,D
STU-2026-14131,Public,Rural,Female,Masters,Yes,Yes,No,16.5,95.6,3.65,5.6,1.0,76.8,Pass,C
STU-2026-14132,Public,Urban,Male,Bachelors,Yes,Yes,Yes,7.2,61.8,2.21,6.7,10.1,51.7,Fail,F
STU-2026-14133,Public,Suburban,Male,Some College,Yes,Yes,Yes,27.7,78.2,1.92,8.9,10.5,63.5,Pass,D
STU-2026-14134,Private,Urban,Male,High School,Yes,Yes,No,33.2,91.1,2.89,4.5,12.6,66.9,Pass,D
STU-2026-14135,Private,Urban,Female,Bachelors,Yes,Yes,No,4.4,96.2,2.73,7.3,9.0,58.4,Fail,F
STU-2026-14136,Private,Urban,Male,Bachelors,Yes,No,Yes,18.3,76.1,2.13,6.3,0.1,61.0,Pass,D
STU-2026-14137,Public,Suburban,Female,Bachelors,Yes,Yes,No,32.0,74.2,3.28,7.8,14.3,75.6,Pass,C
STU-2026-14138,Public,Suburban,Male,Bachelors,Yes,No,No,30.6,62.5,3.78,5.5,11.5,77.3,Pass,C
STU-2026-14139,Public,Rural,Female,Some College,Yes,Yes,Yes,29.8,64.4,2.75,6.5,4.9,63.4,Pass,D
STU-2026-14140,Private,Suburban,Female,High School,Yes,Yes,No,3.8,71.1,2.34,5.1,7.7,47.1,Fail,F
STU-2026-14141,Public,Urban,Female,Masters,No,Yes,No,32.3,72.7,3.77,7.1,3.4,78.6,Pass,C
STU-2026-14142,Public,Urban,Female,Masters,No,No,No,3.9,85.5,2.85,8.3,12.6,54.1,Fail,F
STU-2026-14143,Public,Urban,Male,Masters,Yes,No,Yes,31.9,86.3,1.7,7.0,8.3,67.7,Pass,D
STU-2026-14144,Public,Rural,Male,High School,Yes,Yes,Yes,18.9,85.8,2.1,8.9,2.2,57.3,Fail,F
STU-2026-14145,Private,Urban,Female,Bachelors,Yes,Yes,No,31.4,96.9,1.82,7.8,5.6,62.4,Pass,D
STU-2026-14146,Public,Suburban,Female,Some College,Yes,Yes,No,21.0,93.9,3.34,5.4,6.8,71.0,Pass,C
STU-2026-14147,Private,Urban,Female,Bachelors,No,Yes,No,17.0,88.2,2.32,5.1,0.3,52.4,Fail,F
STU-2026-14148,Public,Urban,Male,Some College,Yes,No,Yes,31.1,88.6,2.36,8.6,12.3,63.3,Pass,D
STU-2026-14149,Private,Urban,Male,Masters,Yes,Yes,No,6.2,60.4,3.32,6.9,13.1,58.7,Fail,F
STU-2026-14150,Public,Urban,Male,Bachelors,Yes,Yes,Yes,9.9,85.3,3.87,6.1,7.0,76.9,Pass,C
STU-2026-14151,Public,Suburban,Female,Bachelors,Yes,Yes,No,17.9,98.3,3.14,9.0,13.3,70.2,Pass,C
STU-2026-14152,Public,Rural,Male,Bachelors,Yes,Yes,No,6.4,97.6,2.45,7.3,10.6,57.4,Fail,F
STU-2026-14153,Public,Suburban,Female,Some College,Yes,Yes,Yes,32.5,94.3,3.81,7.9,7.1,86.6,Pass,B
STU-2026-14154,Public,Urban,Male,Bachelors,Yes,No,Yes,5.4,88.6,2.54,5.9,11.5,58.9,Fail,F
STU-2026-14155,Public,Urban,Female,Some College,Yes,No,Yes,27.5,85.0,3.96,7.8,13.0,83.0,Pass,B
STU-2026-14156,Public,Urban,Male,Doctorate,No,No,Yes,25.9,98.9,2.02,6.3,9.5,67.6,Pass,D
STU-2026-14157,Public,Rural,Male,Bachelors,Yes,No,Yes,15.8,63.1,1.58,6.7,7.7,49.4,Fail,F
STU-2026-14158,Charter,Suburban,Female,Masters,No,Yes,Yes,22.1,97.4,1.59,4.8,5.5,57.7,Fail,F
STU-2026-14159,Public,Suburban,Male,Bachelors,Yes,No,No,31.4,71.0,2.42,9.3,6.3,68.4,Pass,D
STU-2026-14160,Private,Rural,Female,Some College,Yes,No,No,29.3,86.8,3.29,6.5,6.8,69.2,Pass,D
STU-2026-14161,Public,Urban,Male,Some College,Yes,Yes,No,34.5,82.8,1.65,6.6,6.2,53.6,Fail,F
STU-2026-14162,Private,Rural,Male,High School,No,Yes,No,33.3,78.8,2.06,8.9,4.5,62.3,Pass,D
STU-2026-14163,Charter,Rural,Male,Bachelors,Yes,No,No,10.6,94.4,3.66,7.2,7.6,72.7,Pass,C
STU-2026-14164,Charter,Urban,Male,Bachelors,Yes,Yes,No,5.0,66.3,3.59,7.1,0.3,57.9,Fail,F
STU-2026-14165,Private,Suburban,Male,Doctorate,No,No,No,13.0,65.0,2.36,8.6,1.7,57.5,Fail,F
STU-2026-14166,Public,Urban,Male,Bachelors,No,No,No,22.6,77.5,1.86,6.0,10.4,54.7,Fail,F
STU-2026-14167,Public,Rural,Male,High School,Yes,Yes,No,8.9,76.4,3.64,5.8,12.2,59.9,Fail,F
STU-2026-14168,Public,Urban,Male,Bachelors,Yes,No,No,19.5,96.2,3.22,8.3,11.2,68.6,Pass,D
STU-2026-14169,Charter,Urban,Female,High School,Yes,Yes,No,16.9,83.3,3.46,6.4,5.2,65.4,Pass,D
STU-2026-14170,Private,Rural,Female,High School,Yes,No,Yes,33.4,72.6,2.44,9.5,8.5,72.0,Pass,C
STU-2026-14171,Public,Urban,Female,Bachelors,Yes,Yes,No,27.5,75.1,3.05,7.7,4.2,71.7,Pass,C
STU-2026-14172,Public,Urban,Female,Doctorate,No,No,No,16.0,74.3,1.57,7.0,6.2,49.3,Fail,F
STU-2026-14173,Public,Urban,Female,Some College,Yes,Yes,No,23.6,77.8,3.53,6.8,12.7,70.2,Pass,C
STU-2026-14174,Private,Urban,Male,Bachelors,No,Yes,No,6.7,88.9,1.62,5.3,1.4,45.4,Fail,F
STU-2026-14175,Public,Urban,Female,Some College,No,Yes,Yes,33.8,92.0,1.93,7.6,14.9,73.3,Pass,C
STU-2026-14176,Charter,Suburban,Female,Bachelors,Yes,Yes,No,18.9,61.3,3.51,6.5,4.2,63.7,Pass,D
STU-2026-14177,Charter,Suburban,Female,Masters,Yes,No,No,9.0,86.9,3.96,8.6,10.2,67.1,Pass,D
STU-2026-14178,Public,Urban,Male,Some College,Yes,No,No,30.0,74.9,1.77,5.5,1.6,61.1,Pass,D
STU-2026-14179,Private,Urban,Male,Bachelors,Yes,Yes,No,2.3,60.8,2.15,6.9,1.3,36.8,Fail,F
STU-2026-14180,Charter,Urban,Male,Some College,Yes,No,No,23.1,95.7,1.73,9.0,9.2,54.9,Fail,F
STU-2026-14181,Private,Rural,Male,Bachelors,Yes,Yes,Yes,27.8,98.5,1.94,6.6,12.0,72.2,Pass,C
STU-2026-14182,Public,Rural,Male,Bachelors,Yes,Yes,Yes,5.4,85.4,2.37,9.5,9.5,58.1,Fail,F
STU-2026-14183,Private,Suburban,Male,Bachelors,Yes,No,No,13.2,67.8,2.69,8.4,7.7,49.3,Fail,F
STU-2026-14184,Public,Urban,Male,High School,No,No,No,14.1,88.8,3.05,4.6,7.6,60.9,Pass,D
STU-2026-14185,Public,Rural,Female,Some College,Yes,Yes,Yes,25.6,82.8,1.51,6.7,7.8,53.3,Fail,F
STU-2026-14186,Charter,Urban,Male,Some College,Yes,No,Yes,34.0,90.6,3.08,8.4,10.8,80.7,Pass,B
STU-2026-14187,Public,Urban,Female,Some College,Yes,Yes,No,31.6,64.4,2.44,6.4,7.9,59.9,Fail,F
STU-2026-14188,Public,Suburban,Male,Bachelors,Yes,Yes,No,25.0,67.6,2.71,4.6,2.0,58.1,Fail,F
STU-2026-14189,Private,Urban,Female,Bachelors,Yes,No,No,15.4,75.9,2.63,6.2,6.8,58.5,Fail,F
STU-2026-14190,Public,Urban,Female,Bachelors,Yes,Yes,No,2.9,76.8,2.35,4.6,1.3,56.2,Fail,F
STU-2026-14191,Public,Suburban,Female,Bachelors,Yes,Yes,No,24.5,85.4,1.89,6.5,14.5,65.2,Pass,D
STU-2026-14192,Public,Urban,Male,Bachelors,Yes,Yes,Yes,15.9,84.5,2.44,8.6,5.3,55.7,Fail,F
STU-2026-14193,Public,Suburban,Female,Masters,Yes,No,No,16.7,65.4,2.28,9.2,12.2,56.5,Fail,F
STU-2026-14194,Public,Urban,Male,High School,Yes,No,Yes,23.8,64.6,3.37,8.4,13.7,71.7,Pass,C
STU-2026-14195,Public,Urban,Male,High School,Yes,No,No,25.0,78.0,3.67,4.6,6.5,70.9,Pass,C
STU-2026-14196,Public,Suburban,Male,Some College,Yes,No,No,30.0,99.5,3.25,9.2,3.4,71.2,Pass,C
STU-2026-14197,Public,Urban,Male,Some College,Yes,Yes,No,27.3,77.2,2.18,5.0,0.7,55.9,Fail,F
STU-2026-14198,Public,Urban,Male,Bachelors,Yes,Yes,No,3.5,90.5,3.57,9.1,11.7,60.5,Pass,D
STU-2026-14199,Public,Rural,Female,Some College,No,Yes,No,29.1,61.2,3.53,9.5,8.4,64.2,Pass,D
STU-2026-14200,Public,Urban,Male,Masters,Yes,Yes,No,9.7,86.7,2.78,7.0,7.2,56.9,Fail,F
STU-2026-14201,Private,Urban,Female,Bachelors,No,Yes,Yes,2.9,95.8,2.49,5.0,9.6,59.3,Fail,F
STU-2026-14202,Public,Urban,Male,Masters,Yes,No,Yes,23.8,81.6,2.57,7.7,3.4,74.8,Pass,C
STU-2026-14203,Public,Suburban,Male,Some College,Yes,No,Yes,18.9,96.0,2.54,7.3,2.3,69.9,Pass,D
STU-2026-14204,Private,Urban,Female,High School,Yes,Yes,No,21.4,89.5,2.57,5.1,1.3,56.2,Fail,F
STU-2026-14205,Public,Urban,Female,Some College,Yes,No,Yes,17.9,89.7,2.86,7.8,6.6,74.2,Pass,C
STU-2026-14206,Private,Suburban,Female,High School,Yes,Yes,Yes,15.6,82.4,2.91,8.2,9.5,58.5,Fail,F
STU-2026-14207,Public,Suburban,Female,Doctorate,Yes,Yes,No,30.3,67.2,3.58,8.3,14.1,74.0,Pass,C
STU-2026-14208,Public,Urban,Male,High School,Yes,No,No,21.3,95.8,3.1,7.9,4.9,61.4,Pass,D
STU-2026-14209,Public,Urban,Male,High School,Yes,Yes,Yes,30.4,88.4,3.33,8.4,11.2,70.6,Pass,C
STU-2026-14210,Private,Suburban,Male,Bachelors,Yes,No,Yes,3.0,94.3,1.53,8.7,12.2,51.9,Fail,F
STU-2026-14211,Public,Suburban,Male,High School,No,Yes,No,12.1,93.6,3.88,7.0,7.5,64.4,Pass,D
STU-2026-14212,Charter,Rural,Female,Doctorate,Yes,No,No,14.1,62.7,2.97,4.8,8.6,65.1,Pass,D
STU-2026-14213,Private,Urban,Female,Masters,Yes,No,No,34.8,99.9,3.51,7.7,1.7,86.1,Pass,B
STU-2026-14214,Public,Rural,Female,Some College,Yes,Yes,No,29.8,93.5,3.69,4.7,14.8,79.4,Pass,C
STU-2026-14215,Public,Urban,Male,Some College,Yes,No,No,4.9,99.8,3.73,8.1,7.5,67.7,Pass,D
STU-2026-14216,Charter,Urban,Male,Some College,Yes,Yes,Yes,11.7,60.7,2.91,5.9,4.9,60.4,Pass,D
STU-2026-14217,Private,Rural,Male,Some College,Yes,Yes,No,21.0,86.4,3.49,4.8,12.5,71.0,Pass,C
STU-2026-14218,Private,Urban,Female,Bachelors,Yes,Yes,No,4.8,71.9,3.18,4.9,8.4,49.1,Fail,F
STU-2026-14219,Public,Suburban,Female,High School,Yes,Yes,No,26.5,98.2,2.67,6.8,11.3,61.0,Pass,D
STU-2026-14220,Public,Urban,Female,Masters,Yes,Yes,No,20.3,93.5,3.66,6.2,7.7,74.4,Pass,C
STU-2026-14221,Public,Suburban,Female,Bachelors,Yes,Yes,Yes,18.5,62.8,2.0,7.8,9.9,55.4,Fail,F
STU-2026-14222,Private,Rural,Male,Masters,No,No,No,24.0,64.8,2.86,5.7,4.2,66.0,Pass,D
STU-2026-14223,Public,Urban,Male,Bachelors,No,Yes,No,17.0,66.7,2.37,6.7,3.8,43.0,Fail,F
STU-2026-14224,Private,Urban,Male,High School,Yes,No,Yes,11.8,69.1,3.14,7.4,0.6,59.5,Fail,F
STU-2026-14225,Private,Urban,Male,Masters,Yes,Yes,No,11.9,75.6,2.49,6.3,10.8,47.3,Fail,F
STU-2026-14226,Private,Suburban,Female,High School,Yes,Yes,Yes,32.8,98.7,2.91,4.6,8.1,73.6,Pass,C
STU-2026-14227,Public,Suburban,Female,Masters,Yes,No,Yes,12.0,70.8,2.36,7.1,0.4,60.5,Pass,D
STU-2026-14228,Public,Suburban,Male,Masters,Yes,No,No,20.7,65.5,2.29,8.1,8.3,57.5,Fail,F
STU-2026-14229,Private,Urban,Male,Bachelors,Yes,No,Yes,4.4,64.7,3.36,9.1,1.5,57.1,Fail,F
STU-2026-14230,Private,Urban,Female,Masters,Yes,No,Yes,32.4,60.2,1.7,8.6,11.3,59.9,Fail,F
STU-2026-14231,Private,Urban,Male,Bachelors,No,Yes,Yes,22.8,61.2,2.87,4.9,1.6,64.9,Pass,D
STU-2026-14232,Public,Suburban,Female,High School,No,No,No,26.0,60.7,1.68,8.0,8.8,35.6,Fail,F
STU-2026-14233,Public,Suburban,Male,High School,Yes,No,Yes,5.1,87.7,1.82,9.3,9.1,49.0,Fail,F
STU-2026-14234,Private,Suburban,Female,Masters,Yes,No,Yes,25.6,97.0,3.36,9.3,8.9,78.0,Pass,C
STU-2026-14235,Private,Suburban,Male,High School,No,No,Yes,15.8,93.3,2.33,5.3,9.6,60.8,Pass,D
STU-2026-14236,Public,Rural,Female,Bachelors,Yes,Yes,No,3.4,69.4,1.76,6.4,3.1,35.6,Fail,F
STU-2026-14237,Public,Urban,Female,Some College,Yes,Yes,No,22.9,61.4,3.08,6.4,1.1,59.7,Fail,F
STU-2026-14238,Public,Suburban,Female,Bachelors,Yes,No,Yes,20.6,82.4,1.52,5.2,13.3,53.1,Fail,F
STU-2026-14239,Public,Suburban,Male,Some College,Yes,No,Yes,33.0,72.8,3.0,7.7,0.3,72.1,Pass,C
STU-2026-14240,Public,Rural,Female,Masters,Yes,Yes,No,17.7,75.1,3.54,4.7,10.2,69.1,Pass,D
STU-2026-14241,Public,Urban,Female,Doctorate,Yes,No,Yes,24.3,61.5,2.4,6.4,7.1,64.6,Pass,D
STU-2026-14242,Public,Rural,Male,Bachelors,Yes,Yes,No,31.1,95.6,3.37,6.0,3.2,84.3,Pass,B
STU-2026-14243,Public,Urban,Male,Some College,Yes,Yes,No,33.5,95.2,3.15,9.5,14.6,80.7,Pass,B
STU-2026-14244,Public,Suburban,Male,Bachelors,Yes,No,No,8.7,81.0,2.54,6.3,11.7,54.9,Fail,F
STU-2026-14245,Public,Suburban,Female,Bachelors,No,No,No,3.1,67.2,2.01,8.5,8.9,40.0,Fail,F
STU-2026-14246,Private,Suburban,Male,Bachelors,Yes,No,No,21.8,82.0,1.57,7.2,3.0,53.3,Fail,F
STU-2026-14247,Public,Rural,Female,Masters,Yes,Yes,No,5.5,99.3,3.38,8.3,8.0,73.1,Pass,C
STU-2026-14248,Public,Suburban,Female,Bachelors,Yes,No,Yes,10.2,84.0,2.78,4.9,3.6,61.9,Pass,D
STU-2026-14249,Public,Suburban,Male,High School,Yes,No,No,20.8,86.3,3.4,8.7,13.8,66.4,Pass,D
STU-2026-14250,Private,Suburban,Female,Some College,No,Yes,No,32.0,72.2,3.86,6.8,2.1,73.1,Pass,C
STU-2026-14251,Public,Suburban,Male,Masters,Yes,Yes,No,13.8,87.6,3.7,6.3,10.0,70.6,Pass,C
STU-2026-14252,Private,Urban,Male,Bachelors,Yes,No,No,5.7,81.1,3.77,9.2,6.5,66.1,Pass,D
STU-2026-14253,Public,Urban,Female,Masters,Yes,Yes,No,6.5,63.7,2.47,8.7,14.7,56.7,Fail,F
STU-2026-14254,Charter,Urban,Female,Bachelors,Yes,No,No,25.4,79.7,2.14,6.4,8.6,59.4,Fail,F
STU-2026-14255,Public,Urban,Female,Bachelors,Yes,Yes,No,21.7,76.5,1.85,5.2,6.4,59.2,Fail,F
STU-2026-14256,Public,Suburban,Male,Some College,Yes,No,No,12.5,88.9,2.35,7.7,10.5,48.2,Fail,F
STU-2026-14257,Public,Urban,Female,Some College,Yes,No,No,3.0,82.2,3.66,5.4,7.1,54.1,Fail,F
STU-2026-14258,Charter,Urban,Female,Bachelors,No,Yes,No,27.5,75.3,3.93,4.8,5.9,72.7,Pass,C
STU-2026-14259,Public,Suburban,Male,Some College,Yes,No,Yes,24.3,86.7,3.86,6.0,3.1,82.6,Pass,B
STU-2026-14260,Private,Suburban,Female,High School,Yes,No,No,21.5,62.5,2.65,7.5,13.1,53.4,Fail,F
STU-2026-14261,Public,Urban,Male,Some College,Yes,Yes,No,8.8,60.1,2.81,5.3,7.5,48.4,Fail,F
STU-2026-14262,Charter,Urban,Female,Bachelors,Yes,Yes,Yes,28.5,85.3,1.72,6.6,2.4,61.2,Pass,D
STU-2026-14263,Public,Urban,Male,Bachelors,Yes,No,Yes,17.6,64.7,3.82,6.8,5.1,64.8,Pass,D
STU-2026-14264,Private,Urban,Male,Some College,Yes,Yes,No,2.1,99.2,2.54,6.9,14.7,46.7,Fail,F
STU-2026-14265,Private,Urban,Female,Masters,Yes,Yes,No,20.1,77.1,2.6,6.0,3.2,65.5,Pass,D
STU-2026-14266,Public,Rural,Female,Bachelors,No,Yes,No,9.5,80.8,2.25,5.0,8.6,51.8,Fail,F
STU-2026-14267,Private,Urban,Male,Masters,Yes,No,Yes,11.8,80.1,2.55,8.8,6.1,61.9,Pass,D
STU-2026-14268,Charter,Suburban,Female,Masters,No,No,No,22.6,94.0,1.92,5.5,11.0,61.8,Pass,D
STU-2026-14269,Private,Rural,Female,Masters,Yes,No,Yes,30.9,93.6,1.89,5.9,10.7,72.2,Pass,C
STU-2026-14270,Public,Urban,Female,Some College,Yes,Yes,Yes,19.2,68.8,2.34,4.6,12.1,58.6,Fail,F
STU-2026-14271,Private,Suburban,Male,High School,Yes,Yes,No,17.2,80.6,3.33,9.4,12.3,64.6,Pass,D
STU-2026-14272,Public,Urban,Male,High School,Yes,Yes,No,6.3,83.9,3.66,5.2,5.3,59.8,Fail,F
STU-2026-14273,Private,Urban,Female,Some College,Yes,Yes,No,8.4,94.6,1.68,7.4,3.2,49.3,Fail,F
STU-2026-14274,Public,Suburban,Female,Bachelors,Yes,Yes,No,18.4,64.9,3.96,8.0,11.8,66.9,Pass,D
STU-2026-14275,Public,Urban,Female,High School,Yes,No,No,18.5,64.5,3.64,7.6,8.6,61.1,Pass,D
STU-2026-14276,Public,Rural,Male,Doctorate,Yes,Yes,Yes,20.1,70.4,3.01,6.5,10.3,69.5,Pass,D
STU-2026-14277,Private,Urban,Male,High School,Yes,Yes,No,4.7,94.5,2.55,5.6,3.0,56.9,Fail,F
STU-2026-14278,Public,Rural,Male,Bachelors,Yes,Yes,No,9.0,71.9,2.77,6.9,3.6,49.2,Fail,F
STU-2026-14279,Private,Rural,Female,High School,Yes,No,Yes,14.8,80.5,3.64,7.5,12.0,67.5,Pass,D
STU-2026-14280,Public,Suburban,Male,High School,No,Yes,No,5.7,97.9,2.14,5.1,4.7,40.3,Fail,F
STU-2026-14281,Public,Suburban,Female,Bachelors,Yes,Yes,Yes,16.0,68.5,3.29,7.0,10.4,66.8,Pass,D
STU-2026-14282,Charter,Urban,Female,Bachelors,Yes,No,Yes,6.1,86.5,1.51,8.9,12.1,46.3,Fail,F
STU-2026-14283,Public,Urban,Male,High School,Yes,Yes,No,28.8,88.9,2.84,4.6,12.9,67.0,Pass,D
STU-2026-14284,Public,Suburban,Female,Some College,Yes,Yes,No,27.9,92.4,2.93,9.0,4.7,75.7,Pass,C
STU-2026-14285,Public,Suburban,Female,High School,Yes,No,Yes,12.6,72.8,2.32,5.5,5.0,53.0,Fail,F
STU-2026-14286,Public,Urban,Female,High School,No,No,No,17.8,72.3,3.75,7.2,2.0,62.5,Pass,D
STU-2026-14287,Public,Suburban,Female,Some College,Yes,Yes,No,19.1,76.1,3.37,5.3,14.2,60.7,Pass,D
STU-2026-14288,Private,Rural,Female,Masters,Yes,Yes,No,14.8,93.2,2.47,5.7,2.5,61.3,Pass,D
STU-2026-14289,Public,Urban,Female,Some College,Yes,Yes,No,11.5,82.2,2.7,7.8,4.0,55.4,Fail,F
STU-2026-14290,Public,Rural,Male,High School,Yes,No,Yes,24.7,64.9,3.46,5.2,7.7,71.6,Pass,C
STU-2026-14291,Public,Urban,Male,Masters,Yes,No,Yes,23.8,86.3,1.64,5.0,6.2,61.7,Pass,D
STU-2026-14292,Public,Urban,Male,Some College,Yes,Yes,No,29.5,76.7,3.76,4.8,14.9,71.1,Pass,C
STU-2026-14293,Public,Urban,Female,Some College,Yes,Yes,No,32.8,67.4,1.97,6.7,13.6,60.8,Pass,D
STU-2026-14294,Public,Suburban,Male,High School,Yes,No,No,21.5,69.1,3.02,7.0,10.3,55.7,Fail,F
STU-2026-14295,Private,Urban,Male,Bachelors,No,Yes,No,28.9,72.5,2.58,9.0,8.3,57.5,Fail,F
STU-2026-14296,Public,Urban,Female,Bachelors,Yes,No,No,29.6,62.6,3.83,6.4,5.8,75.9,Pass,C
STU-2026-14297,Public,Suburban,Female,Some College,Yes,Yes,No,16.1,73.1,3.02,7.3,10.6,59.9,Fail,F
STU-2026-14298,Public,Suburban,Male,Bachelors,Yes,Yes,No,12.8,64.6,3.19,7.1,7.6,60.0,Pass,D
STU-2026-14299,Public,Urban,Female,Some College,Yes,Yes,Yes,24.9,79.9,2.69,6.5,5.2,58.2,Fail,F
STU-2026-14300,Public,Suburban,Female,Some College,Yes,No,Yes,9.0,79.5,1.63,7.8,6.4,50.3,Fail,F
STU-2026-14301,Public,Suburban,Female,Some College,Yes,Yes,No,27.2,79.0,1.82,9.4,0.2,51.0,Fail,F
STU-2026-14302,Public,Urban,Female,Bachelors,No,No,Yes,11.9,65.2,2.57,8.1,7.7,51.9,Fail,F
STU-2026-14303,Public,Suburban,Male,Masters,Yes,Yes,No,28.6,71.9,2.4,7.3,6.0,67.6,Pass,D
STU-2026-14304,Charter,Urban,Male,Bachelors,No,Yes,No,23.4,61.5,1.81,8.9,14.4,51.9,Fail,F
STU-2026-14305,Public,Suburban,Male,High School,Yes,No,Yes,34.0,82.5,3.69,7.9,8.0,80.2,Pass,B
STU-2026-14306,Charter,Urban,Male,Some College,Yes,No,Yes,12.3,68.8,2.35,5.0,2.0,56.8,Fail,F
STU-2026-14307,Charter,Rural,Male,High School,Yes,Yes,No,31.0,67.4,2.21,6.1,11.4,63.1,Pass,D
STU-2026-14308,Public,Suburban,Male,Bachelors,Yes,Yes,Yes,23.2,63.8,2.8,9.4,14.8,65.4,Pass,D
STU-2026-14309,Public,Rural,Male,High School,Yes,No,No,23.5,83.8,3.67,9.0,4.3,71.3,Pass,C
STU-2026-14310,Charter,Suburban,Male,High School,No,No,Yes,10.7,94.4,3.98,9.0,11.2,71.3,Pass,C
STU-2026-14311,Public,Urban,Female,Bachelors,Yes,Yes,No,16.5,92.7,3.04,6.0,4.9,65.0,Pass,D
STU-2026-14312,Public,Rural,Male,Bachelors,No,Yes,Yes,18.5,91.8,3.72,7.5,13.8,71.6,Pass,C
STU-2026-14313,Public,Rural,Male,Bachelors,No,Yes,No,9.4,82.5,1.74,7.5,4.7,49.2,Fail,F
STU-2026-14314,Public,Urban,Female,Some College,Yes,Yes,No,9.0,63.0,3.56,9.4,1.8,60.1,Pass,D
STU-2026-14315,Charter,Suburban,Female,Bachelors,Yes,No,Yes,32.3,83.2,1.61,5.1,7.7,66.7,Pass,D
STU-2026-14316,Private,Urban,Male,Some College,Yes,Yes,No,2.5,62.1,2.89,4.5,4.3,50.5,Fail,F
STU-2026-14317,Private,Urban,Female,Some College,Yes,No,No,22.4,91.7,3.91,4.8,7.1,75.4,Pass,C
STU-2026-14318,Public,Urban,Female,Some College,Yes,Yes,Yes,16.0,66.1,2.94,8.4,5.6,53.7,Fail,F
STU-2026-14319,Private,Rural,Male,Some College,Yes,No,Yes,30.5,66.6,3.33,8.9,10.2,74.2,Pass,C
STU-2026-14320,Public,Urban,Female,High School,Yes,Yes,Yes,10.2,61.6,2.22,5.3,4.3,43.0,Fail,F
STU-2026-14321,Public,Urban,Male,Some College,Yes,No,No,10.0,79.5,3.91,6.8,7.4,68.6,Pass,D
STU-2026-14322,Public,Rural,Female,High School,Yes,Yes,Yes,27.0,81.0,3.48,6.5,7.8,69.9,Pass,D
STU-2026-14323,Charter,Urban,Female,Bachelors,Yes,No,No,31.4,69.3,3.54,5.1,4.7,70.1,Pass,C
STU-2026-14324,Public,Rural,Male,Some College,Yes,No,No,12.9,62.7,1.55,5.2,9.8,45.3,Fail,F
STU-2026-14325,Charter,Suburban,Female,Some College,Yes,Yes,Yes,28.7,69.0,3.4,8.3,8.8,71.9,Pass,C
STU-2026-14326,Private,Suburban,Female,Bachelors,Yes,No,No,12.3,77.1,1.85,6.9,12.9,50.7,Fail,F
STU-2026-14327,Private,Suburban,Female,Some College,Yes,No,No,19.0,64.5,1.82,7.3,11.2,49.5,Fail,F
STU-2026-14328,Private,Rural,Female,Some College,Yes,No,Yes,7.6,76.0,3.88,4.6,2.4,71.6,Pass,C
STU-2026-14329,Public,Urban,Female,Some College,No,No,Yes,12.0,86.3,2.64,5.2,13.8,59.6,Fail,F
STU-2026-14330,Public,Suburban,Female,Some College,Yes,Yes,No,31.2,96.1,1.54,4.8,0.0,56.7,Fail,F
STU-2026-14331,Private,Urban,Male,High School,Yes,No,No,4.1,73.9,2.65,8.4,7.5,51.6,Fail,F
STU-2026-14332,Public,Urban,Female,Bachelors,Yes,No,No,20.0,83.8,3.69,6.7,4.7,66.0,Pass,D
STU-2026-14333,Public,Suburban,Male,High School,Yes,Yes,No,28.2,91.1,2.0,6.8,6.9,59.5,Fail,F
STU-2026-14334,Public,Suburban,Male,Some College,Yes,Yes,Yes,34.9,78.1,3.38,6.9,13.2,86.7,Pass,B
STU-2026-14335,Public,Suburban,Female,High School,Yes,No,No,4.9,71.1,3.31,7.3,10.0,51.7,Fail,F
STU-2026-14336,Public,Suburban,Male,Some College,Yes,Yes,No,17.8,83.7,3.65,7.6,6.6,68.0,Pass,D
STU-2026-14337,Private,Urban,Male,Masters,Yes,Yes,No,24.4,93.6,3.23,8.4,4.3,73.9,Pass,C
STU-2026-14338,Public,Urban,Female,Some College,Yes,No,No,25.2,82.7,3.84,6.9,1.0,79.1,Pass,C
STU-2026-14339,Public,Urban,Female,Some College,Yes,Yes,Yes,23.5,95.8,1.58,7.7,0.9,66.2,Pass,D
STU-2026-14340,Public,Suburban,Male,Bachelors,Yes,Yes,Yes,27.9,98.3,2.19,5.0,3.1,75.2,Pass,C
STU-2026-14341,Public,Suburban,Female,Some College,Yes,No,Yes,34.5,75.4,2.45,7.8,8.2,69.1,Pass,D
STU-2026-14342,Public,Rural,Male,Bachelors,No,Yes,No,16.4,61.7,1.86,8.4,9.1,41.0,Fail,F
STU-2026-14343,Public,Suburban,Female,Some College,No,Yes,No,21.8,93.4,1.62,6.3,2.4,55.1,Fail,F
STU-2026-14344,Public,Suburban,Female,Masters,Yes,Yes,No,18.4,96.2,3.23,9.1,10.6,68.7,Pass,D
STU-2026-14345,Public,Urban,Female,Masters,Yes,Yes,No,29.4,89.8,3.65,8.6,11.1,83.8,Pass,B
STU-2026-14346,Public,Urban,Female,Masters,Yes,Yes,Yes,32.4,93.9,3.9,7.5,14.3,91.0,Pass,A
STU-2026-14347,Public,Suburban,Female,Masters,Yes,Yes,Yes,33.0,63.1,2.79,5.2,3.0,70.8,Pass,C
STU-2026-14348,Public,Suburban,Female,Doctorate,Yes,No,No,28.2,85.2,3.85,4.8,13.8,93.8,Pass,A
STU-2026-14349,Private,Suburban,Female,High School,Yes,Yes,Yes,3.1,94.2,3.37,5.5,12.6,59.6,Fail,F
STU-2026-14350,Charter,Urban,Male,Masters,No,Yes,No,3.0,75.7,1.78,5.9,4.1,37.8,Fail,F
STU-2026-14351,Public,Rural,Male,Some College,No,No,Yes,29.0,96.5,3.77,5.7,13.2,71.7,Pass,C
STU-2026-14352,Public,Urban,Male,Some College,Yes,Yes,No,13.6,94.3,2.83,8.9,2.7,64.8,Pass,D
STU-2026-14353,Charter,Rural,Male,Bachelors,Yes,No,No,6.2,97.4,2.71,8.9,10.4,59.5,Fail,F
STU-2026-14354,Public,Rural,Female,Bachelors,Yes,Yes,No,4.0,86.9,2.25,9.4,0.9,53.7,Fail,F
STU-2026-14355,Private,Urban,Female,Bachelors,Yes,No,No,15.1,87.9,2.54,7.3,4.5,68.8,Pass,D
STU-2026-14356,Public,Urban,Male,Some College,Yes,No,No,29.9,70.6,1.93,8.5,13.5,52.6,Fail,F
STU-2026-14357,Public,Suburban,Male,Bachelors,Yes,No,Yes,23.1,77.4,2.77,8.9,14.0,72.3,Pass,C
STU-2026-14358,Private,Urban,Male,Bachelors,No,No,No,32.3,80.8,1.56,8.0,1.5,57.6,Fail,F
STU-2026-14359,Public,Rural,Female,Bachelors,Yes,Yes,Yes,4.0,62.8,2.47,8.6,12.3,47.7,Fail,F
STU-2026-14360,Public,Urban,Male,Bachelors,Yes,Yes,Yes,33.0,90.6,2.85,7.6,6.8,84.7,Pass,B
STU-2026-14361,Public,Urban,Female,Bachelors,Yes,Yes,Yes,12.0,84.8,2.21,5.9,13.8,62.6,Pass,D
STU-2026-14362,Private,Suburban,Female,Bachelors,Yes,Yes,Yes,27.8,64.3,1.65,9.3,12.2,59.2,Fail,F
STU-2026-14363,Public,Suburban,Male,Some College,Yes,No,Yes,22.3,77.2,2.09,5.0,10.8,59.4,Fail,F
STU-2026-14364,Public,Urban,Male,Bachelors,Yes,Yes,No,34.2,75.6,3.53,6.3,1.2,77.9,Pass,C
STU-2026-14365,Public,Suburban,Female,Some College,Yes,No,Yes,9.8,72.6,2.96,7.8,12.7,64.7,Pass,D
STU-2026-14366,Public,Suburban,Male,Masters,Yes,No,No,12.5,95.7,3.5,7.0,7.7,79.0,Pass,C
STU-2026-14367,Public,Suburban,Female,High School,No,No,No,9.7,85.9,2.15,5.4,5.3,42.1,Fail,F
STU-2026-14368,Private,Urban,Female,Some College,Yes,Yes,No,29.1,84.5,1.65,5.1,2.7,62.1,Pass,D
STU-2026-14369,Public,Suburban,Male,Bachelors,Yes,Yes,No,22.4,87.5,3.29,9.1,10.6,58.1,Fail,F
STU-2026-14370,Charter,Suburban,Male,High School,No,Yes,Yes,7.1,71.7,1.94,7.0,0.0,52.9,Fail,F
STU-2026-14371,Private,Urban,Male,Masters,Yes,Yes,No,21.7,75.5,2.46,7.0,14.6,58.0,Fail,F
STU-2026-14372,Public,Urban,Male,Bachelors,No,No,Yes,32.0,96.7,3.2,7.6,9.2,83.0,Pass,B
STU-2026-14373,Public,Urban,Male,Some College,Yes,No,Yes,3.4,90.9,3.97,6.3,7.3,71.7,Pass,C
STU-2026-14374,Private,Suburban,Male,Bachelors,Yes,Yes,No,5.0,94.1,1.53,4.6,14.8,45.2,Fail,F
STU-2026-14375,Private,Urban,Male,Some College,Yes,No,No,13.1,61.5,2.81,9.1,14.0,47.4,Fail,F
STU-2026-14376,Charter,Suburban,Female,Some College,Yes,No,Yes,22.8,67.3,2.47,5.6,12.7,58.5,Fail,F
STU-2026-14377,Public,Suburban,Male,Masters,Yes,Yes,Yes,7.7,77.5,2.55,5.4,5.8,66.7,Pass,D
STU-2026-14378,Public,Suburban,Female,Bachelors,Yes,No,No,28.1,68.2,2.15,9.0,0.3,55.8,Fail,F
STU-2026-14379,Public,Suburban,Male,High School,Yes,Yes,No,13.3,94.8,3.99,7.3,2.2,73.2,Pass,C
STU-2026-14380,Public,Suburban,Female,Bachelors,Yes,Yes,Yes,19.1,64.5,3.46,8.9,7.1,70.4,Pass,C
STU-2026-14381,Private,Suburban,Male,Masters,Yes,No,Yes,24.5,75.9,2.13,9.3,4.0,61.4,Pass,D
STU-2026-14382,Public,Suburban,Female,Masters,Yes,Yes,No,27.3,78.8,2.2,4.8,2.5,58.6,Fail,F
STU-2026-14383,Private,Urban,Female,Some College,No,Yes,No,16.6,94.0,3.07,8.6,3.4,53.7,Fail,F
STU-2026-14384,Public,Urban,Female,Some College,Yes,Yes,No,12.9,98.3,3.42,8.0,1.4,66.2,Pass,D
STU-2026-14385,Public,Urban,Female,High School,Yes,No,No,7.5,83.4,3.17,5.2,3.0,57.7,Fail,F
STU-2026-14386,Charter,Suburban,Male,Bachelors,Yes,No,Yes,14.4,74.2,2.95,9.3,1.9,65.1,Pass,D
STU-2026-14387,Public,Rural,Female,Masters,Yes,Yes,Yes,13.7,63.4,3.71,7.1,4.6,81.0,Pass,B
STU-2026-14388,Charter,Urban,Male,Some College,Yes,Yes,No,7.8,61.6,1.67,5.8,12.5,35.0,Fail,F
STU-2026-14389,Public,Rural,Male,Bachelors,Yes,No,No,2.5,84.0,3.76,5.0,7.4,58.0,Fail,F
STU-2026-14390,Private,Suburban,Female,Some College,Yes,No,No,26.9,89.5,2.69,7.0,9.8,59.7,Fail,F
STU-2026-14391,Private,Urban,Female,Bachelors,No,Yes,No,22.8,78.5,2.8,4.7,0.8,60.6,Pass,D
STU-2026-14392,Public,Suburban,Male,Bachelors,Yes,No,No,14.1,66.1,3.08,8.5,6.4,61.2,Pass,D
STU-2026-14393,Private,Suburban,Female,Bachelors,Yes,Yes,Yes,34.0,67.0,2.49,8.3,12.7,69.4,Pass,D
STU-2026-14394,Charter,Urban,Female,Doctorate,Yes,Yes,Yes,3.2,82.4,2.81,8.3,11.2,63.0,Pass,D
STU-2026-14395,Public,Rural,Female,Bachelors,Yes,No,No,10.9,74.8,1.56,8.1,1.0,50.4,Fail,F
STU-2026-14396,Charter,Urban,Female,Bachelors,No,Yes,No,18.1,87.1,3.15,8.7,0.4,58.5,Fail,F
STU-2026-14397,Charter,Rural,Female,Some College,Yes,Yes,Yes,23.5,98.7,2.03,4.9,0.5,67.3,Pass,D
STU-2026-14398,Public,Urban,Female,High School,Yes,No,No,10.8,85.5,2.66,7.8,0.8,60.0,Pass,D
STU-2026-14399,Public,Urban,Female,Doctorate,Yes,Yes,Yes,8.4,90.7,1.9,5.5,1.0,62.6,Pass,D
STU-2026-14400,Public,Suburban,Female,Some College,Yes,Yes,No,26.0,60.9,3.62,7.4,13.6,66.7,Pass,D
STU-2026-14401,Private,Urban,Male,Masters,Yes,No,Yes,27.1,66.3,3.21,9.4,2.0,70.2,Pass,C
STU-2026-14402,Private,Urban,Male,Bachelors,Yes,No,No,10.2,93.5,3.42,5.1,4.9,63.8,Pass,D
STU-2026-14403,Public,Urban,Male,Doctorate,Yes,Yes,Yes,29.9,93.0,3.29,5.1,1.1,87.5,Pass,B
STU-2026-14404,Public,Urban,Female,Some College,Yes,Yes,Yes,16.9,70.5,3.25,8.3,12.2,68.3,Pass,D
STU-2026-14405,Public,Suburban,Male,Bachelors,Yes,No,No,9.0,68.3,2.08,7.1,7.2,48.6,Fail,F
STU-2026-14406,Private,Urban,Female,Some College,Yes,Yes,Yes,8.8,67.9,2.52,7.9,2.0,55.6,Fail,F
STU-2026-14407,Private,Suburban,Female,Some College,Yes,Yes,Yes,3.8,68.0,1.59,9.0,14.5,41.5,Fail,F
STU-2026-14408,Public,Suburban,Female,Some College,Yes,Yes,No,27.7,93.9,3.56,7.3,4.2,79.3,Pass,C
STU-2026-14409,Public,Suburban,Female,Some College,Yes,No,No,25.1,82.5,3.81,4.6,3.3,69.2,Pass,D
STU-2026-14410,Public,Suburban,Female,High School,Yes,No,No,33.1,66.8,3.32,8.0,10.3,70.4,Pass,C
STU-2026-14411,Private,Suburban,Male,Masters,Yes,Yes,No,9.4,89.6,3.58,8.8,3.1,69.3,Pass,D
STU-2026-14412,Public,Urban,Female,Bachelors,Yes,Yes,Yes,4.4,89.4,3.85,7.5,11.6,66.9,Pass,D
STU-2026-14413,Private,Rural,Male,High School,Yes,No,No,31.2,81.0,3.23,7.5,3.7,73.0,Pass,C
STU-2026-14414,Public,Suburban,Male,Some College,No,Yes,Yes,4.1,76.1,2.65,6.4,6.6,55.8,Fail,F
STU-2026-14415,Public,Urban,Female,Bachelors,Yes,Yes,Yes,21.9,91.9,2.1,9.0,3.9,61.3,Pass,D
STU-2026-14416,Public,Rural,Male,Bachelors,Yes,No,No,26.8,77.2,3.61,6.2,2.9,71.3,Pass,C
STU-2026-14417,Public,Urban,Female,Some College,Yes,Yes,No,14.2,70.1,3.17,6.9,13.6,58.3,Fail,F
STU-2026-14418,Public,Suburban,Female,Bachelors,Yes,Yes,No,22.8,97.1,3.26,7.9,9.9,77.8,Pass,C
STU-2026-14419,Public,Suburban,Male,Bachelors,Yes,No,No,2.8,98.1,2.32,6.3,3.6,54.4,Fail,F
STU-2026-14420,Public,Urban,Male,Some College,Yes,No,No,29.7,96.1,2.26,4.6,4.0,71.4,Pass,C
STU-2026-14421,Private,Rural,Female,Masters,Yes,No,No,10.9,86.3,2.35,8.6,9.1,56.2,Fail,F
STU-2026-14422,Private,Suburban,Male,Masters,Yes,No,Yes,27.5,90.9,2.07,8.9,1.7,66.2,Pass,D
STU-2026-14423,Private,Urban,Female,Doctorate,Yes,Yes,No,11.1,74.0,2.96,8.9,9.5,57.9,Fail,F
STU-2026-14424,Private,Urban,Female,High School,Yes,No,No,23.0,64.0,3.6,8.1,2.9,59.3,Fail,F
STU-2026-14425,Charter,Urban,Male,Some College,Yes,No,Yes,20.6,93.1,2.5,6.6,1.6,60.3,Pass,D
STU-2026-14426,Public,Suburban,Male,High School,Yes,Yes,No,28.6,72.8,2.24,8.7,0.4,60.9,Pass,D
STU-2026-14427,Public,Urban,Female,Bachelors,Yes,Yes,No,15.7,78.5,2.47,7.9,1.7,53.9,Fail,F
STU-2026-14428,Public,Suburban,Male,Some College,No,No,No,3.5,87.7,3.07,7.4,10.8,58.6,Fail,F
STU-2026-14429,Private,Urban,Female,High School,Yes,Yes,No,34.2,76.0,2.64,8.5,14.2,63.5,Pass,D
STU-2026-14430,Public,Suburban,Female,Doctorate,Yes,Yes,Yes,23.0,88.1,2.13,4.8,14.2,66.8,Pass,D
STU-2026-14431,Charter,Urban,Female,High School,Yes,Yes,Yes,29.0,66.5,1.92,4.6,13.9,52.3,Fail,F
STU-2026-14432,Public,Rural,Female,Some College,Yes,No,No,15.8,94.3,3.1,9.4,12.8,70.3,Pass,C
STU-2026-14433,Charter,Suburban,Female,High School,Yes,Yes,No,31.3,76.4,1.73,8.0,7.5,52.1,Fail,F
STU-2026-14434,Private,Urban,Male,High School,No,No,No,20.3,66.8,2.79,9.1,6.1,49.2,Fail,F
STU-2026-14435,Private,Suburban,Male,Some College,Yes,No,No,29.3,63.1,2.61,6.2,6.9,61.2,Pass,D
STU-2026-14436,Public,Suburban,Male,Bachelors,Yes,Yes,Yes,2.3,96.6,2.95,6.7,6.9,64.4,Pass,D
STU-2026-14437,Public,Suburban,Female,Bachelors,Yes,Yes,No,8.7,92.5,2.41,4.7,11.3,51.0,Fail,F
STU-2026-14438,Public,Suburban,Female,Masters,Yes,No,Yes,12.9,75.1,2.04,6.4,14.5,59.5,Fail,F
STU-2026-14439,Public,Suburban,Male,High School,Yes,No,Yes,25.1,76.7,3.49,8.1,7.2,72.2,Pass,C
STU-2026-14440,Charter,Suburban,Female,Bachelors,Yes,No,No,12.9,90.8,3.5,5.3,4.7,69.7,Pass,D
STU-2026-14441,Public,Urban,Male,Some College,Yes,Yes,No,23.6,92.6,3.48,5.2,11.7,69.3,Pass,D
STU-2026-14442,Public,Suburban,Female,Bachelors,Yes,Yes,No,9.9,84.5,3.28,5.1,2.4,68.7,Pass,D
STU-2026-14443,Charter,Urban,Female,Some College,Yes,Yes,Yes,8.3,60.2,1.82,8.2,7.9,35.0,Fail,F
STU-2026-14444,Public,Suburban,Female,High School,Yes,Yes,No,21.5,90.5,2.41,9.1,11.7,56.8,Fail,F
STU-2026-14445,Public,Suburban,Male,Bachelors,Yes,No,No,28.2,81.3,1.84,5.1,1.7,60.8,Pass,D
STU-2026-14446,Public,Suburban,Male,High School,Yes,No,No,2.1,76.2,3.64,5.5,6.5,59.1,Fail,F
STU-2026-14447,Public,Suburban,Female,High School,Yes,No,No,8.7,88.9,2.59,5.9,5.5,51.7,Fail,F
STU-2026-14448,Charter,Suburban,Male,Bachelors,Yes,Yes,No,27.7,81.8,3.01,9.3,14.1,71.7,Pass,C
STU-2026-14449,Public,Suburban,Male,Bachelors,Yes,No,Yes,7.5,66.0,1.87,5.1,6.3,49.3,Fail,F
STU-2026-14450,Private,Suburban,Female,Bachelors,Yes,Yes,Yes,23.0,69.7,2.34,7.6,10.1,65.5,Pass,D
STU-2026-14451,Public,Urban,Male,High School,Yes,No,Yes,28.6,78.6,3.56,9.1,3.4,78.3,Pass,C
STU-2026-14452,Public,Suburban,Female,High School,Yes,No,Yes,7.9,97.5,1.94,7.6,9.7,54.4,Fail,F
STU-2026-14453,Private,Suburban,Male,Bachelors,Yes,Yes,Yes,8.0,87.0,2.62,8.4,2.4,64.8,Pass,D
STU-2026-14454,Public,Suburban,Female,Bachelors,No,Yes,Yes,11.2,89.9,2.48,6.2,5.9,56.6,Fail,F
STU-2026-14455,Public,Suburban,Male,Bachelors,Yes,No,No,22.2,69.4,3.71,8.3,2.8,69.9,Pass,D
STU-2026-14456,Public,Urban,Male,Bachelors,Yes,Yes,No,26.8,71.3,2.15,7.1,9.6,59.2,Fail,F
STU-2026-14457,Private,Rural,Male,Masters,Yes,Yes,No,13.1,94.7,3.24,7.8,11.1,76.2,Pass,C
STU-2026-14458,Public,Suburban,Female,Bachelors,Yes,No,Yes,31.1,93.4,3.99,7.9,7.2,95.6,Pass,A
STU-2026-14459,Public,Suburban,Male,Some College,Yes,No,No,13.5,87.4,1.78,9.0,12.8,46.2,Fail,F
STU-2026-14460,Public,Urban,Male,High School,Yes,Yes,Yes,22.3,80.4,2.83,8.3,8.9,64.5,Pass,D
STU-2026-14461,Public,Suburban,Female,Some College,Yes,Yes,Yes,26.0,95.6,2.9,6.9,12.4,68.6,Pass,D
STU-2026-14462,Private,Suburban,Female,High School,Yes,No,Yes,3.1,75.9,2.49,8.4,3.9,53.5,Fail,F
STU-2026-14463,Public,Suburban,Female,Some College,No,Yes,Yes,8.7,60.4,1.5,5.0,14.3,42.9,Fail,F
STU-2026-14464,Public,Urban,Male,Masters,Yes,Yes,Yes,13.2,79.7,3.34,7.1,13.9,69.1,Pass,D
STU-2026-14465,Private,Urban,Male,High School,Yes,No,No,27.5,99.1,1.55,5.9,4.8,53.4,Fail,F
STU-2026-14466,Private,Suburban,Female,Some College,Yes,Yes,No,34.1,68.8,3.59,5.2,0.0,73.3,Pass,C
STU-2026-14467,Private,Urban,Female,Bachelors,Yes,Yes,No,6.6,69.5,3.12,6.5,12.7,54.4,Fail,F
STU-2026-14468,Public,Suburban,Female,Some College,No,No,No,34.3,93.1,3.78,9.3,11.0,87.4,Pass,B
STU-2026-14469,Public,Suburban,Male,Some College,Yes,Yes,No,27.8,74.2,1.56,7.9,2.5,52.0,Fail,F
STU-2026-14470,Private,Suburban,Male,Bachelors,Yes,Yes,No,19.0,87.8,1.6,6.2,3.4,54.3,Fail,F
STU-2026-14471,Public,Suburban,Male,Bachelors,Yes,Yes,No,7.4,93.6,2.2,6.2,10.9,53.6,Fail,F
STU-2026-14472,Public,Suburban,Female,Masters,Yes,Yes,No,20.2,68.0,2.76,6.6,11.4,61.6,Pass,D
STU-2026-14473,Public,Urban,Female,Some College,Yes,Yes,Yes,11.0,83.1,1.63,8.1,5.0,51.0,Fail,F
STU-2026-14474,Public,Rural,Female,Masters,Yes,Yes,No,26.2,63.1,2.02,4.8,14.7,57.0,Fail,F
STU-2026-14475,Charter,Urban,Female,Some College,Yes,Yes,No,34.9,69.8,2.1,7.7,12.3,60.2,Pass,D
STU-2026-14476,Charter,Rural,Male,High School,Yes,No,Yes,29.3,88.1,3.16,5.9,11.2,69.3,Pass,D
STU-2026-14477,Public,Suburban,Male,Masters,Yes,Yes,No,29.6,61.1,1.8,9.1,10.7,59.1,Fail,F
STU-2026-14478,Public,Urban,Female,Some College,Yes,Yes,No,10.3,85.7,2.74,5.5,12.8,50.3,Fail,F
STU-2026-14479,Public,Suburban,Female,Some College,Yes,No,No,11.4,80.4,1.98,5.5,14.2,49.1,Fail,F
STU-2026-14480,Charter,Suburban,Male,Bachelors,Yes,Yes,No,5.7,73.8,3.03,7.4,12.9,62.2,Pass,D
STU-2026-14481,Public,Suburban,Male,Bachelors,Yes,Yes,No,20.8,62.6,2.99,8.6,11.9,70.0,Pass,C
STU-2026-14482,Public,Urban,Female,Masters,Yes,No,No,6.9,94.0,2.89,7.2,11.5,61.0,Pass,D
STU-2026-14483,Private,Suburban,Female,Bachelors,Yes,Yes,No,33.0,71.3,2.69,9.5,5.2,72.6,Pass,C
STU-2026-14484,Public,Urban,Male,Some College,Yes,Yes,No,24.2,72.5,3.51,7.9,12.1,62.8,Pass,D
STU-2026-14485,Public,Suburban,Male,Some College,Yes,Yes,No,21.7,97.9,3.73,5.7,2.1,78.4,Pass,C
STU-2026-14486,Private,Suburban,Male,Masters,Yes,No,No,17.7,60.4,3.87,7.6,2.9,64.7,Pass,D
STU-2026-14487,Private,Rural,Female,Some College,Yes,Yes,No,6.9,65.6,2.49,6.4,7.6,49.8,Fail,F
STU-2026-14488,Public,Suburban,Female,Bachelors,Yes,Yes,Yes,7.6,64.7,3.93,5.1,1.9,64.2,Pass,D
STU-2026-14489,Public,Rural,Male,High School,Yes,Yes,No,29.9,80.7,3.32,5.8,6.2,65.9,Pass,D
STU-2026-14490,Public,Suburban,Male,Bachelors,Yes,Yes,No,21.5,84.8,3.98,5.9,3.6,73.7,Pass,C
STU-2026-14491,Private,Suburban,Male,Masters,Yes,Yes,No,3.0,92.9,2.52,9.3,2.3,58.2,Fail,F
STU-2026-14492,Charter,Suburban,Female,Masters,Yes,No,No,16.1,94.8,3.35,4.9,7.3,67.7,Pass,D
STU-2026-14493,Public,Urban,Male,Bachelors,Yes,No,No,17.9,88.7,2.55,8.4,3.8,68.3,Pass,D
STU-2026-14494,Private,Rural,Female,Bachelors,Yes,Yes,No,24.8,74.6,2.09,8.2,2.8,59.6,Fail,F
STU-2026-14495,Public,Suburban,Female,Bachelors,No,No,No,12.5,86.7,2.85,8.7,10.1,43.3,Fail,F
STU-2026-14496,Public,Suburban,Male,Some College,Yes,Yes,No,10.6,90.7,3.79,7.9,0.7,64.8,Pass,D
STU-2026-14497,Private,Urban,Female,Bachelors,Yes,No,No,12.5,61.9,1.99,8.4,10.2,44.1,Fail,F
STU-2026-14498,Public,Suburban,Male,Bachelors,Yes,Yes,Yes,4.4,80.1,2.08,8.1,13.3,44.8,Fail,F
STU-2026-14499,Charter,Urban,Male,Masters,Yes,Yes,No,18.1,98.2,3.66,6.5,2.1,77.4,Pass,C
STU-2026-14500,Public,Suburban,Female,Some College,Yes,No,No,18.4,66.9,2.45,7.3,2.3,57.6,Fail,F
STU-2026-14501,Charter,Suburban,Male,Bachelors,No,No,Yes,5.8,60.9,2.43,8.3,6.7,44.6,Fail,F
STU-2026-14502,Charter,Suburban,Female,Bachelors,Yes,Yes,Yes,20.5,69.1,3.68,7.8,7.5,73.2,Pass,C
STU-2026-14503,Public,Rural,Male,Some College,Yes,Yes,No,25.9,89.2,1.88,8.7,7.2,53.9,Fail,F
STU-2026-14504,Public,Suburban,Male,High School,Yes,No,Yes,18.9,90.7,2.78,7.1,9.0,67.7,Pass,D
STU-2026-14505,Private,Urban,Male,Some College,Yes,Yes,No,7.7,63.0,2.3,8.4,0.7,44.2,Fail,F
STU-2026-14506,Private,Suburban,Male,High School,Yes,No,No,8.1,71.7,2.5,7.7,1.2,50.0,Fail,F
STU-2026-14507,Public,Urban,Female,Doctorate,Yes,Yes,No,9.9,78.7,3.62,4.6,5.0,62.7,Pass,D
STU-2026-14508,Public,Urban,Male,Some College,Yes,No,No,20.9,86.7,3.99,5.2,4.6,74.5,Pass,C
STU-2026-14509,Private,Urban,Female,Some College,Yes,No,Yes,22.6,96.9,3.81,7.8,4.8,79.8,Pass,C
STU-2026-14510,Public,Suburban,Male,Bachelors,No,No,No,19.6,80.8,2.0,7.4,13.4,57.1,Fail,F
STU-2026-14511,Public,Suburban,Male,Bachelors,Yes,Yes,No,33.2,90.7,2.45,5.4,10.9,73.4,Pass,C
STU-2026-14512,Private,Rural,Male,Bachelors,No,Yes,No,29.0,74.1,2.6,6.7,4.8,61.9,Pass,D
STU-2026-14513,Public,Urban,Male,Masters,Yes,No,Yes,3.5,67.2,3.15,6.3,7.0,69.4,Pass,D
STU-2026-14514,Public,Suburban,Female,Some College,Yes,Yes,Yes,11.6,93.0,3.4,9.4,11.0,73.6,Pass,C
STU-2026-14515,Public,Rural,Female,Doctorate,Yes,Yes,No,17.8,79.7,1.61,7.7,5.4,55.3,Fail,F
STU-2026-14516,Private,Suburban,Female,Some College,No,Yes,Yes,23.8,70.6,1.96,7.6,5.1,55.2,Fail,F
STU-2026-14517,Private,Rural,Female,Some College,Yes,Yes,Yes,20.8,82.6,2.9,7.9,5.4,63.2,Pass,D
STU-2026-14518,Public,Rural,Female,Some College,Yes,Yes,No,29.6,71.6,2.99,9.4,6.7,76.5,Pass,C
STU-2026-14519,Public,Urban,Male,High School,Yes,Yes,Yes,4.2,82.0,1.69,6.3,2.6,44.5,Fail,F
STU-2026-14520,Public,Urban,Male,Bachelors,Yes,Yes,No,21.2,78.9,2.49,8.9,12.6,57.8,Fail,F
STU-2026-14521,Private,Rural,Male,Some College,Yes,Yes,No,4.2,72.9,1.53,7.7,0.3,38.3,Fail,F
STU-2026-14522,Private,Urban,Male,High School,Yes,Yes,No,25.6,70.0,3.2,6.6,7.0,63.3,Pass,D
STU-2026-14523,Private,Suburban,Female,Some College,Yes,No,Yes,18.0,70.7,3.28,9.3,2.6,63.8,Pass,D
STU-2026-14524,Public,Suburban,Male,Masters,Yes,No,No,6.8,85.1,2.98,6.2,3.0,62.3,Pass,D
STU-2026-14525,Private,Suburban,Male,Bachelors,Yes,No,No,27.1,72.4,1.5,9.5,3.7,50.4,Fail,F
STU-2026-14526,Public,Suburban,Female,High School,Yes,Yes,No,34.7,74.3,2.5,7.1,2.1,63.2,Pass,D
STU-2026-14527,Public,Urban,Female,Masters,Yes,Yes,Yes,12.1,67.5,3.06,9.0,10.1,67.3,Pass,D
STU-2026-14528,Public,Urban,Female,Masters,Yes,Yes,No,9.2,78.7,1.89,9.4,14.4,41.9,Fail,F
STU-2026-14529,Private,Urban,Female,Some College,Yes,Yes,Yes,15.4,64.1,3.22,7.4,2.1,60.3,Pass,D
STU-2026-14530,Private,Suburban,Female,High School,Yes,Yes,Yes,22.0,65.8,2.61,5.3,7.3,55.6,Fail,F
STU-2026-14531,Public,Suburban,Female,Masters,Yes,Yes,Yes,28.0,88.6,3.88,8.7,10.4,80.9,Pass,B
STU-2026-14532,Private,Urban,Female,Bachelors,Yes,No,No,26.1,76.7,2.87,6.5,14.9,67.7,Pass,D
STU-2026-14533,Public,Urban,Male,Bachelors,Yes,Yes,No,6.1,76.9,3.62,4.9,7.1,60.2,Pass,D
STU-2026-14534,Private,Urban,Male,Some College,Yes,No,No,23.1,83.6,1.87,9.2,14.0,60.8,Pass,D
STU-2026-14535,Public,Rural,Male,Bachelors,Yes,Yes,No,5.6,74.0,2.55,5.6,6.4,44.0,Fail,F
STU-2026-14536,Private,Rural,Male,Some College,Yes,No,No,23.5,73.7,2.19,7.7,7.7,61.7,Pass,D
STU-2026-14537,Public,Suburban,Female,Bachelors,Yes,No,Yes,33.4,83.3,3.3,8.2,1.5,86.9,Pass,B
STU-2026-14538,Charter,Rural,Male,Bachelors,Yes,No,No,22.9,85.2,3.25,8.3,6.4,71.6,Pass,C
STU-2026-14539,Private,Rural,Male,Some College,Yes,Yes,Yes,29.5,80.4,2.67,7.3,10.0,72.2,Pass,C
STU-2026-14540,Public,Rural,Female,Bachelors,Yes,No,No,5.3,88.8,3.19,6.3,10.0,61.7,Pass,D
STU-2026-14541,Public,Urban,Male,Masters,Yes,Yes,Yes,30.6,76.3,3.27,9.5,3.4,79.1,Pass,C
STU-2026-14542,Public,Rural,Female,Some College,Yes,No,Yes,2.4,81.2,2.93,6.6,7.4,53.9,Fail,F
STU-2026-14543,Private,Urban,Male,Bachelors,Yes,No,No,15.7,72.2,3.57,5.6,7.5,74.1,Pass,C
STU-2026-14544,Private,Suburban,Female,Bachelors,Yes,Yes,No,8.8,69.0,3.15,8.4,12.4,53.9,Fail,F
STU-2026-14545,Public,Rural,Female,Some College,Yes,Yes,No,13.5,74.8,3.97,7.3,1.7,60.0,Pass,D
STU-2026-14546,Charter,Urban,Male,Some College,No,No,Yes,9.3,95.5,3.51,9.4,8.1,59.9,Fail,F
STU-2026-14547,Private,Urban,Male,High School,Yes,Yes,No,9.4,79.5,2.28,6.2,12.3,45.6,Fail,F
STU-2026-14548,Public,Urban,Female,Doctorate,No,No,No,24.1,97.3,3.78,5.9,12.5,76.4,Pass,C
STU-2026-14549,Public,Urban,Male,Some College,Yes,Yes,No,23.3,96.5,1.56,5.7,12.6,50.6,Fail,F
STU-2026-14550,Private,Suburban,Female,Some College,Yes,No,Yes,17.5,69.1,2.88,5.6,3.1,59.1,Fail,F
STU-2026-14551,Private,Rural,Male,Bachelors,Yes,No,No,7.9,86.8,3.36,7.8,13.7,69.6,Pass,D
STU-2026-14552,Public,Suburban,Female,Masters,Yes,Yes,No,7.4,87.7,2.85,4.8,4.7,65.9,Pass,D
STU-2026-14553,Public,Suburban,Male,Some College,Yes,No,Yes,22.8,70.9,3.85,5.9,7.6,73.3,Pass,C
STU-2026-14554,Public,Urban,Female,Some College,No,No,No,19.0,72.6,2.85,7.0,0.3,52.6,Fail,F
STU-2026-14555,Private,Rural,Female,High School,No,Yes,No,18.9,77.2,2.72,5.1,10.2,59.0,Fail,F
STU-2026-14556,Public,Suburban,Female,Some College,Yes,No,Yes,30.6,62.5,2.75,6.9,5.7,64.1,Pass,D
STU-2026-14557,Public,Suburban,Male,High School,Yes,Yes,Yes,29.8,74.0,2.88,7.4,0.0,64.9,Pass,D
STU-2026-14558,Public,Suburban,Male,Some College,Yes,No,No,34.6,93.8,2.91,6.8,13.3,70.5,Pass,C
STU-2026-14559,Public,Suburban,Female,Bachelors,Yes,Yes,Yes,17.4,82.4,2.23,5.8,12.5,62.3,Pass,D
STU-2026-14560,Private,Suburban,Female,High School,Yes,Yes,Yes,33.0,63.6,1.74,4.9,11.5,53.5,Fail,F
STU-2026-14561,Charter,Urban,Female,High School,No,No,No,22.5,81.9,2.99,7.8,8.4,58.1,Fail,F
STU-2026-14562,Public,Suburban,Female,Masters,Yes,Yes,Yes,2.1,98.6,3.18,7.7,0.9,62.2,Pass,D
STU-2026-14563,Private,Urban,Female,High School,Yes,Yes,Yes,32.6,76.3,2.6,6.8,11.0,70.0,Pass,C
STU-2026-14564,Private,Urban,Female,Masters,Yes,Yes,No,16.4,83.0,2.6,6.6,1.3,57.7,Fail,F
STU-2026-14565,Public,Urban,Female,Bachelors,Yes,No,No,33.5,72.9,3.42,5.3,8.4,73.6,Pass,C
STU-2026-14566,Public,Urban,Male,Bachelors,Yes,Yes,No,24.4,83.0,2.99,5.0,7.9,65.7,Pass,D
STU-2026-14567,Private,Suburban,Male,Bachelors,Yes,Yes,No,16.4,65.5,1.77,9.1,8.1,50.5,Fail,F
STU-2026-14568,Public,Suburban,Female,Masters,Yes,Yes,Yes,21.3,79.3,3.86,4.9,3.4,83.4,Pass,B
STU-2026-14569,Charter,Suburban,Female,High School,No,No,Yes,31.0,63.4,3.69,7.0,3.1,77.1,Pass,C
STU-2026-14570,Charter,Urban,Male,Masters,Yes,No,No,9.9,84.6,2.04,7.9,4.2,50.3,Fail,F
STU-2026-14571,Private,Suburban,Male,Bachelors,Yes,Yes,No,20.1,84.5,2.64,6.1,6.8,62.9,Pass,D
STU-2026-14572,Public,Urban,Female,Bachelors,Yes,Yes,Yes,10.9,95.2,2.93,4.8,3.3,64.1,Pass,D
STU-2026-14573,Public,Rural,Male,Masters,Yes,No,No,18.9,98.1,2.06,6.5,2.1,58.0,Fail,F
STU-2026-14574,Private,Suburban,Female,Some College,Yes,No,Yes,4.3,67.8,3.8,7.2,10.3,58.1,Fail,F
STU-2026-14575,Private,Suburban,Male,High School,Yes,Yes,No,3.6,65.0,3.57,8.1,8.2,54.9,Fail,F
STU-2026-14576,Public,Urban,Male,Bachelors,Yes,No,No,29.4,94.9,2.86,9.2,3.4,74.0,Pass,C
STU-2026-14577,Private,Urban,Female,High School,Yes,No,No,5.9,85.5,1.89,7.4,5.7,42.3,Fail,F
STU-2026-14578,Charter,Suburban,Female,Some College,Yes,Yes,Yes,17.3,60.3,1.87,4.5,12.1,47.2,Fail,F
STU-2026-14579,Public,Suburban,Female,Some College,Yes,Yes,Yes,32.8,100.0,2.01,7.4,6.9,73.6,Pass,C
STU-2026-14580,Public,Urban,Female,High School,Yes,Yes,No,4.8,84.9,1.83,8.2,8.1,48.5,Fail,F
STU-2026-14581,Private,Suburban,Female,Some College,Yes,No,No,33.3,67.3,1.61,8.9,9.2,61.0,Pass,D
STU-2026-14582,Public,Suburban,Female,Some College,Yes,Yes,No,25.4,90.6,1.89,5.8,1.6,53.9,Fail,F
STU-2026-14583,Charter,Suburban,Female,High School,Yes,Yes,No,23.7,81.7,2.23,6.2,5.9,61.0,Pass,D
STU-2026-14584,Public,Suburban,Male,Some College,Yes,Yes,Yes,34.3,65.1,1.59,5.7,14.8,64.1,Pass,D
STU-2026-14585,Public,Urban,Female,High School,Yes,Yes,No,10.7,75.0,2.36,7.9,3.7,50.9,Fail,F
STU-2026-14586,Charter,Urban,Female,Bachelors,Yes,Yes,Yes,4.2,62.4,1.65,9.3,13.4,38.2,Fail,F
STU-2026-14587,Private,Urban,Female,Bachelors,Yes,No,Yes,29.6,68.6,1.79,8.2,8.2,61.7,Pass,D
STU-2026-14588,Public,Suburban,Male,Masters,No,Yes,No,5.7,65.1,3.79,5.8,0.0,52.8,Fail,F
STU-2026-14589,Public,Urban,Female,Some College,Yes,No,No,7.2,90.9,1.51,4.9,2.7,42.3,Fail,F
STU-2026-14590,Private,Rural,Male,Some College,Yes,Yes,Yes,12.7,74.7,3.31,5.0,3.0,67.4,Pass,D
STU-2026-14591,Public,Suburban,Female,Some College,Yes,Yes,No,11.4,66.8,3.18,6.5,1.0,59.0,Fail,F
STU-2026-14592,Public,Urban,Female,Doctorate,Yes,No,Yes,18.0,95.5,3.7,6.2,2.3,89.7,Pass,B
STU-2026-14593,Public,Rural,Male,High School,Yes,Yes,Yes,18.2,85.3,2.52,8.3,1.7,57.6,Fail,F
STU-2026-14594,Public,Urban,Female,Some College,Yes,Yes,No,23.5,78.1,1.58,9.4,10.6,48.4,Fail,F
STU-2026-14595,Charter,Suburban,Female,Bachelors,Yes,No,No,12.6,91.0,2.73,8.2,3.3,64.9,Pass,D
STU-2026-14596,Private,Urban,Female,Some College,Yes,No,No,27.6,83.3,2.86,8.8,1.8,63.0,Pass,D
STU-2026-14597,Private,Urban,Female,Doctorate,Yes,Yes,No,4.3,61.8,3.26,4.6,14.5,58.2,Fail,F
STU-2026-14598,Public,Urban,Male,Some College,Yes,No,No,5.3,63.4,3.18,9.5,13.4,48.6,Fail,F
STU-2026-14599,Public,Urban,Female,Doctorate,Yes,No,No,7.0,92.8,1.67,9.5,9.4,55.7,Fail,F
STU-2026-14600,Private,Urban,Male,High School,Yes,No,No,27.4,75.9,2.32,5.0,8.9,67.3,Pass,D
STU-2026-14601,Public,Urban,Male,High School,No,Yes,No,17.5,95.5,2.61,4.7,13.7,48.1,Fail,F
STU-2026-14602,Private,Urban,Female,Bachelors,Yes,No,No,15.8,97.3,3.53,9.5,3.3,73.4,Pass,C
STU-2026-14603,Charter,Suburban,Male,Bachelors,Yes,No,No,7.2,63.3,1.72,6.4,3.9,40.3,Fail,F
STU-2026-14604,Public,Suburban,Female,Bachelors,Yes,Yes,No,13.3,76.7,3.17,8.0,12.7,62.0,Pass,D
STU-2026-14605,Public,Urban,Female,Some College,Yes,No,No,27.0,67.6,2.45,6.2,1.4,53.2,Fail,F
STU-2026-14606,Public,Suburban,Male,Bachelors,No,No,No,21.2,69.4,3.15,6.8,2.1,62.7,Pass,D
STU-2026-14607,Private,Urban,Male,Masters,Yes,Yes,No,32.5,85.3,3.93,8.1,6.5,86.0,Pass,B
STU-2026-14608,Public,Suburban,Female,Some College,No,Yes,Yes,18.6,96.6,3.7,6.7,12.2,70.7,Pass,C
STU-2026-14609,Public,Urban,Male,Some College,Yes,Yes,No,30.6,82.1,2.82,6.2,7.5,69.7,Pass,D
STU-2026-14610,Public,Suburban,Male,Some College,Yes,No,No,26.7,74.8,1.98,7.8,4.9,57.1,Fail,F
STU-2026-14611,Public,Urban,Male,Masters,Yes,Yes,No,9.3,75.8,3.28,8.1,5.1,64.0,Pass,D
STU-2026-14612,Public,Suburban,Male,High School,Yes,Yes,No,24.8,75.1,3.27,6.8,8.2,61.5,Pass,D
STU-2026-14613,Public,Suburban,Female,Some College,Yes,Yes,Yes,15.1,76.0,2.88,5.7,4.7,61.8,Pass,D
STU-2026-14614,Charter,Urban,Female,Masters,Yes,Yes,No,30.7,98.3,3.31,4.7,0.3,73.4,Pass,C
STU-2026-14615,Public,Rural,Male,Some College,Yes,No,No,9.6,74.1,2.3,6.9,12.9,44.7,Fail,F
STU-2026-14616,Private,Urban,Male,Some College,Yes,Yes,No,9.8,92.7,1.57,8.4,11.6,46.7,Fail,F
STU-2026-14617,Private,Urban,Female,High School,Yes,Yes,No,20.6,85.0,2.35,9.2,2.1,55.2,Fail,F
STU-2026-14618,Public,Rural,Female,Some College,Yes,Yes,Yes,24.3,72.5,2.98,5.7,2.7,66.3,Pass,D
STU-2026-14619,Public,Rural,Male,High School,Yes,Yes,No,9.4,69.4,2.2,4.7,5.3,40.8,Fail,F
STU-2026-14620,Public,Suburban,Female,Some College,Yes,Yes,Yes,12.7,71.4,2.62,9.3,5.5,53.8,Fail,F
STU-2026-14621,Public,Suburban,Female,High School,Yes,Yes,No,12.6,91.9,3.67,5.6,12.0,67.4,Pass,D
STU-2026-14622,Public,Suburban,Male,High School,Yes,Yes,No,3.3,96.5,3.52,5.5,4.8,65.5,Pass,D
STU-2026-14623,Private,Urban,Male,Some College,Yes,Yes,Yes,26.5,73.3,1.81,9.2,5.6,60.4,Pass,D
STU-2026-14624,Public,Urban,Male,Some College,Yes,Yes,No,30.2,82.4,2.43,8.4,2.8,58.9,Fail,F
STU-2026-14625,Private,Suburban,Female,High School,Yes,Yes,Yes,17.4,60.5,3.98,6.4,6.2,67.5,Pass,D
STU-2026-14626,Public,Urban,Male,High School,Yes,Yes,Yes,32.7,99.1,2.58,6.6,3.4,78.4,Pass,C
STU-2026-14627,Public,Rural,Male,Bachelors,No,No,Yes,27.6,65.0,2.46,9.0,8.9,69.8,Pass,D
STU-2026-14628,Public,Suburban,Male,Some College,Yes,Yes,No,23.1,71.6,2.57,7.5,5.8,54.1,Fail,F
STU-2026-14629,Public,Urban,Male,Some College,Yes,No,No,32.1,90.7,3.97,5.1,4.9,77.5,Pass,C
STU-2026-14630,Private,Urban,Female,Doctorate,Yes,No,Yes,26.7,97.1,3.72,9.0,4.2,88.5,Pass,B
STU-2026-14631,Public,Suburban,Female,High School,Yes,Yes,Yes,17.2,81.4,3.84,6.6,12.2,68.9,Pass,D
STU-2026-14632,Public,Suburban,Female,Bachelors,Yes,Yes,No,6.9,62.1,2.43,9.2,10.7,35.4,Fail,F
STU-2026-14633,Public,Urban,Female,Bachelors,Yes,Yes,No,19.0,76.1,1.51,7.1,1.6,43.3,Fail,F
STU-2026-14634,Private,Urban,Male,Some College,Yes,No,No,18.8,71.3,2.39,6.4,9.2,59.8,Fail,F
STU-2026-14635,Charter,Urban,Female,Doctorate,No,Yes,Yes,11.1,68.9,3.47,9.1,3.3,69.5,Pass,D
STU-2026-14636,Public,Suburban,Male,Bachelors,Yes,No,Yes,11.6,61.4,2.22,7.9,2.1,54.4,Fail,F
STU-2026-14637,Charter,Suburban,Male,Doctorate,Yes,No,No,12.8,90.6,1.66,5.6,12.1,55.3,Fail,F
STU-2026-14638,Private,Urban,Female,High School,Yes,No,No,19.5,86.1,3.45,8.6,13.2,64.2,Pass,D
STU-2026-14639,Private,Suburban,Male,Bachelors,Yes,No,Yes,23.9,89.7,2.0,9.0,10.9,72.5,Pass,C
STU-2026-14640,Public,Suburban,Male,Some College,Yes,No,No,4.9,64.6,3.69,8.5,12.4,52.4,Fail,F
STU-2026-14641,Public,Rural,Female,Some College,Yes,Yes,No,30.7,75.8,3.12,8.0,0.0,68.2,Pass,D
STU-2026-14642,Public,Suburban,Male,Bachelors,Yes,No,No,6.8,91.1,3.98,7.9,13.6,66.0,Pass,D
STU-2026-14643,Private,Suburban,Female,High School,Yes,Yes,No,29.6,86.9,3.69,8.5,1.4,73.9,Pass,C
STU-2026-14644,Public,Suburban,Male,Some College,Yes,No,No,12.6,85.7,3.76,4.6,3.4,61.7,Pass,D
STU-2026-14645,Public,Rural,Male,Some College,Yes,Yes,Yes,25.3,78.0,2.08,5.3,10.9,61.6,Pass,D
STU-2026-14646,Public,Urban,Male,Some College,Yes,Yes,No,30.3,89.4,2.66,5.3,7.5,70.6,Pass,C
STU-2026-14647,Charter,Urban,Female,Masters,Yes,No,Yes,33.3,93.0,2.64,8.6,14.8,74.9,Pass,C
STU-2026-14648,Public,Urban,Male,Bachelors,Yes,Yes,No,22.9,83.8,3.27,7.3,12.3,62.8,Pass,D
STU-2026-14649,Public,Urban,Female,Bachelors,Yes,Yes,No,4.7,66.8,3.24,5.7,9.6,48.1,Fail,F
STU-2026-14650,Charter,Suburban,Female,Bachelors,Yes,No,Yes,23.7,89.0,3.97,7.1,0.1,85.9,Pass,B
STU-2026-14651,Private,Urban,Female,Some College,Yes,No,No,3.9,85.5,1.84,4.7,14.9,45.3,Fail,F
STU-2026-14652,Private,Rural,Male,Some College,No,No,No,24.5,85.8,3.61,7.2,4.6,72.2,Pass,C
STU-2026-14653,Public,Rural,Female,Some College,Yes,No,No,5.9,91.9,3.62,5.8,3.0,60.0,Pass,D
STU-2026-14654,Public,Urban,Female,Bachelors,Yes,No,No,29.2,75.4,3.99,4.9,5.4,82.8,Pass,B
STU-2026-14655,Public,Suburban,Male,Bachelors,Yes,Yes,Yes,10.7,63.1,1.8,8.5,4.0,48.6,Fail,F
STU-2026-14656,Private,Urban,Female,High School,Yes,No,No,21.2,91.0,3.92,8.0,0.2,66.4,Pass,D
STU-2026-14657,Public,Urban,Male,Masters,Yes,Yes,No,29.9,76.6,2.81,9.0,6.8,64.5,Pass,D
STU-2026-14658,Public,Urban,Female,Bachelors,Yes,Yes,Yes,34.2,88.8,3.45,4.8,8.6,91.9,Pass,A
STU-2026-14659,Private,Suburban,Female,Some College,Yes,No,Yes,21.5,93.1,3.35,7.5,9.1,76.9,Pass,C
STU-2026-14660,Public,Suburban,Female,High School,Yes,Yes,No,32.9,69.0,3.29,5.4,13.5,65.7,Pass,D
STU-2026-14661,Private,Rural,Male,Bachelors,Yes,No,No,10.3,81.5,3.16,7.3,3.2,67.2,Pass,D
STU-2026-14662,Public,Urban,Female,Doctorate,Yes,Yes,No,13.9,81.6,3.45,5.5,14.2,67.5,Pass,D
STU-2026-14663,Private,Urban,Male,High School,Yes,Yes,No,24.8,99.8,3.57,7.1,4.4,68.8,Pass,D
STU-2026-14664,Private,Urban,Male,Bachelors,Yes,No,No,32.6,66.6,1.79,6.1,1.6,58.4,Fail,F
STU-2026-14665,Charter,Suburban,Female,High School,Yes,Yes,No,32.1,66.8,3.44,7.6,1.4,68.6,Pass,D
STU-2026-14666,Public,Urban,Male,Masters,Yes,Yes,No,24.8,96.2,3.05,5.5,1.7,69.0,Pass,D
STU-2026-14667,Public,Rural,Female,Bachelors,Yes,No,Yes,26.2,77.7,1.91,6.0,11.0,61.3,Pass,D
STU-2026-14668,Private,Suburban,Male,Some College,Yes,No,No,20.1,63.6,2.29,4.8,14.0,54.3,Fail,F
STU-2026-14669,Private,Urban,Male,Bachelors,Yes,No,Yes,14.4,60.9,1.95,9.4,9.2,58.9,Fail,F
STU-2026-14670,Public,Suburban,Male,Some College,Yes,Yes,Yes,34.7,68.9,3.94,6.4,8.5,79.9,Pass,C
STU-2026-14671,Private,Suburban,Male,Bachelors,Yes,No,Yes,19.6,90.5,2.6,6.7,9.3,67.9,Pass,D
STU-2026-14672,Public,Rural,Male,Bachelors,No,No,No,15.7,63.8,2.2,9.2,10.2,50.8,Fail,F
STU-2026-14673,Public,Urban,Female,Bachelors,Yes,No,No,28.5,86.7,3.19,6.5,13.3,77.4,Pass,C
STU-2026-14674,Public,Suburban,Female,Bachelors,Yes,Yes,No,13.8,65.1,2.67,9.4,1.9,47.2,Fail,F
STU-2026-14675,Private,Rural,Male,Bachelors,Yes,Yes,Yes,20.7,84.7,3.59,6.8,13.9,75.3,Pass,C
STU-2026-14676,Private,Suburban,Male,Bachelors,Yes,Yes,No,16.5,61.9,1.95,4.9,2.6,47.9,Fail,F
STU-2026-14677,Private,Suburban,Female,Masters,Yes,No,No,13.7,73.2,2.55,7.2,4.8,52.3,Fail,F
STU-2026-14678,Public,Suburban,Male,High School,Yes,No,No,20.8,69.2,1.94,9.3,1.2,53.7,Fail,F
STU-2026-14679,Public,Suburban,Female,Bachelors,Yes,Yes,No,7.1,80.4,1.88,8.0,9.3,47.7,Fail,F
STU-2026-14680,Public,Suburban,Male,Bachelors,No,Yes,No,29.5,62.7,2.78,7.4,9.3,65.2,Pass,D
STU-2026-14681,Private,Suburban,Female,Some College,Yes,No,No,2.9,64.9,3.97,7.0,10.6,52.1,Fail,F
STU-2026-14682,Public,Suburban,Female,Masters,Yes,Yes,Yes,11.3,76.9,1.78,6.8,5.3,52.0,Fail,F
STU-2026-14683,Private,Urban,Female,Doctorate,Yes,Yes,No,33.0,88.7,3.92,6.3,4.5,84.7,Pass,B
STU-2026-14684,Public,Urban,Male,Some College,Yes,Yes,Yes,31.1,79.0,3.74,8.5,13.4,75.1,Pass,C
STU-2026-14685,Public,Suburban,Female,Some College,Yes,Yes,No,9.4,84.5,3.39,7.9,14.8,55.7,Fail,F
STU-2026-14686,Public,Urban,Female,High School,Yes,Yes,No,14.9,77.9,3.96,9.3,5.8,73.2,Pass,C
STU-2026-14687,Charter,Rural,Female,Bachelors,Yes,No,No,15.3,97.5,2.16,5.9,6.4,55.7,Fail,F
STU-2026-14688,Private,Suburban,Female,High School,Yes,Yes,No,34.2,98.7,3.78,7.3,3.5,82.1,Pass,B
STU-2026-14689,Public,Urban,Female,Doctorate,Yes,Yes,Yes,30.2,98.9,1.88,8.2,3.2,72.5,Pass,C
STU-2026-14690,Public,Urban,Female,Bachelors,Yes,Yes,No,34.1,70.9,3.77,6.7,7.6,76.2,Pass,C
STU-2026-14691,Private,Suburban,Male,High School,Yes,Yes,No,28.5,92.9,3.85,7.1,11.3,71.9,Pass,C
STU-2026-14692,Public,Urban,Female,Bachelors,Yes,Yes,No,17.5,71.6,3.12,9.3,5.5,54.4,Fail,F
STU-2026-14693,Public,Rural,Female,Masters,Yes,Yes,No,29.2,74.9,1.57,6.8,7.8,53.4,Fail,F
STU-2026-14694,Public,Rural,Female,Masters,Yes,Yes,No,20.5,78.7,3.0,9.0,13.3,65.3,Pass,D
STU-2026-14695,Public,Suburban,Male,Bachelors,Yes,No,No,31.7,93.9,3.74,5.0,4.7,78.8,Pass,C
STU-2026-14696,Public,Suburban,Female,High School,Yes,No,No,27.3,73.2,2.2,8.1,13.7,59.6,Fail,F
STU-2026-14697,Private,Urban,Male,High School,Yes,No,No,20.1,83.1,3.23,4.7,6.0,67.6,Pass,D
STU-2026-14698,Private,Urban,Female,Bachelors,Yes,No,No,24.2,74.3,3.61,5.7,12.6,71.1,Pass,C
STU-2026-14699,Public,Suburban,Male,Bachelors,Yes,No,No,16.8,98.2,2.63,6.6,2.4,65.4,Pass,D
STU-2026-14700,Public,Urban,Female,Some College,Yes,No,Yes,12.2,93.2,3.15,5.5,14.9,71.0,Pass,C
STU-2026-14701,Charter,Suburban,Female,Some College,Yes,Yes,No,11.1,61.7,2.1,7.6,5.7,46.9,Fail,F
STU-2026-14702,Public,Urban,Male,Bachelors,Yes,Yes,No,12.1,69.1,3.5,4.6,2.1,57.9,Fail,F
STU-2026-14703,Private,Rural,Male,High School,Yes,No,No,15.8,72.0,3.56,8.5,13.9,60.2,Pass,D
STU-2026-14704,Private,Suburban,Male,Masters,No,No,No,12.1,66.6,1.55,8.9,1.9,42.7,Fail,F
STU-2026-14705,Public,Urban,Female,Bachelors,Yes,No,No,10.2,71.3,1.99,7.3,2.0,45.1,Fail,F
STU-2026-14706,Private,Rural,Female,High School,Yes,Yes,No,15.5,85.8,2.38,7.0,7.3,57.1,Fail,F
STU-2026-14707,Public,Suburban,Male,High School,Yes,No,Yes,24.7,93.8,2.46,6.2,4.8,56.4,Fail,F
STU-2026-14708,Public,Urban,Male,High School,Yes,Yes,Yes,9.0,85.3,2.41,4.8,14.4,54.0,Fail,F
STU-2026-14709,Public,Urban,Female,Bachelors,No,Yes,No,34.8,96.6,1.59,7.1,5.3,49.7,Fail,F
STU-2026-14710,Charter,Suburban,Male,Some College,Yes,Yes,No,33.3,79.4,3.16,4.5,0.6,77.0,Pass,C
STU-2026-14711,Private,Suburban,Male,Some College,Yes,Yes,No,6.8,71.7,3.53,9.0,7.4,53.6,Fail,F
STU-2026-14712,Public,Suburban,Female,Some College,Yes,Yes,No,14.3,90.4,1.67,7.4,7.4,48.4,Fail,F
STU-2026-14713,Private,Urban,Female,Some College,Yes,Yes,Yes,4.2,79.7,3.97,5.5,3.1,66.3,Pass,D
STU-2026-14714,Public,Suburban,Male,Some College,Yes,Yes,Yes,8.6,66.1,2.79,8.6,8.9,48.4,Fail,F
STU-2026-14715,Public,Suburban,Male,Doctorate,Yes,Yes,No,2.6,82.6,2.01,8.2,6.7,47.7,Fail,F
STU-2026-14716,Charter,Suburban,Female,Some College,No,Yes,Yes,34.6,88.6,2.99,8.1,6.8,73.9,Pass,C
STU-2026-14717,Public,Urban,Female,Some College,Yes,No,No,23.9,94.0,2.09,6.0,6.7,52.1,Fail,F
STU-2026-14718,Private,Urban,Male,Bachelors,Yes,No,Yes,26.2,71.0,2.2,6.0,5.7,67.2,Pass,D
STU-2026-14719,Public,Suburban,Female,High School,Yes,No,No,26.3,71.9,3.12,5.3,9.8,69.0,Pass,D
STU-2026-14720,Public,Rural,Female,Bachelors,Yes,No,Yes,27.3,62.9,3.46,8.8,5.3,76.6,Pass,C
STU-2026-14721,Public,Urban,Female,Some College,Yes,Yes,No,11.6,62.7,3.74,6.5,13.5,64.1,Pass,D
STU-2026-14722,Public,Suburban,Male,High School,Yes,Yes,No,15.7,85.1,2.59,7.8,14.5,56.5,Fail,F
STU-2026-14723,Public,Suburban,Male,Some College,Yes,No,Yes,20.5,60.8,2.27,8.5,13.0,58.4,Fail,F
STU-2026-14724,Private,Urban,Male,Doctorate,Yes,No,No,15.8,85.9,3.05,7.5,2.5,66.8,Pass,D
STU-2026-14725,Public,Urban,Male,Some College,Yes,Yes,No,7.6,62.3,3.43,7.8,6.1,58.7,Fail,F
STU-2026-14726,Private,Urban,Female,Bachelors,Yes,No,Yes,18.8,88.9,3.5,8.0,5.3,74.3,Pass,C
STU-2026-14727,Charter,Urban,Male,High School,Yes,Yes,No,28.0,64.5,2.6,9.4,14.2,59.3,Fail,F
STU-2026-14728,Private,Urban,Male,Doctorate,Yes,No,No,4.1,84.9,3.87,5.1,1.3,66.7,Pass,D
STU-2026-14729,Public,Rural,Male,Some College,Yes,Yes,No,3.2,81.8,3.52,7.5,14.3,53.8,Fail,F
STU-2026-14730,Public,Suburban,Female,High School,Yes,Yes,No,22.3,99.7,3.85,7.8,13.1,76.1,Pass,C
STU-2026-14731,Charter,Suburban,Female,High School,Yes,Yes,No,6.5,90.8,2.35,8.4,9.0,44.2,Fail,F
STU-2026-14732,Public,Urban,Female,High School,No,No,Yes,8.5,67.7,3.77,5.8,14.5,60.0,Pass,D
STU-2026-14733,Public,Urban,Female,Masters,Yes,Yes,No,31.0,96.4,1.97,7.0,8.3,67.9,Pass,D
STU-2026-14734,Private,Suburban,Male,Some College,Yes,Yes,No,20.7,75.0,2.68,7.4,10.6,61.6,Pass,D
STU-2026-14735,Private,Suburban,Male,Some College,Yes,No,No,10.9,76.6,2.55,6.3,7.6,50.2,Fail,F
STU-2026-14736,Private,Urban,Male,Some College,Yes,Yes,Yes,32.4,96.8,2.58,6.1,7.0,69.9,Pass,D
STU-2026-14737,Public,Suburban,Female,Some College,No,Yes,Yes,12.1,76.9,2.77,6.8,6.3,63.2,Pass,D
STU-2026-14738,Public,Suburban,Male,Bachelors,Yes,Yes,No,12.1,85.6,2.51,6.9,13.4,54.9,Fail,F
STU-2026-14739,Public,Urban,Male,Some College,Yes,Yes,Yes,22.4,65.9,2.63,9.3,7.1,58.9,Fail,F
STU-2026-14740,Private,Urban,Female,High School,Yes,No,No,13.6,82.2,2.37,7.3,3.5,46.8,Fail,F
STU-2026-14741,Public,Urban,Female,Some College,Yes,Yes,Yes,9.9,61.1,3.4,8.7,1.1,54.8,Fail,F
STU-2026-14742,Public,Rural,Female,Bachelors,Yes,No,No,12.5,71.6,3.53,8.8,14.2,61.8,Pass,D
STU-2026-14743,Public,Urban,Female,Some College,Yes,Yes,No,16.9,84.1,2.57,4.8,11.4,58.7,Fail,F
STU-2026-14744,Public,Urban,Female,Bachelors,Yes,Yes,No,35.0,87.1,1.53,5.9,13.3,61.5,Pass,D
STU-2026-14745,Private,Suburban,Female,High School,Yes,Yes,Yes,16.1,80.5,1.72,7.0,4.6,54.5,Fail,F
STU-2026-14746,Private,Suburban,Female,Masters,Yes,No,Yes,25.0,89.7,3.6,5.5,10.8,80.1,Pass,B
STU-2026-14747,Charter,Suburban,Male,Bachelors,Yes,No,Yes,6.2,60.8,3.03,8.1,4.4,55.2,Fail,F
STU-2026-14748,Public,Suburban,Female,Bachelors,Yes,No,No,21.9,77.1,2.31,5.1,10.0,56.4,Fail,F
STU-2026-14749,Public,Suburban,Female,High School,Yes,No,No,19.3,98.9,2.79,9.1,8.8,62.7,Pass,D
STU-2026-14750,Public,Urban,Female,Some College,Yes,No,Yes,6.3,85.2,3.77,6.0,3.2,71.1,Pass,C
STU-2026-14751,Charter,Rural,Female,Bachelors,Yes,No,Yes,34.2,70.8,3.69,5.6,14.8,80.0,Pass,B
STU-2026-14752,Public,Suburban,Female,Some College,Yes,Yes,No,5.9,82.7,2.16,6.3,5.5,54.4,Fail,F
STU-2026-14753,Private,Suburban,Male,Masters,Yes,No,Yes,23.6,85.5,1.65,6.2,8.1,61.6,Pass,D
STU-2026-14754,Public,Urban,Male,Masters,Yes,No,No,20.4,93.9,3.2,8.1,3.2,67.8,Pass,D
STU-2026-14755,Private,Suburban,Male,Masters,Yes,Yes,No,8.9,95.9,3.19,5.1,12.8,64.7,Pass,D
STU-2026-14756,Private,Urban,Female,Bachelors,Yes,Yes,Yes,10.9,65.7,3.92,6.5,13.1,67.9,Pass,D
STU-2026-14757,Public,Urban,Female,High School,Yes,Yes,No,14.7,94.6,3.91,9.2,11.9,63.3,Pass,D
STU-2026-14758,Public,Suburban,Male,Masters,Yes,Yes,No,30.6,62.0,1.93,5.0,13.3,66.1,Pass,D
STU-2026-14759,Public,Urban,Female,High School,Yes,No,Yes,3.8,98.0,2.88,6.7,10.7,63.1,Pass,D
STU-2026-14760,Public,Rural,Female,Bachelors,No,No,No,30.5,66.7,3.45,7.8,2.1,69.1,Pass,D
STU-2026-14761,Public,Urban,Female,High School,Yes,Yes,No,30.8,86.9,2.56,6.6,1.0,67.1,Pass,D
STU-2026-14762,Public,Urban,Female,Bachelors,Yes,No,No,28.5,60.6,2.84,7.2,13.3,60.8,Pass,D
STU-2026-14763,Public,Urban,Female,Some College,Yes,Yes,No,19.4,99.0,2.75,9.0,10.9,64.4,Pass,D
STU-2026-14764,Public,Urban,Male,Masters,Yes,No,No,8.7,65.7,1.88,9.0,10.9,38.8,Fail,F
STU-2026-14765,Charter,Urban,Female,Bachelors,Yes,No,No,14.3,63.6,1.88,5.0,4.7,54.5,Fail,F
STU-2026-14766,Public,Urban,Male,Bachelors,Yes,No,Yes,2.2,88.8,2.38,5.9,13.0,53.2,Fail,F
STU-2026-14767,Public,Suburban,Female,High School,Yes,No,Yes,25.0,82.7,2.9,7.3,5.2,72.9,Pass,C
STU-2026-14768,Public,Rural,Male,Bachelors,Yes,Yes,No,24.7,90.5,3.52,8.7,7.3,76.4,Pass,C
STU-2026-14769,Public,Urban,Male,Some College,Yes,No,Yes,11.6,63.8,1.7,5.9,1.4,41.0,Fail,F
STU-2026-14770,Private,Suburban,Female,Bachelors,Yes,Yes,No,8.9,90.3,3.44,6.0,12.7,65.3,Pass,D
STU-2026-14771,Public,Suburban,Male,Bachelors,Yes,No,Yes,2.0,90.4,2.91,4.7,11.3,61.0,Pass,D
STU-2026-14772,Private,Urban,Female,Masters,Yes,Yes,Yes,8.7,69.3,3.2,7.8,4.0,62.9,Pass,D
STU-2026-14773,Public,Suburban,Male,High School,Yes,No,No,6.6,76.6,1.97,5.7,2.9,41.0,Fail,F
STU-2026-14774,Public,Urban,Female,Bachelors,Yes,No,No,26.1,81.2,3.07,6.9,9.7,66.3,Pass,D
STU-2026-14775,Charter,Urban,Female,Some College,Yes,Yes,No,15.5,90.1,3.21,5.2,7.7,61.9,Pass,D
STU-2026-14776,Public,Rural,Male,Some College,No,Yes,No,31.8,69.6,3.11,6.4,10.4,60.3,Pass,D
STU-2026-14777,Private,Suburban,Female,Bachelors,Yes,No,No,2.1,98.5,2.8,7.8,8.5,62.5,Pass,D
STU-2026-14778,Private,Rural,Male,Masters,Yes,No,No,18.4,71.2,2.25,7.9,4.5,54.7,Fail,F
STU-2026-14779,Public,Suburban,Female,Masters,Yes,Yes,Yes,13.4,80.3,1.55,8.4,0.4,46.0,Fail,F
STU-2026-14780,Public,Urban,Female,Some College,Yes,Yes,No,6.1,74.9,1.87,6.6,10.1,42.9,Fail,F
STU-2026-14781,Private,Suburban,Male,Bachelors,No,No,No,3.6,61.3,2.32,7.7,3.0,39.9,Fail,F
STU-2026-14782,Private,Suburban,Male,Some College,Yes,No,No,2.3,62.6,2.9,6.8,5.6,54.2,Fail,F
STU-2026-14783,Private,Suburban,Male,High School,Yes,Yes,No,16.1,98.7,3.3,9.0,13.8,59.2,Fail,F
STU-2026-14784,Public,Urban,Male,High School,No,No,No,29.0,65.3,2.91,9.3,8.0,61.8,Pass,D
STU-2026-14785,Public,Urban,Male,Masters,Yes,Yes,No,20.6,75.6,2.19,8.3,12.2,59.6,Fail,F
STU-2026-14786,Private,Urban,Female,Bachelors,Yes,Yes,No,13.6,80.4,3.9,5.1,10.2,70.2,Pass,C
STU-2026-14787,Public,Suburban,Male,Bachelors,Yes,No,No,30.6,85.6,3.35,7.4,12.8,79.5,Pass,C
STU-2026-14788,Public,Rural,Female,Bachelors,Yes,Yes,No,10.6,91.1,3.9,6.2,0.6,69.6,Pass,D
STU-2026-14789,Public,Suburban,Male,High School,Yes,Yes,Yes,27.0,74.1,2.42,6.0,14.0,62.4,Pass,D
STU-2026-14790,Public,Suburban,Female,Masters,Yes,Yes,No,22.0,93.1,1.52,6.0,5.5,53.4,Fail,F
STU-2026-14791,Public,Urban,Female,High School,Yes,No,No,24.7,89.7,1.69,8.5,4.7,50.7,Fail,F
STU-2026-14792,Public,Urban,Male,Bachelors,Yes,Yes,Yes,10.4,63.4,3.15,8.6,10.5,68.8,Pass,D
STU-2026-14793,Private,Rural,Female,Some College,Yes,Yes,No,24.2,65.2,3.5,4.8,7.0,66.9,Pass,D
STU-2026-14794,Charter,Suburban,Male,Some College,Yes,No,Yes,12.6,75.3,2.03,7.9,2.2,51.9,Fail,F
STU-2026-14795,Private,Urban,Male,Doctorate,Yes,No,No,22.7,62.7,3.95,9.2,5.5,68.4,Pass,D
STU-2026-14796,Public,Urban,Female,Bachelors,Yes,Yes,No,6.1,91.8,1.72,6.8,1.7,43.5,Fail,F
STU-2026-14797,Charter,Suburban,Female,Some College,Yes,Yes,Yes,17.7,84.2,2.01,7.8,0.5,57.7,Fail,F
STU-2026-14798,Public,Urban,Male,Some College,Yes,Yes,No,31.2,65.8,2.57,5.7,0.4,63.2,Pass,D
STU-2026-14799,Public,Suburban,Male,High School,Yes,Yes,No,34.0,63.4,2.89,5.3,8.9,63.1,Pass,D
STU-2026-14800,Charter,Suburban,Male,High School,Yes,Yes,No,25.6,94.2,1.97,8.1,0.1,55.1,Fail,F
STU-2026-14801,Public,Urban,Female,High School,Yes,Yes,No,22.9,83.7,3.07,7.2,6.6,58.3,Fail,F
STU-2026-14802,Public,Rural,Female,Bachelors,Yes,No,No,16.7,66.0,3.03,6.4,8.7,59.2,Fail,F
STU-2026-14803,Public,Urban,Female,Bachelors,Yes,Yes,No,27.8,71.1,2.49,7.7,3.5,61.3,Pass,D
STU-2026-14804,Private,Suburban,Male,High School,Yes,Yes,No,17.0,96.2,1.61,8.1,0.1,46.0,Fail,F
STU-2026-14805,Charter,Urban,Male,High School,Yes,No,Yes,2.6,99.7,2.24,9.2,4.9,56.7,Fail,F
STU-2026-14806,Public,Suburban,Male,Bachelors,Yes,No,No,11.1,94.8,2.6,7.5,2.7,53.6,Fail,F
STU-2026-14807,Public,Urban,Female,High School,Yes,Yes,No,23.6,76.4,2.41,9.3,4.6,54.3,Fail,F
STU-2026-14808,Charter,Urban,Male,Some College,Yes,Yes,No,11.5,83.0,2.22,7.9,11.7,53.0,Fail,F
STU-2026-14809,Public,Rural,Male,Bachelors,Yes,Yes,No,9.0,94.3,1.83,5.5,12.8,58.7,Fail,F
STU-2026-14810,Public,Urban,Female,Masters,Yes,Yes,No,21.3,87.9,3.05,7.3,5.0,71.7,Pass,C
STU-2026-14811,Private,Urban,Male,High School,Yes,No,Yes,15.4,88.5,2.26,4.8,2.8,52.0,Fail,F
STU-2026-14812,Public,Suburban,Male,Some College,Yes,No,Yes,32.4,66.8,3.44,9.1,14.9,76.1,Pass,C
STU-2026-14813,Charter,Suburban,Male,Masters,Yes,No,No,23.9,81.8,2.1,5.9,6.4,58.7,Fail,F
STU-2026-14814,Private,Urban,Male,Bachelors,Yes,Yes,Yes,23.1,61.7,3.79,5.2,3.5,73.0,Pass,C
STU-2026-14815,Private,Urban,Male,Bachelors,Yes,Yes,No,9.8,83.8,3.94,7.6,13.6,73.2,Pass,C
STU-2026-14816,Public,Urban,Male,Some College,Yes,No,No,16.1,69.6,2.62,8.9,6.2,56.5,Fail,F
STU-2026-14817,Public,Urban,Male,Masters,Yes,Yes,No,28.4,95.8,3.96,7.6,6.9,90.1,Pass,A
STU-2026-14818,Public,Urban,Female,Masters,Yes,No,No,33.8,67.7,2.18,9.4,5.7,65.0,Pass,D
STU-2026-14819,Public,Urban,Male,Bachelors,Yes,Yes,No,7.5,80.7,2.37,5.2,14.0,56.1,Fail,F
STU-2026-14820,Private,Urban,Male,Some College,Yes,No,No,2.1,81.6,3.59,9.1,1.2,49.9,Fail,F
STU-2026-14821,Charter,Rural,Male,Bachelors,Yes,Yes,Yes,15.9,61.0,3.15,5.8,14.1,72.2,Pass,C
STU-2026-14822,Public,Rural,Female,Bachelors,Yes,Yes,No,2.8,97.8,2.83,4.9,14.1,51.1,Fail,F
STU-2026-14823,Public,Urban,Male,Some College,Yes,Yes,No,9.8,68.3,2.15,8.0,4.1,50.7,Fail,F
STU-2026-14824,Public,Suburban,Female,Bachelors,Yes,Yes,No,9.0,81.8,2.91,8.3,7.1,63.9,Pass,D
STU-2026-14825,Private,Urban,Male,Some College,Yes,No,No,7.3,61.7,3.82,8.5,12.7,53.6,Fail,F
STU-2026-14826,Private,Suburban,Male,Some College,Yes,No,No,34.6,65.2,1.72,6.4,2.2,62.4,Pass,D
STU-2026-14827,Private,Urban,Male,High School,Yes,Yes,Yes,26.7,67.4,3.12,7.6,8.4,71.6,Pass,C
STU-2026-14828,Public,Suburban,Female,Masters,Yes,Yes,No,3.4,73.3,3.99,5.4,14.3,67.8,Pass,D
STU-2026-14829,Private,Urban,Female,Some College,No,Yes,No,26.7,62.0,3.32,9.2,12.0,68.7,Pass,D
STU-2026-14830,Private,Urban,Female,High School,Yes,Yes,No,21.2,88.5,3.68,7.7,11.2,68.6,Pass,D
STU-2026-14831,Private,Rural,Female,High School,Yes,Yes,Yes,10.0,64.9,3.97,7.3,5.2,73.5,Pass,C
STU-2026-14832,Public,Rural,Male,Some College,Yes,Yes,Yes,33.2,63.6,2.78,7.3,0.7,71.7,Pass,C
STU-2026-14833,Private,Suburban,Female,Masters,Yes,No,No,34.5,81.0,1.51,8.4,9.9,61.9,Pass,D
STU-2026-14834,Public,Rural,Male,Masters,No,Yes,No,16.2,92.1,3.84,9.5,0.9,72.6,Pass,C
STU-2026-14835,Private,Rural,Male,Bachelors,Yes,Yes,Yes,18.3,72.1,3.4,5.1,3.3,69.9,Pass,D
STU-2026-14836,Public,Rural,Male,Some College,Yes,No,No,31.4,86.8,2.29,8.8,3.2,69.4,Pass,D
STU-2026-14837,Public,Suburban,Female,High School,Yes,Yes,No,9.4,89.6,3.19,6.6,4.2,61.6,Pass,D
STU-2026-14838,Private,Suburban,Male,Some College,Yes,No,No,31.0,69.7,1.8,7.6,0.9,63.1,Pass,D
STU-2026-14839,Private,Suburban,Male,Some College,Yes,Yes,No,32.6,91.9,3.67,6.7,1.0,85.0,Pass,B
STU-2026-14840,Public,Urban,Female,High School,Yes,Yes,No,32.8,95.4,3.54,5.0,0.7,79.7,Pass,C
STU-2026-14841,Public,Urban,Male,Bachelors,Yes,Yes,No,26.2,85.2,2.66,8.9,12.1,74.0,Pass,C
STU-2026-14842,Private,Urban,Male,High School,Yes,No,No,22.2,98.0,2.73,7.1,8.1,62.7,Pass,D
STU-2026-14843,Public,Suburban,Female,Masters,Yes,No,No,21.5,64.4,2.05,7.3,12.9,43.9,Fail,F
STU-2026-14844,Public,Urban,Female,Some College,Yes,Yes,No,4.8,73.8,2.34,8.0,5.1,50.9,Fail,F
STU-2026-14845,Private,Urban,Male,High School,Yes,Yes,Yes,5.4,99.3,3.54,7.9,8.8,65.1,Pass,D
STU-2026-14846,Public,Suburban,Female,Some College,Yes,No,No,31.0,91.0,3.89,4.8,6.6,89.3,Pass,B
STU-2026-14847,Public,Urban,Male,High School,Yes,No,Yes,18.3,77.6,2.11,8.2,0.9,65.9,Pass,D
STU-2026-14848,Private,Suburban,Male,Bachelors,Yes,No,No,28.4,94.2,2.8,8.2,12.8,69.1,Pass,D
STU-2026-14849,Charter,Urban,Male,Some College,Yes,Yes,Yes,8.7,93.2,2.15,8.1,3.9,59.1,Fail,F
STU-2026-14850,Public,Rural,Male,Bachelors,Yes,No,No,2.1,74.6,2.33,8.5,3.0,52.5,Fail,F
STU-2026-14851,Private,Urban,Male,Masters,Yes,Yes,No,20.3,72.4,3.5,5.4,5.0,63.9,Pass,D
STU-2026-14852,Private,Urban,Female,Some College,Yes,No,No,13.2,90.4,3.76,6.7,4.0,69.5,Pass,D
STU-2026-14853,Public,Urban,Male,Masters,Yes,No,No,25.9,67.5,1.68,4.6,1.2,63.3,Pass,D
STU-2026-14854,Public,Urban,Male,Masters,Yes,No,Yes,21.6,78.1,2.74,7.1,14.4,72.1,Pass,C
STU-2026-14855,Private,Urban,Female,Masters,Yes,No,No,17.9,92.4,1.96,9.4,3.6,54.9,Fail,F
STU-2026-14856,Public,Suburban,Female,High School,Yes,Yes,No,11.9,73.3,3.21,8.2,0.2,58.9,Fail,F
STU-2026-14857,Private,Urban,Male,Masters,Yes,Yes,Yes,21.8,68.1,1.55,8.4,12.7,59.4,Fail,F
STU-2026-14858,Private,Urban,Female,Some College,Yes,Yes,No,17.2,77.5,3.31,9.1,10.5,71.2,Pass,C
STU-2026-14859,Public,Suburban,Female,Some College,Yes,No,No,11.6,74.3,3.62,7.1,4.3,66.3,Pass,D
STU-2026-14860,Private,Suburban,Female,Masters,Yes,Yes,Yes,13.4,72.6,3.94,9.1,13.0,74.4,Pass,C
STU-2026-14861,Private,Suburban,Female,High School,Yes,No,Yes,7.3,93.2,1.57,8.9,4.6,52.7,Fail,F
STU-2026-14862,Public,Suburban,Female,High School,Yes,No,No,16.5,72.8,1.73,8.0,3.1,43.8,Fail,F
STU-2026-14863,Private,Rural,Female,Bachelors,Yes,Yes,Yes,12.8,64.0,2.93,4.9,4.3,53.5,Fail,F
STU-2026-14864,Private,Urban,Female,Some College,No,Yes,No,19.8,95.9,2.89,5.3,4.9,57.7,Fail,F
STU-2026-14865,Private,Urban,Male,High School,Yes,Yes,No,14.8,76.9,1.73,6.2,2.6,45.2,Fail,F
STU-2026-14866,Private,Suburban,Female,Masters,Yes,No,No,8.4,87.2,2.13,4.8,10.5,61.5,Pass,D
STU-2026-14867,Private,Rural,Female,Bachelors,Yes,No,Yes,30.7,73.4,3.35,4.8,5.2,80.9,Pass,B
STU-2026-14868,Public,Urban,Female,Bachelors,Yes,No,Yes,27.6,68.8,2.77,9.0,14.4,75.7,Pass,C
STU-2026-14869,Public,Urban,Male,Bachelors,Yes,No,No,8.6,75.3,3.23,7.7,12.7,56.3,Fail,F
STU-2026-14870,Public,Suburban,Female,Some College,Yes,Yes,No,2.0,66.4,2.4,5.5,14.2,44.4,Fail,F
STU-2026-14871,Public,Urban,Female,High School,Yes,Yes,No,28.4,70.8,3.77,6.1,12.2,80.7,Pass,B
STU-2026-14872,Public,Rural,Female,Doctorate,No,No,No,23.1,82.0,3.83,7.7,11.3,72.0,Pass,C
STU-2026-14873,Public,Suburban,Male,Some College,Yes,No,No,22.7,98.0,2.63,7.3,1.9,62.2,Pass,D
STU-2026-14874,Public,Urban,Female,High School,Yes,No,Yes,25.3,64.0,3.51,4.6,3.9,66.3,Pass,D
STU-2026-14875,Public,Urban,Female,Bachelors,Yes,Yes,No,18.7,78.1,3.99,6.4,5.5,69.2,Pass,D
STU-2026-14876,Public,Suburban,Female,Bachelors,Yes,Yes,No,9.5,81.1,3.47,5.3,8.6,66.3,Pass,D
STU-2026-14877,Public,Suburban,Male,Bachelors,Yes,Yes,No,2.7,67.3,3.92,5.7,11.4,56.6,Fail,F
STU-2026-14878,Public,Urban,Male,Bachelors,No,Yes,No,9.9,63.5,1.58,6.4,11.0,37.9,Fail,F
STU-2026-14879,Public,Urban,Male,Bachelors,Yes,No,No,17.3,72.8,3.02,9.3,3.3,65.1,Pass,D
STU-2026-14880,Private,Urban,Female,Doctorate,Yes,Yes,No,16.0,97.1,3.97,8.7,4.8,74.9,Pass,C
STU-2026-14881,Private,Urban,Female,Bachelors,Yes,Yes,No,17.8,73.2,1.6,7.3,14.5,50.9,Fail,F
STU-2026-14882,Private,Suburban,Male,High School,Yes,No,No,29.3,70.0,1.56,6.5,8.0,53.7,Fail,F
STU-2026-14883,Private,Suburban,Female,Some College,Yes,No,Yes,28.5,87.0,3.23,5.2,9.2,73.4,Pass,C
STU-2026-14884,Public,Urban,Female,Some College,Yes,No,Yes,6.1,61.6,2.98,7.0,4.6,52.7,Fail,F
STU-2026-14885,Public,Suburban,Male,Bachelors,Yes,No,No,20.8,82.3,2.26,4.9,8.7,59.3,Fail,F
STU-2026-14886,Public,Suburban,Female,Masters,Yes,Yes,Yes,31.3,98.6,1.96,6.1,6.8,71.6,Pass,C
STU-2026-14887,Public,Urban,Female,Doctorate,Yes,Yes,No,33.2,92.2,3.88,9.4,1.3,91.7,Pass,A
STU-2026-14888,Public,Suburban,Female,Bachelors,Yes,No,Yes,3.2,95.8,2.96,4.7,7.3,62.8,Pass,D
STU-2026-14889,Private,Urban,Male,Bachelors,Yes,Yes,Yes,17.0,82.3,3.04,7.2,9.9,70.0,Pass,C
STU-2026-14890,Public,Rural,Male,Masters,Yes,Yes,Yes,14.2,81.7,1.82,8.4,12.4,56.0,Fail,F
STU-2026-14891,Public,Urban,Male,Some College,No,Yes,No,19.8,81.2,1.96,8.9,12.8,50.9,Fail,F
STU-2026-14892,Private,Urban,Female,Doctorate,Yes,Yes,No,15.5,74.9,3.42,7.7,6.5,71.7,Pass,C
STU-2026-14893,Charter,Urban,Male,Doctorate,Yes,Yes,Yes,23.7,91.4,3.29,5.0,0.1,80.9,Pass,B
STU-2026-14894,Public,Urban,Female,Masters,Yes,No,Yes,30.9,83.5,2.89,8.1,12.3,81.6,Pass,B
STU-2026-14895,Public,Urban,Female,Some College,Yes,No,No,22.3,93.6,3.52,8.9,9.7,60.9,Pass,D
STU-2026-14896,Public,Urban,Male,High School,Yes,Yes,No,15.0,87.4,3.16,8.1,2.0,66.4,Pass,D
STU-2026-14897,Private,Urban,Female,Some College,Yes,No,No,33.8,74.4,2.8,8.8,8.6,65.4,Pass,D
STU-2026-14898,Private,Suburban,Male,Bachelors,Yes,No,No,5.3,62.1,3.23,7.6,0.7,65.8,Pass,D
STU-2026-14899,Public,Urban,Female,High School,Yes,Yes,Yes,15.5,64.4,2.27,4.5,8.5,54.5,Fail,F
STU-2026-14900,Public,Rural,Male,Bachelors,No,Yes,No,16.1,94.3,2.02,6.1,3.7,50.1,Fail,F
STU-2026-14901,Private,Rural,Male,Masters,Yes,Yes,Yes,14.5,68.1,2.24,9.4,1.3,55.2,Fail,F
STU-2026-14902,Public,Urban,Female,High School,No,Yes,No,21.0,99.3,2.27,7.7,4.5,56.9,Fail,F
STU-2026-14903,Public,Urban,Female,Bachelors,Yes,Yes,No,3.6,80.9,1.59,8.6,0.3,46.5,Fail,F
STU-2026-14904,Charter,Suburban,Male,Masters,No,Yes,No,3.1,65.5,2.94,8.7,15.0,48.4,Fail,F
STU-2026-14905,Public,Rural,Female,Masters,Yes,No,No,15.6,84.6,2.16,7.6,13.0,61.0,Pass,D
STU-2026-14906,Public,Rural,Female,Masters,Yes,No,Yes,12.4,78.4,1.58,7.2,11.5,53.4,Fail,F
STU-2026-14907,Public,Urban,Male,Bachelors,Yes,Yes,No,9.0,61.0,3.57,5.1,14.2,60.2,Pass,D
STU-2026-14908,Charter,Urban,Female,Some College,Yes,Yes,No,32.9,64.0,2.95,8.1,1.8,66.6,Pass,D
STU-2026-14909,Public,Urban,Male,High School,Yes,Yes,No,15.5,85.4,2.78,7.1,5.7,55.7,Fail,F
STU-2026-14910,Public,Urban,Male,Bachelors,Yes,No,Yes,27.9,72.7,1.75,7.8,13.8,67.2,Pass,D
STU-2026-14911,Public,Urban,Male,Some College,Yes,No,No,27.1,72.4,3.63,5.1,4.7,68.4,Pass,D
STU-2026-14912,Public,Urban,Male,Some College,Yes,No,Yes,31.1,63.6,3.65,5.1,7.4,79.3,Pass,C
STU-2026-14913,Public,Suburban,Female,Some College,Yes,No,No,29.9,88.1,2.19,5.8,13.6,65.8,Pass,D
STU-2026-14914,Public,Urban,Female,High School,Yes,Yes,No,13.4,62.2,3.5,9.0,6.9,54.0,Fail,F
STU-2026-14915,Public,Suburban,Male,Bachelors,Yes,Yes,No,8.4,78.8,1.76,8.4,6.1,47.5,Fail,F
STU-2026-14916,Private,Urban,Male,High School,Yes,Yes,No,32.3,84.0,3.2,6.5,7.4,71.6,Pass,C
STU-2026-14917,Charter,Suburban,Female,Bachelors,Yes,Yes,No,19.7,85.3,1.76,5.3,12.0,53.2,Fail,F
STU-2026-14918,Public,Urban,Female,Some College,Yes,Yes,No,9.2,99.5,2.92,5.4,11.5,70.7,Pass,C
STU-2026-14919,Public,Urban,Female,High School,Yes,Yes,No,10.8,71.8,2.8,6.3,12.9,48.6,Fail,F
STU-2026-14920,Public,Urban,Male,Masters,Yes,Yes,Yes,33.8,73.8,2.05,5.3,3.8,72.6,Pass,C
STU-2026-14921,Private,Suburban,Male,Some College,Yes,Yes,No,21.4,92.4,1.57,8.4,12.7,54.2,Fail,F
STU-2026-14922,Public,Rural,Male,Masters,Yes,Yes,Yes,15.7,75.9,2.56,4.9,9.1,70.1,Pass,C
STU-2026-14923,Private,Suburban,Female,Some College,Yes,No,No,15.1,60.8,3.97,5.0,14.0,60.4,Pass,D
STU-2026-14924,Charter,Urban,Male,Some College,Yes,Yes,No,27.2,87.5,3.64,9.0,0.3,75.6,Pass,C
STU-2026-14925,Public,Rural,Female,Masters,Yes,Yes,Yes,31.5,78.4,2.6,6.1,7.0,78.3,Pass,C
STU-2026-14926,Public,Urban,Male,Some College,Yes,Yes,No,17.6,97.1,3.89,6.9,4.7,73.6,Pass,C
STU-2026-14927,Charter,Urban,Male,Some College,Yes,No,No,22.7,61.2,1.73,8.6,4.3,49.9,Fail,F
STU-2026-14928,Private,Urban,Male,Bachelors,Yes,No,No,3.9,73.0,3.43,8.7,9.9,57.1,Fail,F
STU-2026-14929,Private,Urban,Male,Some College,Yes,Yes,No,13.4,86.3,3.42,8.5,7.5,62.7,Pass,D
STU-2026-14930,Private,Urban,Female,High School,Yes,Yes,No,4.7,63.5,3.47,9.3,4.6,50.3,Fail,F
STU-2026-14931,Private,Urban,Male,Bachelors,Yes,Yes,Yes,3.7,72.7,3.75,7.4,12.3,67.1,Pass,D
STU-2026-14932,Charter,Suburban,Female,High School,Yes,No,Yes,20.5,76.2,2.12,7.4,10.3,50.5,Fail,F
STU-2026-14933,Private,Suburban,Male,Some College,No,Yes,Yes,11.3,81.9,1.64,4.6,6.6,51.5,Fail,F
STU-2026-14934,Public,Urban,Female,Bachelors,Yes,Yes,No,3.4,67.1,3.03,7.6,6.4,51.9,Fail,F
STU-2026-14935,Public,Urban,Female,Some College,Yes,Yes,Yes,13.3,92.6,1.73,4.7,7.5,55.2,Fail,F
STU-2026-14936,Public,Urban,Male,Some College,Yes,Yes,No,19.6,100.0,3.71,5.3,0.9,70.4,Pass,C
STU-2026-14937,Public,Urban,Male,Some College,Yes,Yes,Yes,3.3,80.6,3.92,4.9,4.3,72.9,Pass,C
STU-2026-14938,Charter,Suburban,Male,Some College,Yes,No,No,24.2,83.1,3.92,9.3,8.1,74.2,Pass,C
STU-2026-14939,Public,Rural,Male,Some College,Yes,Yes,No,3.2,79.3,3.86,7.7,11.2,61.2,Pass,D
STU-2026-14940,Private,Urban,Female,Bachelors,Yes,Yes,No,8.7,70.8,3.82,5.7,8.5,67.1,Pass,D
STU-2026-14941,Public,Suburban,Female,Masters,Yes,No,No,26.7,60.8,2.54,8.2,13.4,62.5,Pass,D
STU-2026-14942,Public,Urban,Male,Some College,Yes,No,No,7.5,65.3,2.44,8.1,14.8,52.6,Fail,F
STU-2026-14943,Public,Suburban,Female,Masters,Yes,Yes,Yes,21.9,82.5,2.71,8.9,10.7,74.8,Pass,C
STU-2026-14944,Private,Suburban,Female,Bachelors,Yes,No,Yes,30.7,88.2,3.23,8.0,12.4,78.7,Pass,C
STU-2026-14945,Public,Suburban,Female,Some College,Yes,Yes,No,7.5,74.7,3.72,9.0,4.0,69.8,Pass,D
STU-2026-14946,Public,Urban,Male,Some College,Yes,No,No,13.7,75.3,3.49,6.5,13.3,67.5,Pass,D
STU-2026-14947,Public,Rural,Female,Bachelors,Yes,No,No,2.2,80.2,1.51,8.0,6.6,42.3,Fail,F
STU-2026-14948,Public,Urban,Female,Masters,Yes,Yes,Yes,4.1,75.7,3.1,7.0,14.8,58.4,Fail,F
STU-2026-14949,Public,Urban,Female,Bachelors,Yes,No,Yes,28.0,78.1,3.8,7.0,7.5,87.7,Pass,B
STU-2026-14950,Public,Suburban,Male,Bachelors,Yes,Yes,Yes,22.8,95.9,1.72,8.9,9.0,55.9,Fail,F
STU-2026-14951,Public,Suburban,Female,Bachelors,No,Yes,Yes,15.7,74.6,3.81,5.4,13.9,73.7,Pass,C
STU-2026-14952,Public,Urban,Male,Bachelors,No,Yes,No,9.4,97.5,1.7,7.2,10.3,36.8,Fail,F
STU-2026-14953,Public,Urban,Female,Masters,Yes,Yes,No,28.7,95.5,3.88,7.9,13.6,84.6,Pass,B
STU-2026-14954,Public,Suburban,Female,Some College,Yes,No,No,16.4,98.9,2.99,7.7,7.7,63.9,Pass,D
STU-2026-14955,Public,Urban,Female,Bachelors,Yes,Yes,No,24.4,92.2,3.26,9.1,8.9,72.9,Pass,C
STU-2026-14956,Public,Urban,Male,Masters,Yes,Yes,No,9.8,86.1,3.84,5.6,4.1,67.8,Pass,D
STU-2026-14957,Private,Suburban,Male,Bachelors,Yes,Yes,Yes,32.5,78.8,2.44,6.3,7.2,76.5,Pass,C
STU-2026-14958,Public,Urban,Female,Bachelors,Yes,No,No,16.3,81.6,1.6,4.6,13.3,57.2,Fail,F
STU-2026-14959,Public,Urban,Female,Bachelors,No,Yes,No,2.4,76.3,3.79,5.9,12.1,57.7,Fail,F
STU-2026-14960,Private,Urban,Male,High School,Yes,Yes,No,32.9,100.0,2.41,7.2,10.8,62.4,Pass,D
STU-2026-14961,Public,Urban,Female,Masters,Yes,No,No,13.6,80.1,2.99,5.3,12.9,69.2,Pass,D
STU-2026-14962,Charter,Rural,Female,Some College,Yes,Yes,No,31.7,65.3,2.87,7.8,9.5,61.6,Pass,D
STU-2026-14963,Private,Urban,Female,Bachelors,Yes,Yes,Yes,4.9,82.9,3.3,7.4,13.7,59.2,Fail,F
STU-2026-14964,Public,Rural,Female,Bachelors,Yes,Yes,No,7.7,82.3,1.69,6.5,5.4,46.6,Fail,F
STU-2026-14965,Private,Urban,Female,Some College,Yes,Yes,Yes,33.8,95.7,2.87,8.1,4.1,76.9,Pass,C
STU-2026-14966,Public,Rural,Female,Bachelors,Yes,Yes,No,7.3,79.6,1.69,6.1,14.4,50.2,Fail,F
STU-2026-14967,Public,Suburban,Male,Some College,Yes,No,No,30.2,62.9,2.77,8.4,3.6,56.4,Fail,F
STU-2026-14968,Charter,Urban,Male,Bachelors,Yes,Yes,Yes,25.3,79.3,2.43,8.4,4.5,65.8,Pass,D
STU-2026-14969,Private,Urban,Female,Masters,Yes,Yes,Yes,18.0,69.9,1.97,6.3,13.0,65.5,Pass,D
STU-2026-14970,Public,Suburban,Female,Bachelors,Yes,Yes,Yes,34.0,65.1,2.57,8.2,7.6,69.2,Pass,D
STU-2026-14971,Private,Rural,Female,Some College,Yes,No,No,21.4,98.1,2.2,8.6,8.0,50.8,Fail,F
STU-2026-14972,Private,Rural,Female,Bachelors,No,Yes,No,26.8,82.6,3.27,4.5,12.0,69.3,Pass,D
STU-2026-14973,Public,Urban,Male,High School,Yes,No,No,27.4,74.2,1.59,7.0,14.2,54.4,Fail,F
STU-2026-14974,Public,Suburban,Female,Masters,Yes,No,No,21.7,79.1,3.98,9.3,13.6,73.7,Pass,C
STU-2026-14975,Public,Rural,Female,Bachelors,Yes,Yes,Yes,5.6,85.3,3.42,8.2,0.6,73.3,Pass,C
STU-2026-14976,Public,Suburban,Male,Bachelors,Yes,Yes,Yes,33.4,71.6,1.74,5.5,7.2,65.3,Pass,D
STU-2026-14977,Public,Suburban,Female,Masters,Yes,Yes,No,17.8,80.1,3.03,4.9,2.5,70.3,Pass,C
STU-2026-14978,Public,Urban,Male,Bachelors,Yes,No,Yes,9.0,87.8,2.45,5.9,11.6,59.5,Fail,F
STU-2026-14979,Public,Urban,Female,Bachelors,No,Yes,Yes,3.8,95.0,1.55,5.8,5.5,46.1,Fail,F
STU-2026-14980,Private,Urban,Male,Doctorate,Yes,No,No,13.5,81.9,2.42,6.8,12.4,62.8,Pass,D
STU-2026-14981,Public,Rural,Male,Doctorate,No,Yes,No,4.0,63.0,2.35,7.6,5.0,47.8,Fail,F
STU-2026-14982,Public,Suburban,Male,High School,Yes,No,Yes,19.1,70.6,1.99,7.3,1.2,52.0,Fail,F
STU-2026-14983,Public,Suburban,Male,Masters,Yes,Yes,Yes,31.7,90.7,3.53,7.7,6.1,82.9,Pass,B
STU-2026-14984,Private,Urban,Female,High School,Yes,No,Yes,10.1,78.7,3.17,5.9,12.0,71.4,Pass,C
STU-2026-14985,Public,Urban,Male,Bachelors,Yes,Yes,Yes,4.4,79.2,1.67,5.4,3.8,56.9,Fail,F
STU-2026-14986,Public,Suburban,Male,Bachelors,Yes,Yes,No,21.0,81.9,1.91,5.4,4.4,55.0,Fail,F
STU-2026-14987,Public,Urban,Female,Some College,Yes,No,No,17.4,96.3,1.72,8.0,14.3,59.1,Fail,F
STU-2026-14988,Private,Suburban,Female,Some College,Yes,Yes,No,5.1,62.3,2.0,7.7,5.2,43.3,Fail,F
STU-2026-14989,Public,Suburban,Male,High School,Yes,No,Yes,30.9,67.6,3.05,5.8,11.3,71.9,Pass,C
STU-2026-14990,Public,Rural,Male,Bachelors,Yes,No,Yes,30.4,85.5,3.59,6.5,6.6,86.6,Pass,B
STU-2026-14991,Public,Rural,Female,Masters,Yes,No,Yes,21.9,95.4,3.68,5.8,6.7,73.5,Pass,C
STU-2026-14992,Public,Suburban,Male,Some College,Yes,No,Yes,21.9,71.4,3.93,4.9,1.3,84.4,Pass,B
STU-2026-14993,Public,Suburban,Male,Bachelors,Yes,No,Yes,9.9,72.6,1.57,7.6,6.9,51.5,Fail,F
STU-2026-14994,Public,Urban,Male,Bachelors,Yes,Yes,No,2.7,63.5,2.62,7.5,8.8,41.3,Fail,F
STU-2026-14995,Public,Suburban,Male,High School,Yes,No,Yes,11.0,86.2,1.93,4.5,10.5,55.3,Fail,F
STU-2026-14996,Public,Suburban,Female,High School,No,No,No,16.3,85.1,3.53,7.6,14.2,62.7,Pass,D
STU-2026-14997,Public,Urban,Male,Masters,No,Yes,Yes,15.5,61.5,2.55,4.7,1.0,57.4,Fail,F
STU-2026-14998,Private,Suburban,Female,High School,Yes,No,Yes,6.4,70.7,2.56,9.2,2.7,48.9,Fail,F
STU-2026-14999,Public,Rural,Male,Some College,Yes,No,No,18.8,77.9,3.23,7.1,11.3,57.8,Fail,F
STU-2026-15000,Charter,Suburban,Male,High School,Yes,No,No,19.2,67.2,1.98,9.4,6.4,46.1,Fail,F
